JetBrains Amper version 0.9.2 (80094bb, 2025-12-11)
running on Linux 6.8.0-1044-azure jvm arch amd64

00:05.253 DEBUG :server:resolveDependenciesJvm ResolveExternalDependenciesTask resolve dependencies server -- main -- io.ktor:ktor-bom:3.2.3 io.ktor:ktor-server-core:3.2.3 io.ktor:ktor-server-netty:3.2.3 io.ktor:ktor-server-pebble:3.2.3 io.ktor:ktor-server-status-pages:3.2.3 org.jetbrains.exposed:exposed-core:1.0.0-rc-4 org.jetbrains.exposed:exposed-dao:1.0.0-rc-4 org.jetbrains.exposed:exposed-jdbc:1.0.0-rc-4 org.jetbrains.kotlin:kotlin-stdlib:2.2.21 -- resolvePlatform=jvm nativeTarget=null wasmTarget=null
00:05.252 DEBUG :database:resolveDependenciesJvm ResolveExternalDependenciesTask resolve dependencies database -- common jvm -- de.mkammerer:argon2-jvm:2.11 org.jetbrains.exposed:exposed-core:1.0.0-rc-4 org.jetbrains.exposed:exposed-dao:1.0.0-rc-4 org.jetbrains.exposed:exposed-jdbc:1.0.0-rc-4 org.jetbrains.kotlin:kotlin-stdlib:2.2.21 -- resolvePlatform=jvm nativeTarget=null wasmTarget=null
00:05.322 DEBUG :database:resolveDependenciesJvm StateKt                   [inc] state file is missing or empty at '/workspaces/2850-Physical-Fitness-Webapp/build/incremental.state/_database_resolveDependenciesJvm-ad77429442' -> cache miss
00:05.329 DEBUG :server:resolveDependenciesJvm StateKt                   [inc] state file is missing or empty at '/workspaces/2850-Physical-Fitness-Webapp/build/incremental.state/_server_resolveDependenciesJvm-a6b66df74c' -> cache miss
00:05.340 DEBUG :server:resolveDependenciesJvm IncrementalCache          [inc] building ':server:resolveDependenciesJvm'
00:05.354 DEBUG :database:resolveDependenciesJvm IncrementalCache          [inc] building ':database:resolveDependenciesJvm'
00:05.419 DEBUG :server:resolveDependenciesJvm StateKt                   [inc] state file is missing or empty at '/workspaces/2850-Physical-Fitness-Webapp/build/incremental.state/Module_dependencies_graph__workspaces_2850-Physica-566267db20' -> cache miss
00:05.419 DEBUG :server:resolveDependenciesJvm IncrementalCache          [inc] building 'Module dependencies graph,/workspaces/2850-Physical-Fitness-Webapp/server,JVM,false,ResolutionConfigPlain(scope=COMPILE, platforms=[JVM], repositories=[https://repo1.maven.org/maven2]),false,true,NETWORK'
00:05.421 DEBUG :database:resolveDependenciesJvm StateKt                   [inc] state file is missing or empty at '/workspaces/2850-Physical-Fitness-Webapp/build/incremental.state/Module_dependencies_graph__workspaces_2850-Physica-ddb1bcb9c9' -> cache miss
00:05.422 DEBUG :database:resolveDependenciesJvm IncrementalCache          [inc] building 'Module dependencies graph,/workspaces/2850-Physical-Fitness-Webapp/database,JVM,false,ResolutionConfigPlain(scope=COMPILE, platforms=[JVM], repositories=[https://repo1.maven.org/maven2]),false,true,NETWORK'
00:06.712 DEBUG :server:resolveDependenciesJvm DependencyFileImpl        Downloaded https://repo1.maven.org/maven2/org/jetbrains/exposed/exposed-jdbc/1.0.0-rc-4/exposed-jdbc-1.0.0-rc-4.pom.sha512 for the dependency org.jetbrains.exposed:exposed-jdbc:1.0.0-rc-4
00:06.714 DEBUG :database:resolveDependenciesJvm DependencyFileImpl        Downloaded https://repo1.maven.org/maven2/de/mkammerer/argon2-jvm/2.11/argon2-jvm-2.11.pom.sha512 for the dependency de.mkammerer:argon2-jvm:2.11
00:06.718 DEBUG :server:resolveDependenciesJvm DependencyFileImpl        Downloaded https://repo1.maven.org/maven2/io/ktor/ktor-server-core/3.2.3/ktor-server-core-3.2.3.pom.sha512 for the dependency io.ktor:ktor-server-core:3.2.3
00:06.753 DEBUG :server:resolveDependenciesJvm DependencyFileImpl        Downloaded https://repo1.maven.org/maven2/org/jetbrains/exposed/exposed-dao/1.0.0-rc-4/exposed-dao-1.0.0-rc-4.pom.sha512 for the dependency org.jetbrains.exposed:exposed-dao:1.0.0-rc-4
00:06.753 DEBUG :server:resolveDependenciesJvm DependencyFileImpl        Downloaded https://repo1.maven.org/maven2/io/ktor/ktor-server-config-yaml/3.2.3/ktor-server-config-yaml-3.2.3.pom.sha512 for the dependency io.ktor:ktor-server-config-yaml:3.2.3
00:06.760 DEBUG :database:resolveDependenciesJvm DependencyFileImpl        Downloaded https://repo1.maven.org/maven2/org/jetbrains/exposed/exposed-core/1.0.0-rc-4/exposed-core-1.0.0-rc-4.pom.sha512 for the dependency org.jetbrains.exposed:exposed-core:1.0.0-rc-4
00:06.764 DEBUG :server:resolveDependenciesJvm DependencyFileImpl        Downloaded https://repo1.maven.org/maven2/io/ktor/ktor-bom/3.2.3/ktor-bom-3.2.3.pom.sha512 for the dependency io.ktor:ktor-bom:3.2.3
00:06.774 DEBUG :server:resolveDependenciesJvm DependencyFileImpl        Downloaded https://repo1.maven.org/maven2/io/ktor/ktor-server-status-pages/3.2.3/ktor-server-status-pages-3.2.3.pom.sha512 for the dependency io.ktor:ktor-server-status-pages:3.2.3
00:06.779 DEBUG :server:resolveDependenciesJvm DependencyFileImpl        Downloaded https://repo1.maven.org/maven2/ch/qos/logback/logback-classic/1.5.22/logback-classic-1.5.22.pom.sha512 for the dependency ch.qos.logback:logback-classic:1.5.22
00:06.780 DEBUG :server:resolveDependenciesJvm DependencyFileImpl        Downloaded https://repo1.maven.org/maven2/io/ktor/ktor-server-pebble/3.2.3/ktor-server-pebble-3.2.3.pom.sha512 for the dependency io.ktor:ktor-server-pebble:3.2.3
00:06.802 DEBUG :database:resolveDependenciesJvm DependencyFileImpl        Not found URL: https://repo1.maven.org/maven2/org/jetbrains/kotlin/kotlin-stdlib/2.2.21/kotlin-stdlib-2.2.21.pom.sha512
00:06.874 DEBUG :server:resolveDependenciesJvm DependencyFileImpl        Downloaded https://repo1.maven.org/maven2/io/ktor/ktor-server-netty/3.2.3/ktor-server-netty-3.2.3.pom.sha512 for the dependency io.ktor:ktor-server-netty:3.2.3
00:06.950 DEBUG :database:resolveDependenciesJvm DependencyFileImpl        Downloaded https://repo1.maven.org/maven2/org/jetbrains/exposed/exposed-core/1.0.0-rc-4/exposed-core-1.0.0-rc-4.pom for the dependency org.jetbrains.exposed:exposed-core:1.0.0-rc-4
00:06.961 DEBUG :server:resolveDependenciesJvm DependencyFileImpl        Downloaded https://repo1.maven.org/maven2/ch/qos/logback/logback-classic/1.5.22/logback-classic-1.5.22.pom for the dependency ch.qos.logback:logback-classic:1.5.22
00:07.423 DEBUG :server:resolveDependenciesJvm DependencyFileImpl        Downloaded https://repo1.maven.org/maven2/io/ktor/ktor-bom/3.2.3/ktor-bom-3.2.3.pom for the dependency io.ktor:ktor-bom:3.2.3
00:07.442 DEBUG :server:resolveDependenciesJvm DependencyFileImpl        Downloaded https://repo1.maven.org/maven2/io/ktor/ktor-server-pebble/3.2.3/ktor-server-pebble-3.2.3.pom for the dependency io.ktor:ktor-server-pebble:3.2.3
00:07.465 DEBUG :server:resolveDependenciesJvm DependencyFileImpl        Downloaded https://repo1.maven.org/maven2/io/ktor/ktor-server-status-pages/3.2.3/ktor-server-status-pages-3.2.3.pom for the dependency io.ktor:ktor-server-status-pages:3.2.3
00:07.469 DEBUG :database:resolveDependenciesJvm DependencyFileImpl        Downloaded https://repo1.maven.org/maven2/de/mkammerer/argon2-jvm/2.11/argon2-jvm-2.11.pom for the dependency de.mkammerer:argon2-jvm:2.11
00:07.475 DEBUG :server:resolveDependenciesJvm DependencyFileImpl        Downloaded https://repo1.maven.org/maven2/org/jetbrains/exposed/exposed-dao/1.0.0-rc-4/exposed-dao-1.0.0-rc-4.pom for the dependency org.jetbrains.exposed:exposed-dao:1.0.0-rc-4
00:07.486 DEBUG :server:resolveDependenciesJvm DependencyFileImpl        Downloaded https://repo1.maven.org/maven2/io/ktor/ktor-server-config-yaml/3.2.3/ktor-server-config-yaml-3.2.3.pom for the dependency io.ktor:ktor-server-config-yaml:3.2.3
00:07.495 DEBUG :server:resolveDependenciesJvm DependencyFileImpl        Downloaded https://repo1.maven.org/maven2/io/ktor/ktor-server-core/3.2.3/ktor-server-core-3.2.3.pom for the dependency io.ktor:ktor-server-core:3.2.3
00:07.520 DEBUG :server:resolveDependenciesJvm DependencyFileImpl        Downloaded https://repo1.maven.org/maven2/org/jetbrains/exposed/exposed-jdbc/1.0.0-rc-4/exposed-jdbc-1.0.0-rc-4.pom for the dependency org.jetbrains.exposed:exposed-jdbc:1.0.0-rc-4
00:07.530 DEBUG :server:resolveDependenciesJvm DependencyFileImpl        Downloaded https://repo1.maven.org/maven2/io/ktor/ktor-server-netty/3.2.3/ktor-server-netty-3.2.3.pom for the dependency io.ktor:ktor-server-netty:3.2.3
00:07.555 DEBUG :database:resolveDependenciesJvm DependencyFileImpl        Downloaded https://repo1.maven.org/maven2/org/jetbrains/exposed/exposed-core/1.0.0-rc-4/exposed-core-1.0.0-rc-4.module.sha512 for the dependency org.jetbrains.exposed:exposed-core:1.0.0-rc-4
00:07.601 DEBUG :server:resolveDependenciesJvm DependencyFileImpl        Downloaded https://repo1.maven.org/maven2/org/jetbrains/exposed/exposed-dao/1.0.0-rc-4/exposed-dao-1.0.0-rc-4.module.sha512 for the dependency org.jetbrains.exposed:exposed-dao:1.0.0-rc-4
00:07.641 DEBUG :database:resolveDependenciesJvm DependencyFileImpl        Not found URL: https://maven.google.com/org/jetbrains/kotlin/kotlin-stdlib/2.2.21/kotlin-stdlib-2.2.21.pom.sha512
00:07.669 DEBUG :database:resolveDependenciesJvm DependencyFileImpl        Downloaded https://repo1.maven.org/maven2/org/jetbrains/exposed/exposed-core/1.0.0-rc-4/exposed-core-1.0.0-rc-4.module for the dependency org.jetbrains.exposed:exposed-core:1.0.0-rc-4
00:07.724 DEBUG :server:resolveDependenciesJvm DependencyFileImpl        Downloaded https://repo1.maven.org/maven2/org/jetbrains/exposed/exposed-dao/1.0.0-rc-4/exposed-dao-1.0.0-rc-4.module for the dependency org.jetbrains.exposed:exposed-dao:1.0.0-rc-4
00:07.727 DEBUG :server:resolveDependenciesJvm DependencyFileImpl        Downloaded https://repo1.maven.org/maven2/io/ktor/ktor-server-status-pages/3.2.3/ktor-server-status-pages-3.2.3.module.sha512 for the dependency io.ktor:ktor-server-status-pages:3.2.3
00:07.812 DEBUG :server:resolveDependenciesJvm DependencyFileImpl        Downloaded https://repo1.maven.org/maven2/io/ktor/ktor-server-pebble/3.2.3/ktor-server-pebble-3.2.3.module.sha512 for the dependency io.ktor:ktor-server-pebble:3.2.3
00:07.884 DEBUG :database:resolveDependenciesJvm DependencyFileImpl        Downloaded https://repo1.maven.org/maven2/de/mkammerer/argon2-jvm/2.11/argon2-jvm-2.11.module.sha512 for the dependency de.mkammerer:argon2-jvm:2.11
00:07.902 DEBUG :server:resolveDependenciesJvm DependencyFileImpl        Downloaded https://repo1.maven.org/maven2/org/jetbrains/exposed/exposed-jdbc/1.0.0-rc-4/exposed-jdbc-1.0.0-rc-4.module.sha512 for the dependency org.jetbrains.exposed:exposed-jdbc:1.0.0-rc-4
00:08.029 DEBUG :server:resolveDependenciesJvm DependencyFileImpl        Downloaded https://repo1.maven.org/maven2/io/ktor/ktor-server-core/3.2.3/ktor-server-core-3.2.3.module.sha512 for the dependency io.ktor:ktor-server-core:3.2.3
00:08.037 DEBUG :server:resolveDependenciesJvm DependencyFileImpl        Downloaded https://repo1.maven.org/maven2/io/ktor/ktor-bom/3.2.3/ktor-bom-3.2.3.module.sha512 for the dependency io.ktor:ktor-bom:3.2.3
00:08.114 DEBUG :server:resolveDependenciesJvm DependencyFileImpl        Downloaded https://repo1.maven.org/maven2/io/ktor/ktor-server-config-yaml/3.2.3/ktor-server-config-yaml-3.2.3.module.sha512 for the dependency io.ktor:ktor-server-config-yaml:3.2.3
00:08.139 DEBUG :server:resolveDependenciesJvm DependencyFileImpl        Downloaded https://repo1.maven.org/maven2/io/ktor/ktor-server-netty/3.2.3/ktor-server-netty-3.2.3.module.sha512 for the dependency io.ktor:ktor-server-netty:3.2.3
00:08.148 DEBUG :server:resolveDependenciesJvm DependencyFileImpl        Downloaded https://repo1.maven.org/maven2/org/jetbrains/exposed/exposed-jdbc/1.0.0-rc-4/exposed-jdbc-1.0.0-rc-4.module for the dependency org.jetbrains.exposed:exposed-jdbc:1.0.0-rc-4
00:08.168 DEBUG :server:resolveDependenciesJvm DependencyFileImpl        Downloaded https://repo1.maven.org/maven2/io/ktor/ktor-server-status-pages/3.2.3/ktor-server-status-pages-3.2.3.module for the dependency io.ktor:ktor-server-status-pages:3.2.3
00:08.193 DEBUG :database:resolveDependenciesJvm DependencyFileImpl        Downloaded https://repo1.maven.org/maven2/de/mkammerer/argon2-jvm/2.11/argon2-jvm-2.11.module for the dependency de.mkammerer:argon2-jvm:2.11
00:08.205 DEBUG :server:resolveDependenciesJvm DependencyFileImpl        Downloaded https://repo1.maven.org/maven2/io/ktor/ktor-server-pebble/3.2.3/ktor-server-pebble-3.2.3.module for the dependency io.ktor:ktor-server-pebble:3.2.3
00:08.229 DEBUG :server:resolveDependenciesJvm DependencyFileImpl        Downloaded https://repo1.maven.org/maven2/io/ktor/ktor-server-config-yaml/3.2.3/ktor-server-config-yaml-3.2.3.module for the dependency io.ktor:ktor-server-config-yaml:3.2.3
00:08.444 DEBUG :server:resolveDependenciesJvm DependencyFileImpl        Downloaded https://repo1.maven.org/maven2/io/ktor/ktor-bom/3.2.3/ktor-bom-3.2.3.module for the dependency io.ktor:ktor-bom:3.2.3
00:08.463 DEBUG :server:resolveDependenciesJvm DependencyFileImpl        Downloaded https://repo1.maven.org/maven2/io/ktor/ktor-server-core/3.2.3/ktor-server-core-3.2.3.module for the dependency io.ktor:ktor-server-core:3.2.3
00:08.471 DEBUG :server:resolveDependenciesJvm DependencyFileImpl        Not found URL: https://repo1.maven.org/maven2/com/h2database/h2/2.4.240/h2-2.4.240.pom.sha512
00:08.472 DEBUG :database:resolveDependenciesJvm DependencyFileImpl        Not found URL: https://repo1.maven.org/maven2/org/jetbrains/kotlin/kotlin-reflect/2.1.0/kotlin-reflect-2.1.0.pom.sha512
00:08.504 DEBUG :database:resolveDependenciesJvm DependencyFileImpl        Not found URL: https://repo1.maven.org/maven2/org/slf4j/slf4j-api/2.0.9/slf4j-api-2.0.9.pom.sha512
00:08.508 DEBUG :server:resolveDependenciesJvm DependencyFileImpl        Downloaded https://repo1.maven.org/maven2/io/ktor/ktor-server-netty/3.2.3/ktor-server-netty-3.2.3.module for the dependency io.ktor:ktor-server-netty:3.2.3
00:08.580 DEBUG :server:resolveDependenciesJvm DependencyFileImpl        Not found URL: https://maven.google.com/com/h2database/h2/2.4.240/h2-2.4.240.pom.sha512
00:08.598 DEBUG :database:resolveDependenciesJvm DependencyFileImpl        Not found URL: https://maven.google.com/org/jetbrains/kotlin/kotlin-reflect/2.1.0/kotlin-reflect-2.1.0.pom.sha512
00:08.599 DEBUG :server:resolveDependenciesJvm DependencyFileImpl        Downloaded https://repo1.maven.org/maven2/io/ktor/ktor-server-pebble-jvm/3.2.3/ktor-server-pebble-jvm-3.2.3.pom.sha512 for the dependency io.ktor:ktor-server-pebble-jvm:3.2.3
00:08.604 DEBUG :database:resolveDependenciesJvm DependencyFileImpl        Downloaded https://repo1.maven.org/maven2/de/mkammerer/argon2-jvm-nolibs/2.11/argon2-jvm-nolibs-2.11.pom.sha512 for the dependency de.mkammerer:argon2-jvm-nolibs:2.11
00:08.605 DEBUG :database:resolveDependenciesJvm DependencyFileImpl        Not found URL: https://maven.google.com/org/slf4j/slf4j-api/2.0.9/slf4j-api-2.0.9.pom.sha512
00:08.617 DEBUG :server:resolveDependenciesJvm DependencyFileImpl        Downloaded https://repo1.maven.org/maven2/io/ktor/ktor-server-status-pages-jvm/3.2.3/ktor-server-status-pages-jvm-3.2.3.pom.sha512 for the dependency io.ktor:ktor-server-status-pages-jvm:3.2.3
00:08.619 DEBUG :server:resolveDependenciesJvm DependencyFileImpl        Downloaded https://repo1.maven.org/maven2/ch/qos/logback/logback-parent/1.5.22/logback-parent-1.5.22.pom.sha512 for the dependency ch.qos.logback:logback-parent:1.5.22
00:08.626 DEBUG :server:resolveDependenciesJvm DependencyFileImpl        Downloaded https://repo1.maven.org/maven2/io/ktor/ktor-server-config-yaml-jvm/3.2.3/ktor-server-config-yaml-jvm-3.2.3.pom.sha512 for the dependency io.ktor:ktor-server-config-yaml-jvm:3.2.3
00:08.633 DEBUG :server:resolveDependenciesJvm DependencyFileImpl        Not found URL: https://maven.pkg.jetbrains.space/public/p/compose/dev/com/h2database/h2/2.4.240/h2-2.4.240.pom.sha512
00:08.643 DEBUG :server:resolveDependenciesJvm DependencyFileImpl        Downloaded https://repo1.maven.org/maven2/io/ktor/ktor-server-pebble-jvm/3.2.3/ktor-server-pebble-jvm-3.2.3.pom for the dependency io.ktor:ktor-server-pebble-jvm:3.2.3
00:08.647 DEBUG :database:resolveDependenciesJvm DependencyFileImpl        Not found URL: https://maven.pkg.jetbrains.space/public/p/compose/dev/org/jetbrains/kotlin/kotlin-reflect/2.1.0/kotlin-reflect-2.1.0.pom.sha512
00:08.653 DEBUG :database:resolveDependenciesJvm DependencyFileImpl        Downloaded https://repo1.maven.org/maven2/de/mkammerer/argon2-jvm-nolibs/2.11/argon2-jvm-nolibs-2.11.pom for the dependency de.mkammerer:argon2-jvm-nolibs:2.11
00:08.658 DEBUG :database:resolveDependenciesJvm DependencyFileImpl        Downloaded https://repo1.maven.org/maven2/org/jetbrains/kotlinx/kotlinx-coroutines-core/1.10.2/kotlinx-coroutines-core-1.10.2.pom.sha512 for the dependency org.jetbrains.kotlinx:kotlinx-coroutines-core:1.10.2
00:08.677 DEBUG :database:resolveDependenciesJvm DependencyFileImpl        Not found URL: https://maven.pkg.jetbrains.space/public/p/compose/dev/org/slf4j/slf4j-api/2.0.9/slf4j-api-2.0.9.pom.sha512
00:08.686 DEBUG :server:resolveDependenciesJvm DependencyFileImpl        Downloaded https://repo1.maven.org/maven2/io/ktor/ktor-server-status-pages-jvm/3.2.3/ktor-server-status-pages-jvm-3.2.3.pom for the dependency io.ktor:ktor-server-status-pages-jvm:3.2.3
00:08.713 DEBUG :server:resolveDependenciesJvm DependencyFileImpl        Downloaded https://repo1.maven.org/maven2/io/ktor/ktor-server-config-yaml-jvm/3.2.3/ktor-server-config-yaml-jvm-3.2.3.pom for the dependency io.ktor:ktor-server-config-yaml-jvm:3.2.3
00:08.719 DEBUG :server:resolveDependenciesJvm DependencyFileImpl        Downloaded https://repo1.maven.org/maven2/ch/qos/logback/logback-parent/1.5.22/logback-parent-1.5.22.pom for the dependency ch.qos.logback:logback-parent:1.5.22
00:08.883 DEBUG :server:resolveDependenciesJvm DependencyFileImpl        Downloaded https://repo1.maven.org/maven2/io/ktor/ktor-server-core-jvm/3.2.3/ktor-server-core-jvm-3.2.3.pom.sha512 for the dependency io.ktor:ktor-server-core-jvm:3.2.3
00:08.926 DEBUG :database:resolveDependenciesJvm DependencyFileImpl        Not found URL: https://repo1.maven.org/maven2/org/jetbrains/kotlin/kotlin-reflect/2.1.0/kotlin-reflect-2.1.0.pom.sha256
00:08.957 DEBUG :database:resolveDependenciesJvm DependencyFileImpl        Not found URL: https://repo1.maven.org/maven2/org/jetbrains/kotlinx/kotlinx-datetime-jvm/0.7.1-0.6.x-compat/kotlinx-datetime-jvm-0.7.1-0.6.x-compat.pom.sha512
00:09.001 DEBUG :database:resolveDependenciesJvm DependencyFileImpl        Not found URL: https://repo1.maven.org/maven2/org/slf4j/slf4j-api/2.0.9/slf4j-api-2.0.9.pom.sha256
00:09.045 DEBUG :server:resolveDependenciesJvm DependencyFileImpl        Not found URL: https://repo1.maven.org/maven2/com/h2database/h2/2.4.240/h2-2.4.240.pom.sha256
00:09.085 DEBUG :database:resolveDependenciesJvm DependencyFileImpl        Downloaded https://repo1.maven.org/maven2/org/jetbrains/kotlinx/kotlinx-coroutines-core/1.10.2/kotlinx-coroutines-core-1.10.2.pom for the dependency org.jetbrains.kotlinx:kotlinx-coroutines-core:1.10.2
00:09.085 DEBUG :database:resolveDependenciesJvm DependencyFileImpl        Downloaded https://repo1.maven.org/maven2/de/mkammerer/argon2-jvm-nolibs/2.11/argon2-jvm-nolibs-2.11.module.sha512 for the dependency de.mkammerer:argon2-jvm-nolibs:2.11
00:09.086 DEBUG :database:resolveDependenciesJvm DependencyFileImpl        Not found URL: https://maven.google.com/org/jetbrains/kotlin/kotlin-reflect/2.1.0/kotlin-reflect-2.1.0.pom.sha256
00:09.087 DEBUG :server:resolveDependenciesJvm DependencyFileImpl        Downloaded https://repo1.maven.org/maven2/io/ktor/ktor-server-pebble-jvm/3.2.3/ktor-server-pebble-jvm-3.2.3.module.sha512 for the dependency io.ktor:ktor-server-pebble-jvm:3.2.3
00:09.088 DEBUG :database:resolveDependenciesJvm DependencyFileImpl        Not found URL: https://maven.google.com/org/jetbrains/kotlinx/kotlinx-datetime-jvm/0.7.1-0.6.x-compat/kotlinx-datetime-jvm-0.7.1-0.6.x-compat.pom.sha512
00:09.097 DEBUG :server:resolveDependenciesJvm DependencyFileImpl        Downloaded https://repo1.maven.org/maven2/io/ktor/ktor-server-core-jvm/3.2.3/ktor-server-core-jvm-3.2.3.pom for the dependency io.ktor:ktor-server-core-jvm:3.2.3
00:09.101 DEBUG :database:resolveDependenciesJvm DependencyFileImpl        Not found URL: https://maven.google.com/org/slf4j/slf4j-api/2.0.9/slf4j-api-2.0.9.pom.sha256
00:09.131 DEBUG :server:resolveDependenciesJvm DependencyFileImpl        Not found URL: https://maven.google.com/com/h2database/h2/2.4.240/h2-2.4.240.pom.sha256
00:09.136 DEBUG :server:resolveDependenciesJvm DependencyFileImpl        Downloaded https://repo1.maven.org/maven2/io/ktor/ktor-server-pebble-jvm/3.2.3/ktor-server-pebble-jvm-3.2.3.module for the dependency io.ktor:ktor-server-pebble-jvm:3.2.3
00:09.150 DEBUG :database:resolveDependenciesJvm DependencyFileImpl        Not found URL: https://maven.pkg.jetbrains.space/public/p/compose/dev/org/jetbrains/kotlinx/kotlinx-datetime-jvm/0.7.1-0.6.x-compat/kotlinx-datetime-jvm-0.7.1-0.6.x-compat.pom.sha512
00:09.150 DEBUG :database:resolveDependenciesJvm DependencyFileImpl        Not found URL: https://maven.pkg.jetbrains.space/public/p/compose/dev/org/jetbrains/kotlin/kotlin-reflect/2.1.0/kotlin-reflect-2.1.0.pom.sha256
00:09.153 DEBUG :database:resolveDependenciesJvm DependencyFileImpl        Downloaded https://repo1.maven.org/maven2/de/mkammerer/argon2-jvm-nolibs/2.11/argon2-jvm-nolibs-2.11.module for the dependency de.mkammerer:argon2-jvm-nolibs:2.11
00:09.165 DEBUG :server:resolveDependenciesJvm DependencyFileImpl        Downloaded https://repo1.maven.org/maven2/io/ktor/ktor-server-config-yaml-jvm/3.2.3/ktor-server-config-yaml-jvm-3.2.3.module.sha512 for the dependency io.ktor:ktor-server-config-yaml-jvm:3.2.3
00:09.170 DEBUG :database:resolveDependenciesJvm DependencyFileImpl        Not found URL: https://maven.pkg.jetbrains.space/public/p/compose/dev/org/slf4j/slf4j-api/2.0.9/slf4j-api-2.0.9.pom.sha256
00:09.185 DEBUG :database:resolveDependenciesJvm DependencyFileImpl        Downloaded https://repo1.maven.org/maven2/org/jetbrains/kotlinx/kotlinx-coroutines-core/1.10.2/kotlinx-coroutines-core-1.10.2.module.sha512 for the dependency org.jetbrains.kotlinx:kotlinx-coroutines-core:1.10.2
00:09.195 DEBUG :server:resolveDependenciesJvm DependencyFileImpl        Downloaded https://repo1.maven.org/maven2/io/ktor/ktor-server-config-yaml-jvm/3.2.3/ktor-server-config-yaml-jvm-3.2.3.module for the dependency io.ktor:ktor-server-config-yaml-jvm:3.2.3
00:09.226 DEBUG :server:resolveDependenciesJvm DependencyFileImpl        Downloaded https://repo1.maven.org/maven2/ch/qos/logback/logback-core/1.5.22/logback-core-1.5.22.pom.sha512 for the dependency ch.qos.logback:logback-core:1.5.22
00:09.250 DEBUG :server:resolveDependenciesJvm DependencyFileImpl        Downloaded https://repo1.maven.org/maven2/io/ktor/ktor-server-status-pages-jvm/3.2.3/ktor-server-status-pages-jvm-3.2.3.module.sha512 for the dependency io.ktor:ktor-server-status-pages-jvm:3.2.3
00:09.316 DEBUG :database:resolveDependenciesJvm DependencyFileImpl        Downloaded https://repo1.maven.org/maven2/org/jetbrains/kotlin/kotlin-reflect/2.1.0/kotlin-reflect-2.1.0.pom.sha1 for the dependency org.jetbrains.kotlin:kotlin-reflect:2.1.0
00:09.325 DEBUG :server:resolveDependenciesJvm DependencyFileImpl        Downloaded https://repo1.maven.org/maven2/io/ktor/ktor-server-core-jvm/3.2.3/ktor-server-core-jvm-3.2.3.module.sha512 for the dependency io.ktor:ktor-server-core-jvm:3.2.3
00:09.329 DEBUG :server:resolveDependenciesJvm DependencyFileImpl        Not found URL: https://maven.pkg.jetbrains.space/public/p/compose/dev/com/h2database/h2/2.4.240/h2-2.4.240.pom.sha256
00:09.352 DEBUG :database:resolveDependenciesJvm DependencyFileImpl        Downloaded https://repo1.maven.org/maven2/org/slf4j/slf4j-api/2.0.9/slf4j-api-2.0.9.pom.sha1 for the dependency org.slf4j:slf4j-api:2.0.9
00:09.359 DEBUG :database:resolveDependenciesJvm DependencyFileImpl        Not found URL: https://repo1.maven.org/maven2/org/jetbrains/kotlinx/kotlinx-datetime-jvm/0.7.1-0.6.x-compat/kotlinx-datetime-jvm-0.7.1-0.6.x-compat.pom.sha256
00:09.369 DEBUG :server:resolveDependenciesJvm DependencyFileImpl        Downloaded https://repo1.maven.org/maven2/ch/qos/logback/logback-core/1.5.22/logback-core-1.5.22.pom for the dependency ch.qos.logback:logback-core:1.5.22
00:09.389 DEBUG :database:resolveDependenciesJvm DependencyFileImpl        Downloaded https://repo1.maven.org/maven2/org/jetbrains/kotlinx/kotlinx-coroutines-core/1.10.2/kotlinx-coroutines-core-1.10.2.module for the dependency org.jetbrains.kotlinx:kotlinx-coroutines-core:1.10.2
00:09.395 DEBUG :server:resolveDependenciesJvm DependencyFileImpl        Downloaded https://repo1.maven.org/maven2/io/ktor/ktor-server-status-pages-jvm/3.2.3/ktor-server-status-pages-jvm-3.2.3.module for the dependency io.ktor:ktor-server-status-pages-jvm:3.2.3
00:09.391 DEBUG :database:resolveDependenciesJvm DependencyFileImpl        Downloaded https://repo1.maven.org/maven2/org/jetbrains/kotlin/kotlin-reflect/2.1.0/kotlin-reflect-2.1.0.pom for the dependency org.jetbrains.kotlin:kotlin-reflect:2.1.0
00:09.399 DEBUG :server:resolveDependenciesJvm DependencyFileImpl        Downloaded https://repo1.maven.org/maven2/com/h2database/h2/2.4.240/h2-2.4.240.pom.sha1 for the dependency com.h2database:h2:2.4.240
00:09.428 DEBUG :server:resolveDependenciesJvm DependencyFileImpl        Downloaded https://repo1.maven.org/maven2/io/ktor/ktor-server-core-jvm/3.2.3/ktor-server-core-jvm-3.2.3.module for the dependency io.ktor:ktor-server-core-jvm:3.2.3
00:09.438 DEBUG :database:resolveDependenciesJvm DependencyFileImpl        Downloaded https://repo1.maven.org/maven2/org/slf4j/slf4j-api/2.0.9/slf4j-api-2.0.9.pom for the dependency org.slf4j:slf4j-api:2.0.9
00:09.444 DEBUG :server:resolveDependenciesJvm DependencyFileImpl        Not found URL: https://repo1.maven.org/maven2/net/mamoe/yamlkt/yamlkt/0.13.0/yamlkt-0.13.0.pom.sha512
00:09.446 DEBUG :server:resolveDependenciesJvm DependencyFileImpl        Not found URL: https://repo1.maven.org/maven2/io/pebbletemplates/pebble/3.2.4/pebble-3.2.4.pom.sha512
00:09.452 DEBUG :database:resolveDependenciesJvm DependencyFileImpl        Not found URL: https://maven.google.com/org/jetbrains/kotlinx/kotlinx-datetime-jvm/0.7.1-0.6.x-compat/kotlinx-datetime-jvm-0.7.1-0.6.x-compat.pom.sha256
00:09.453 DEBUG :server:resolveDependenciesJvm DependencyFileImpl        Downloaded https://repo1.maven.org/maven2/com/charleskorn/kaml/kaml/0.77.1/kaml-0.77.1.pom.sha512 for the dependency com.charleskorn.kaml:kaml:0.77.1
00:09.484 DEBUG :server:resolveDependenciesJvm DependencyFileImpl        Downloaded https://repo1.maven.org/maven2/com/h2database/h2/2.4.240/h2-2.4.240.pom for the dependency com.h2database:h2:2.4.240
00:09.546 DEBUG :database:resolveDependenciesJvm DependencyFileImpl        Not found URL: https://maven.pkg.jetbrains.space/public/p/compose/dev/org/jetbrains/kotlinx/kotlinx-datetime-jvm/0.7.1-0.6.x-compat/kotlinx-datetime-jvm-0.7.1-0.6.x-compat.pom.sha256
00:09.565 DEBUG :server:resolveDependenciesJvm DependencyFileImpl        Not found URL: https://maven.google.com/io/pebbletemplates/pebble/3.2.4/pebble-3.2.4.pom.sha512
00:09.578 DEBUG :server:resolveDependenciesJvm DependencyFileImpl        Downloaded https://repo1.maven.org/maven2/com/charleskorn/kaml/kaml/0.77.1/kaml-0.77.1.pom for the dependency com.charleskorn.kaml:kaml:0.77.1
00:09.585 DEBUG :server:resolveDependenciesJvm DependencyFileImpl        Not found URL: https://maven.google.com/net/mamoe/yamlkt/yamlkt/0.13.0/yamlkt-0.13.0.pom.sha512
00:09.593 DEBUG :database:resolveDependenciesJvm DependencyFileImpl        Downloaded https://repo1.maven.org/maven2/org/jetbrains/kotlinx/kotlinx-datetime-jvm/0.7.1-0.6.x-compat/kotlinx-datetime-jvm-0.7.1-0.6.x-compat.pom.sha1 for the dependency org.jetbrains.kotlinx:kotlinx-datetime-jvm:0.7.1-0.6.x-compat
00:09.601 DEBUG :database:resolveDependenciesJvm DependencyFileImpl        Downloaded https://repo1.maven.org/maven2/org/jetbrains/kotlinx/kotlinx-coroutines-core-jvm/1.10.2/kotlinx-coroutines-core-jvm-1.10.2.pom.sha512 for the dependency org.jetbrains.kotlinx:kotlinx-coroutines-core-jvm:1.10.2
00:09.611 DEBUG :server:resolveDependenciesJvm DependencyFileImpl        Downloaded https://repo1.maven.org/maven2/io/ktor/ktor-events/3.2.3/ktor-events-3.2.3.pom.sha512 for the dependency io.ktor:ktor-events:3.2.3
00:09.625 DEBUG :server:resolveDependenciesJvm DependencyFileImpl        Downloaded https://repo1.maven.org/maven2/io/ktor/ktor-serialization/3.2.3/ktor-serialization-3.2.3.pom.sha512 for the dependency io.ktor:ktor-serialization:3.2.3
00:09.626 DEBUG :database:resolveDependenciesJvm DependencyFileImpl        Not found URL: https://repo1.maven.org/maven2/net/java/dev/jna/jna/5.8.0/jna-5.8.0.pom.sha512
00:09.629 DEBUG :server:resolveDependenciesJvm DependencyFileImpl        Not found URL: https://maven.pkg.jetbrains.space/public/p/compose/dev/io/pebbletemplates/pebble/3.2.4/pebble-3.2.4.pom.sha512
00:09.633 DEBUG :server:resolveDependenciesJvm DependencyFileImpl        Downloaded https://repo1.maven.org/maven2/io/ktor/ktor-server-netty-jvm/3.2.3/ktor-server-netty-jvm-3.2.3.pom.sha512 for the dependency io.ktor:ktor-server-netty-jvm:3.2.3
00:09.644 DEBUG :server:resolveDependenciesJvm DependencyFileImpl        Downloaded https://repo1.maven.org/maven2/io/ktor/ktor-http/3.2.3/ktor-http-3.2.3.pom.sha512 for the dependency io.ktor:ktor-http:3.2.3
00:09.646 DEBUG :server:resolveDependenciesJvm DependencyFileImpl        Downloaded https://repo1.maven.org/maven2/io/ktor/ktor-websockets/3.2.3/ktor-websockets-3.2.3.pom.sha512 for the dependency io.ktor:ktor-websockets:3.2.3
00:09.646 DEBUG :server:resolveDependenciesJvm DependencyFileImpl        Not found URL: https://maven.pkg.jetbrains.space/public/p/compose/dev/net/mamoe/yamlkt/yamlkt/0.13.0/yamlkt-0.13.0.pom.sha512
00:09.650 DEBUG :database:resolveDependenciesJvm DependencyFileImpl        Downloaded https://repo1.maven.org/maven2/org/jetbrains/kotlinx/kotlinx-datetime-jvm/0.7.1-0.6.x-compat/kotlinx-datetime-jvm-0.7.1-0.6.x-compat.pom for the dependency org.jetbrains.kotlinx:kotlinx-datetime-jvm:0.7.1-0.6.x-compat
00:09.654 DEBUG :server:resolveDependenciesJvm DependencyFileImpl        Downloaded https://repo1.maven.org/maven2/io/ktor/ktor-utils/3.2.3/ktor-utils-3.2.3.pom.sha512 for the dependency io.ktor:ktor-utils:3.2.3
00:09.706 DEBUG :database:resolveDependenciesJvm DependencyFileImpl        Downloaded https://repo1.maven.org/maven2/org/jetbrains/kotlinx/kotlinx-coroutines-core-jvm/1.10.2/kotlinx-coroutines-core-jvm-1.10.2.pom for the dependency org.jetbrains.kotlinx:kotlinx-coroutines-core-jvm:1.10.2
00:09.839 DEBUG :server:resolveDependenciesJvm DependencyFileImpl        Not found URL: https://repo1.maven.org/maven2/org/fusesource/jansi/jansi/2.4.2/jansi-2.4.2.pom.sha512
00:09.848 DEBUG :server:resolveDependenciesJvm DependencyFileImpl        Not found URL: https://repo1.maven.org/maven2/net/mamoe/yamlkt/yamlkt/0.13.0/yamlkt-0.13.0.pom.sha256
00:09.853 DEBUG :server:resolveDependenciesJvm DependencyFileImpl        Downloaded https://repo1.maven.org/maven2/io/ktor/ktor-server-netty-jvm/3.2.3/ktor-server-netty-jvm-3.2.3.pom for the dependency io.ktor:ktor-server-netty-jvm:3.2.3
00:09.855 DEBUG :server:resolveDependenciesJvm DependencyFileImpl        Not found URL: https://repo1.maven.org/maven2/com/typesafe/config/1.4.3/config-1.4.3.pom.sha512
00:09.858 DEBUG :server:resolveDependenciesJvm DependencyFileImpl        Downloaded https://repo1.maven.org/maven2/io/ktor/ktor-serialization/3.2.3/ktor-serialization-3.2.3.pom for the dependency io.ktor:ktor-serialization:3.2.3
00:09.875 DEBUG :database:resolveDependenciesJvm DependencyFileImpl        Not found URL: https://repo1.maven.org/maven2/org/slf4j/slf4j-parent/2.0.9/slf4j-parent-2.0.9.pom.sha512
00:09.875 DEBUG :server:resolveDependenciesJvm DependencyFileImpl        Downloaded https://repo1.maven.org/maven2/io/ktor/ktor-events/3.2.3/ktor-events-3.2.3.pom for the dependency io.ktor:ktor-events:3.2.3
00:09.887 DEBUG :server:resolveDependenciesJvm DependencyFileImpl        Downloaded https://repo1.maven.org/maven2/io/ktor/ktor-http/3.2.3/ktor-http-3.2.3.pom for the dependency io.ktor:ktor-http:3.2.3
00:09.887 DEBUG :server:resolveDependenciesJvm DependencyFileImpl        Downloaded https://repo1.maven.org/maven2/io/ktor/ktor-utils/3.2.3/ktor-utils-3.2.3.pom for the dependency io.ktor:ktor-utils:3.2.3
00:09.898 DEBUG :database:resolveDependenciesJvm DependencyFileImpl        Not found URL: https://maven.google.com/net/java/dev/jna/jna/5.8.0/jna-5.8.0.pom.sha512
00:09.907 DEBUG :server:resolveDependenciesJvm DependencyFileImpl        Downloaded https://repo1.maven.org/maven2/com/charleskorn/kaml/kaml/0.77.1/kaml-0.77.1.module.sha512 for the dependency com.charleskorn.kaml:kaml:0.77.1
00:09.910 DEBUG :server:resolveDependenciesJvm DependencyFileImpl        Downloaded https://repo1.maven.org/maven2/io/ktor/ktor-websockets/3.2.3/ktor-websockets-3.2.3.pom for the dependency io.ktor:ktor-websockets:3.2.3
00:09.930 DEBUG :database:resolveDependenciesJvm DependencyFileImpl        Downloaded https://repo1.maven.org/maven2/org/jetbrains/kotlinx/kotlinx-coroutines-core-jvm/1.10.2/kotlinx-coroutines-core-jvm-1.10.2.module.sha512 for the dependency org.jetbrains.kotlinx:kotlinx-coroutines-core-jvm:1.10.2
00:09.940 DEBUG :server:resolveDependenciesJvm DependencyFileImpl        Not found URL: https://maven.google.com/org/fusesource/jansi/jansi/2.4.2/jansi-2.4.2.pom.sha512
00:09.942 DEBUG :server:resolveDependenciesJvm DependencyFileImpl        Downloaded https://repo1.maven.org/maven2/io/ktor/ktor-http-cio/3.2.3/ktor-http-cio-3.2.3.pom.sha512 for the dependency io.ktor:ktor-http-cio:3.2.3
00:09.942 DEBUG :server:resolveDependenciesJvm DependencyFileImpl        Downloaded https://repo1.maven.org/maven2/io/ktor/ktor-server-netty-jvm/3.2.3/ktor-server-netty-jvm-3.2.3.module.sha512 for the dependency io.ktor:ktor-server-netty-jvm:3.2.3
00:09.966 DEBUG :database:resolveDependenciesJvm DependencyFileImpl        Not found URL: https://maven.pkg.jetbrains.space/public/p/compose/dev/net/java/dev/jna/jna/5.8.0/jna-5.8.0.pom.sha512
00:09.966 DEBUG :server:resolveDependenciesJvm DependencyFileImpl        Downloaded https://repo1.maven.org/maven2/io/ktor/ktor-events/3.2.3/ktor-events-3.2.3.module.sha512 for the dependency io.ktor:ktor-events:3.2.3
00:09.969 DEBUG :server:resolveDependenciesJvm DependencyFileImpl        Downloaded https://repo1.maven.org/maven2/com/charleskorn/kaml/kaml/0.77.1/kaml-0.77.1.module for the dependency com.charleskorn.kaml:kaml:0.77.1
00:09.970 DEBUG :server:resolveDependenciesJvm DependencyFileImpl        Downloaded https://repo1.maven.org/maven2/io/ktor/ktor-utils/3.2.3/ktor-utils-3.2.3.module.sha512 for the dependency io.ktor:ktor-utils:3.2.3
00:09.976 DEBUG :server:resolveDependenciesJvm DependencyFileImpl        Downloaded https://repo1.maven.org/maven2/io/ktor/ktor-serialization/3.2.3/ktor-serialization-3.2.3.module.sha512 for the dependency io.ktor:ktor-serialization:3.2.3
00:09.990 DEBUG :server:resolveDependenciesJvm DependencyFileImpl        Downloaded https://repo1.maven.org/maven2/io/ktor/ktor-websockets/3.2.3/ktor-websockets-3.2.3.module.sha512 for the dependency io.ktor:ktor-websockets:3.2.3
00:09.993 DEBUG :database:resolveDependenciesJvm DependencyFileImpl        Downloaded https://repo1.maven.org/maven2/org/jetbrains/kotlinx/kotlinx-coroutines-core-jvm/1.10.2/kotlinx-coroutines-core-jvm-1.10.2.module for the dependency org.jetbrains.kotlinx:kotlinx-coroutines-core-jvm:1.10.2
00:09.998 DEBUG :server:resolveDependenciesJvm DependencyFileImpl        Downloaded https://repo1.maven.org/maven2/io/ktor/ktor-http/3.2.3/ktor-http-3.2.3.module.sha512 for the dependency io.ktor:ktor-http:3.2.3
00:09.998 DEBUG :server:resolveDependenciesJvm DependencyFileImpl        Not found URL: https://maven.google.com/com/typesafe/config/1.4.3/config-1.4.3.pom.sha512
00:10.006 DEBUG :server:resolveDependenciesJvm DependencyFileImpl        Downloaded https://repo1.maven.org/maven2/io/ktor/ktor-http-cio/3.2.3/ktor-http-cio-3.2.3.pom for the dependency io.ktor:ktor-http-cio:3.2.3
00:10.014 DEBUG :server:resolveDependenciesJvm DependencyFileImpl        Not found URL: https://maven.pkg.jetbrains.space/public/p/compose/dev/org/fusesource/jansi/jansi/2.4.2/jansi-2.4.2.pom.sha512
00:10.024 DEBUG :server:resolveDependenciesJvm DependencyFileImpl        Not found URL: https://maven.google.com/net/mamoe/yamlkt/yamlkt/0.13.0/yamlkt-0.13.0.pom.sha256
00:10.028 DEBUG :server:resolveDependenciesJvm DependencyFileImpl        Downloaded https://repo1.maven.org/maven2/io/ktor/ktor-server-netty-jvm/3.2.3/ktor-server-netty-jvm-3.2.3.module for the dependency io.ktor:ktor-server-netty-jvm:3.2.3
00:10.032 DEBUG :database:resolveDependenciesJvm DependencyFileImpl        Not found URL: https://maven.google.com/org/slf4j/slf4j-parent/2.0.9/slf4j-parent-2.0.9.pom.sha512
00:10.035 DEBUG :database:resolveDependenciesJvm DependencyFileImpl        Not found URL: https://repo1.maven.org/maven2/org/jetbrains/kotlinx/kotlinx-datetime-jvm/0.7.1-0.6.x-compat/kotlinx-datetime-jvm-0.7.1-0.6.x-compat.module.sha512
00:10.054 DEBUG :server:resolveDependenciesJvm DependencyFileImpl        Downloaded https://repo1.maven.org/maven2/io/ktor/ktor-events/3.2.3/ktor-events-3.2.3.module for the dependency io.ktor:ktor-events:3.2.3
00:10.061 DEBUG :server:resolveDependenciesJvm DependencyFileImpl        Downloaded https://repo1.maven.org/maven2/io/ktor/ktor-utils/3.2.3/ktor-utils-3.2.3.module for the dependency io.ktor:ktor-utils:3.2.3
00:10.104 DEBUG :server:resolveDependenciesJvm DependencyFileImpl        Downloaded https://repo1.maven.org/maven2/com/charleskorn/kaml/kaml-jvm/0.77.1/kaml-jvm-0.77.1.pom.sha512 for the dependency com.charleskorn.kaml:kaml-jvm:0.77.1
00:10.184 DEBUG :server:resolveDependenciesJvm DependencyFileImpl        Not found URL: https://maven.pkg.jetbrains.space/public/p/compose/dev/com/typesafe/config/1.4.3/config-1.4.3.pom.sha512
00:10.222 DEBUG :server:resolveDependenciesJvm DependencyFileImpl        Not found URL: https://repo1.maven.org/maven2/org/fusesource/jansi/jansi/2.4.2/jansi-2.4.2.pom.sha256
00:10.223 DEBUG :server:resolveDependenciesJvm DependencyFileImpl        Not found URL: https://maven.pkg.jetbrains.space/public/p/compose/dev/net/mamoe/yamlkt/yamlkt/0.13.0/yamlkt-0.13.0.pom.sha256
00:10.224 DEBUG :server:resolveDependenciesJvm DependencyFileImpl        Downloaded https://repo1.maven.org/maven2/io/ktor/ktor-http/3.2.3/ktor-http-3.2.3.module for the dependency io.ktor:ktor-http:3.2.3
00:10.235 DEBUG :server:resolveDependenciesJvm DependencyFileImpl        Downloaded https://repo1.maven.org/maven2/io/ktor/ktor-serialization/3.2.3/ktor-serialization-3.2.3.module for the dependency io.ktor:ktor-serialization:3.2.3
00:10.242 DEBUG :server:resolveDependenciesJvm DependencyFileImpl        Not found URL: https://repo1.maven.org/maven2/io/pebbletemplates/pebble/3.2.4/pebble-3.2.4.pom.sha256
00:10.240 DEBUG :server:resolveDependenciesJvm DependencyFileImpl        Downloaded https://repo1.maven.org/maven2/io/ktor/ktor-websockets/3.2.3/ktor-websockets-3.2.3.module for the dependency io.ktor:ktor-websockets:3.2.3
00:10.254 DEBUG :server:resolveDependenciesJvm DependencyFileImpl        Not found URL: https://repo1.maven.org/maven2/org/jetbrains/annotations/23.0.0/annotations-23.0.0.pom.sha512
00:10.262 DEBUG :server:resolveDependenciesJvm DependencyFileImpl        Downloaded https://repo1.maven.org/maven2/org/jetbrains/kotlinx/kotlinx-coroutines-bom/1.10.2/kotlinx-coroutines-bom-1.10.2.pom.sha512 for the dependency org.jetbrains.kotlinx:kotlinx-coroutines-bom:1.10.2
00:10.264 DEBUG :database:resolveDependenciesJvm DependencyFileImpl        Not found URL: https://repo1.maven.org/maven2/net/java/dev/jna/jna/5.8.0/jna-5.8.0.pom.sha256
00:10.270 DEBUG :server:resolveDependenciesJvm DependencyFileImpl        Downloaded https://repo1.maven.org/maven2/io/ktor/ktor-http-cio/3.2.3/ktor-http-cio-3.2.3.module.sha512 for the dependency io.ktor:ktor-http-cio:3.2.3
00:10.277 DEBUG :server:resolveDependenciesJvm DependencyFileImpl        Downloaded https://repo1.maven.org/maven2/io/netty/netty-codec-http2/4.2.2.Final/netty-codec-http2-4.2.2.Final.pom.sha512 for the dependency io.netty:netty-codec-http2:4.2.2.Final
00:10.279 DEBUG :database:resolveDependenciesJvm DependencyFileImpl        Not found URL: https://maven.pkg.jetbrains.space/public/p/compose/dev/org/slf4j/slf4j-parent/2.0.9/slf4j-parent-2.0.9.pom.sha512
00:10.282 DEBUG :server:resolveDependenciesJvm DependencyFileImpl        Downloaded https://repo1.maven.org/maven2/io/netty/netty-transport-native-kqueue/4.2.2.Final/netty-transport-native-kqueue-4.2.2.Final.pom.sha512 for the dependency io.netty:netty-transport-native-kqueue:4.2.2.Final
00:10.284 DEBUG :server:resolveDependenciesJvm DependencyFileImpl        Downloaded https://repo1.maven.org/maven2/io/netty/netty-transport-native-epoll/4.2.2.Final/netty-transport-native-epoll-4.2.2.Final.pom.sha512 for the dependency io.netty:netty-transport-native-epoll:4.2.2.Final
00:10.285 DEBUG :database:resolveDependenciesJvm DependencyFileImpl        Not found URL: https://maven.google.com/org/jetbrains/kotlinx/kotlinx-datetime-jvm/0.7.1-0.6.x-compat/kotlinx-datetime-jvm-0.7.1-0.6.x-compat.module.sha512
00:10.289 DEBUG :server:resolveDependenciesJvm DependencyFileImpl        Downloaded https://repo1.maven.org/maven2/com/charleskorn/kaml/kaml-jvm/0.77.1/kaml-jvm-0.77.1.pom for the dependency com.charleskorn.kaml:kaml-jvm:0.77.1
00:10.291 DEBUG :server:resolveDependenciesJvm DependencyFileImpl        Downloaded https://repo1.maven.org/maven2/net/mamoe/yamlkt/yamlkt/0.13.0/yamlkt-0.13.0.pom.sha1 for the dependency net.mamoe.yamlkt:yamlkt:0.13.0
00:10.299 DEBUG :server:resolveDependenciesJvm DependencyFileImpl        Downloaded https://repo1.maven.org/maven2/io/ktor/ktor-utils-jvm/3.2.3/ktor-utils-jvm-3.2.3.pom.sha512 for the dependency io.ktor:ktor-utils-jvm:3.2.3
00:10.312 DEBUG :server:resolveDependenciesJvm DependencyFileImpl        Downloaded https://repo1.maven.org/maven2/io/ktor/ktor-events-jvm/3.2.3/ktor-events-jvm-3.2.3.pom.sha512 for the dependency io.ktor:ktor-events-jvm:3.2.3
00:10.316 DEBUG :server:resolveDependenciesJvm DependencyFileImpl        Downloaded https://repo1.maven.org/maven2/io/ktor/ktor-websockets-jvm/3.2.3/ktor-websockets-jvm-3.2.3.pom.sha512 for the dependency io.ktor:ktor-websockets-jvm:3.2.3
00:10.307 DEBUG :server:resolveDependenciesJvm DependencyFileImpl        Downloaded https://repo1.maven.org/maven2/io/ktor/ktor-http-jvm/3.2.3/ktor-http-jvm-3.2.3.pom.sha512 for the dependency io.ktor:ktor-http-jvm:3.2.3
00:10.319 DEBUG :server:resolveDependenciesJvm DependencyFileImpl        Downloaded https://repo1.maven.org/maven2/io/ktor/ktor-serialization-jvm/3.2.3/ktor-serialization-jvm-3.2.3.pom.sha512 for the dependency io.ktor:ktor-serialization-jvm:3.2.3
00:10.332 DEBUG :server:resolveDependenciesJvm DependencyFileImpl        Downloaded https://repo1.maven.org/maven2/org/jetbrains/kotlinx/kotlinx-coroutines-bom/1.10.2/kotlinx-coroutines-bom-1.10.2.pom for the dependency org.jetbrains.kotlinx:kotlinx-coroutines-bom:1.10.2
00:10.335 DEBUG :server:resolveDependenciesJvm DependencyFileImpl        Downloaded https://repo1.maven.org/maven2/io/netty/netty-codec-http2/4.2.2.Final/netty-codec-http2-4.2.2.Final.pom for the dependency io.netty:netty-codec-http2:4.2.2.Final
00:10.360 DEBUG :server:resolveDependenciesJvm DependencyFileImpl        Not found URL: https://maven.google.com/org/fusesource/jansi/jansi/2.4.2/jansi-2.4.2.pom.sha256
00:10.371 DEBUG :server:resolveDependenciesJvm DependencyFileImpl        Downloaded https://repo1.maven.org/maven2/io/ktor/ktor-http-cio/3.2.3/ktor-http-cio-3.2.3.module for the dependency io.ktor:ktor-http-cio:3.2.3
00:10.402 DEBUG :server:resolveDependenciesJvm DependencyFileImpl        Downloaded https://repo1.maven.org/maven2/io/netty/netty-transport-native-kqueue/4.2.2.Final/netty-transport-native-kqueue-4.2.2.Final.pom for the dependency io.netty:netty-transport-native-kqueue:4.2.2.Final
00:10.405 DEBUG :server:resolveDependenciesJvm DependencyFileImpl        Not found URL: https://maven.google.com/io/pebbletemplates/pebble/3.2.4/pebble-3.2.4.pom.sha256
00:10.407 DEBUG :database:resolveDependenciesJvm DependencyFileImpl        Not found URL: https://maven.pkg.jetbrains.space/public/p/compose/dev/org/jetbrains/kotlinx/kotlinx-datetime-jvm/0.7.1-0.6.x-compat/kotlinx-datetime-jvm-0.7.1-0.6.x-compat.module.sha512
00:10.410 DEBUG :server:resolveDependenciesJvm DependencyFileImpl        Downloaded https://repo1.maven.org/maven2/io/netty/netty-transport-native-epoll/4.2.2.Final/netty-transport-native-epoll-4.2.2.Final.pom for the dependency io.netty:netty-transport-native-epoll:4.2.2.Final
00:10.425 DEBUG :server:resolveDependenciesJvm DependencyFileImpl        Not found URL: https://maven.google.com/org/jetbrains/annotations/23.0.0/annotations-23.0.0.pom.sha512
00:10.428 DEBUG :database:resolveDependenciesJvm DependencyFileImpl        Not found URL: https://maven.google.com/net/java/dev/jna/jna/5.8.0/jna-5.8.0.pom.sha256
00:10.465 DEBUG :server:resolveDependenciesJvm DependencyFileImpl        Downloaded https://repo1.maven.org/maven2/net/mamoe/yamlkt/yamlkt/0.13.0/yamlkt-0.13.0.pom for the dependency net.mamoe.yamlkt:yamlkt:0.13.0
00:10.475 DEBUG :server:resolveDependenciesJvm DependencyFileImpl        Downloaded https://repo1.maven.org/maven2/com/charleskorn/kaml/kaml-jvm/0.77.1/kaml-jvm-0.77.1.module.sha512 for the dependency com.charleskorn.kaml:kaml-jvm:0.77.1
00:10.479 DEBUG :server:resolveDependenciesJvm DependencyFileImpl        Downloaded https://repo1.maven.org/maven2/io/ktor/ktor-utils-jvm/3.2.3/ktor-utils-jvm-3.2.3.pom for the dependency io.ktor:ktor-utils-jvm:3.2.3
00:10.483 DEBUG :server:resolveDependenciesJvm DependencyFileImpl        Downloaded https://repo1.maven.org/maven2/io/ktor/ktor-http-jvm/3.2.3/ktor-http-jvm-3.2.3.pom for the dependency io.ktor:ktor-http-jvm:3.2.3
00:10.667 DEBUG :server:resolveDependenciesJvm DependencyFileImpl        Downloaded https://repo1.maven.org/maven2/io/ktor/ktor-events-jvm/3.2.3/ktor-events-jvm-3.2.3.pom for the dependency io.ktor:ktor-events-jvm:3.2.3
00:10.678 DEBUG :server:resolveDependenciesJvm DependencyFileImpl        Not found URL: https://repo1.maven.org/maven2/com/typesafe/config/1.4.3/config-1.4.3.pom.sha256
00:10.683 DEBUG :server:resolveDependenciesJvm DependencyFileImpl        Downloaded https://repo1.maven.org/maven2/io/ktor/ktor-serialization-jvm/3.2.3/ktor-serialization-jvm-3.2.3.pom for the dependency io.ktor:ktor-serialization-jvm:3.2.3
00:10.688 DEBUG :database:resolveDependenciesJvm DependencyFileImpl        Not found URL: https://repo1.maven.org/maven2/org/slf4j/slf4j-parent/2.0.9/slf4j-parent-2.0.9.pom.sha256
00:10.689 DEBUG :server:resolveDependenciesJvm DependencyFileImpl        Not found URL: https://repo1.maven.org/maven2/org/eclipse/jetty/alpn/alpn-api/1.1.3.v20160715/alpn-api-1.1.3.v20160715.pom.sha512
00:10.690 DEBUG :server:resolveDependenciesJvm DependencyFileImpl        Not found URL: https://maven.pkg.jetbrains.space/public/p/compose/dev/org/fusesource/jansi/jansi/2.4.2/jansi-2.4.2.pom.sha256
00:10.718 DEBUG :server:resolveDependenciesJvm DependencyFileImpl        Downloaded https://repo1.maven.org/maven2/io/ktor/ktor-websockets-jvm/3.2.3/ktor-websockets-jvm-3.2.3.pom for the dependency io.ktor:ktor-websockets-jvm:3.2.3
00:10.739 DEBUG :server:resolveDependenciesJvm DependencyFileImpl        Not found URL: https://maven.pkg.jetbrains.space/public/p/compose/dev/io/pebbletemplates/pebble/3.2.4/pebble-3.2.4.pom.sha256
00:10.751 DEBUG :server:resolveDependenciesJvm DependencyFileImpl        Downloaded https://repo1.maven.org/maven2/com/charleskorn/kaml/kaml-jvm/0.77.1/kaml-jvm-0.77.1.module for the dependency com.charleskorn.kaml:kaml-jvm:0.77.1
00:10.755 DEBUG :server:resolveDependenciesJvm DependencyFileImpl        Downloaded https://repo1.maven.org/maven2/org/fusesource/jansi/jansi/2.4.2/jansi-2.4.2.pom.sha1 for the dependency org.fusesource.jansi:jansi:2.4.2
00:10.764 DEBUG :server:resolveDependenciesJvm DependencyFileImpl        Not found URL: https://maven.pkg.jetbrains.space/public/p/compose/dev/org/jetbrains/annotations/23.0.0/annotations-23.0.0.pom.sha512
00:10.767 DEBUG :database:resolveDependenciesJvm DependencyFileImpl        Not found URL: https://maven.pkg.jetbrains.space/public/p/compose/dev/net/java/dev/jna/jna/5.8.0/jna-5.8.0.pom.sha256
00:10.773 DEBUG :server:resolveDependenciesJvm DependencyFileImpl        Downloaded https://repo1.maven.org/maven2/io/pebbletemplates/pebble/3.2.4/pebble-3.2.4.pom.sha1 for the dependency io.pebbletemplates:pebble:3.2.4
00:10.779 DEBUG :database:resolveDependenciesJvm DependencyFileImpl        Not found URL: https://maven.google.com/org/slf4j/slf4j-parent/2.0.9/slf4j-parent-2.0.9.pom.sha256
00:10.788 DEBUG :server:resolveDependenciesJvm DependencyFileImpl        Downloaded https://repo1.maven.org/maven2/org/fusesource/jansi/jansi/2.4.2/jansi-2.4.2.pom for the dependency org.fusesource.jansi:jansi:2.4.2
00:10.790 DEBUG :server:resolveDependenciesJvm DependencyFileImpl        Downloaded https://repo1.maven.org/maven2/io/ktor/ktor-http-jvm/3.2.3/ktor-http-jvm-3.2.3.module.sha512 for the dependency io.ktor:ktor-http-jvm:3.2.3
00:10.792 DEBUG :server:resolveDependenciesJvm DependencyFileImpl        Downloaded https://repo1.maven.org/maven2/io/ktor/ktor-http-cio-jvm/3.2.3/ktor-http-cio-jvm-3.2.3.pom.sha512 for the dependency io.ktor:ktor-http-cio-jvm:3.2.3
00:10.807 DEBUG :server:resolveDependenciesJvm DependencyFileImpl        Downloaded https://repo1.maven.org/maven2/io/netty/netty-parent/4.2.2.Final/netty-parent-4.2.2.Final.pom.sha512 for the dependency io.netty:netty-parent:4.2.2.Final
00:10.808 DEBUG :server:resolveDependenciesJvm DependencyFileImpl        Not found URL: https://repo1.maven.org/maven2/org/jetbrains/annotations/23.0.0/annotations-23.0.0.pom.sha256
00:10.814 DEBUG :server:resolveDependenciesJvm DependencyFileImpl        Not found URL: https://maven.google.com/com/typesafe/config/1.4.3/config-1.4.3.pom.sha256
00:10.816 DEBUG :server:resolveDependenciesJvm DependencyFileImpl        Downloaded https://repo1.maven.org/maven2/io/ktor/ktor-serialization-jvm/3.2.3/ktor-serialization-jvm-3.2.3.module.sha512 for the dependency io.ktor:ktor-serialization-jvm:3.2.3
00:10.820 DEBUG :database:resolveDependenciesJvm DependencyFileImpl        Downloaded https://repo1.maven.org/maven2/net/java/dev/jna/jna/5.8.0/jna-5.8.0.pom.sha1 for the dependency net.java.dev.jna:jna:5.8.0
00:10.820 DEBUG :server:resolveDependenciesJvm DependencyFileImpl        Not found URL: https://repo1.maven.org/maven2/net/mamoe/yamlkt/yamlkt/0.13.0/yamlkt-0.13.0.module.sha512
00:10.826 DEBUG :server:resolveDependenciesJvm DependencyFileImpl        Downloaded https://repo1.maven.org/maven2/io/pebbletemplates/pebble/3.2.4/pebble-3.2.4.pom for the dependency io.pebbletemplates:pebble:3.2.4
00:10.826 DEBUG :server:resolveDependenciesJvm DependencyFileImpl        Downloaded https://repo1.maven.org/maven2/io/ktor/ktor-utils-jvm/3.2.3/ktor-utils-jvm-3.2.3.module.sha512 for the dependency io.ktor:ktor-utils-jvm:3.2.3
00:10.836 DEBUG :database:resolveDependenciesJvm DependencyFileImpl        Not found URL: https://repo1.maven.org/maven2/org/jetbrains/kotlinx/kotlinx-datetime-jvm/0.7.1-0.6.x-compat/kotlinx-datetime-jvm-0.7.1-0.6.x-compat.module.sha256
00:10.837 DEBUG :server:resolveDependenciesJvm DependencyFileImpl        Downloaded https://repo1.maven.org/maven2/io/ktor/ktor-websockets-jvm/3.2.3/ktor-websockets-jvm-3.2.3.module.sha512 for the dependency io.ktor:ktor-websockets-jvm:3.2.3
00:10.842 DEBUG :server:resolveDependenciesJvm DependencyFileImpl        Downloaded https://repo1.maven.org/maven2/io/ktor/ktor-events-jvm/3.2.3/ktor-events-jvm-3.2.3.module.sha512 for the dependency io.ktor:ktor-events-jvm:3.2.3
00:10.842 DEBUG :server:resolveDependenciesJvm DependencyFileImpl        Not found URL: https://maven.google.com/org/eclipse/jetty/alpn/alpn-api/1.1.3.v20160715/alpn-api-1.1.3.v20160715.pom.sha512
00:10.847 DEBUG :server:resolveDependenciesJvm DependencyFileImpl        Downloaded https://repo1.maven.org/maven2/io/ktor/ktor-http-cio-jvm/3.2.3/ktor-http-cio-jvm-3.2.3.pom for the dependency io.ktor:ktor-http-cio-jvm:3.2.3
00:10.849 DEBUG :server:resolveDependenciesJvm DependencyFileImpl        Downloaded https://repo1.maven.org/maven2/com/squareup/okio/okio/3.11.0/okio-3.11.0.pom.sha512 for the dependency com.squareup.okio:okio:3.11.0
00:10.855 DEBUG :database:resolveDependenciesJvm DependencyFileImpl        Not found URL: https://maven.pkg.jetbrains.space/public/p/compose/dev/org/slf4j/slf4j-parent/2.0.9/slf4j-parent-2.0.9.pom.sha256
00:10.857 DEBUG :server:resolveDependenciesJvm DependencyFileImpl        Downloaded https://repo1.maven.org/maven2/it/krzeminski/snakeyaml-engine-kmp/3.1.1/snakeyaml-engine-kmp-3.1.1.pom.sha512 for the dependency it.krzeminski:snakeyaml-engine-kmp:3.1.1
00:10.868 DEBUG :server:resolveDependenciesJvm DependencyFileImpl        Downloaded https://repo1.maven.org/maven2/io/ktor/ktor-http-jvm/3.2.3/ktor-http-jvm-3.2.3.module for the dependency io.ktor:ktor-http-jvm:3.2.3
00:10.883 DEBUG :server:resolveDependenciesJvm DependencyFileImpl        Downloaded https://repo1.maven.org/maven2/io/netty/netty-parent/4.2.2.Final/netty-parent-4.2.2.Final.pom for the dependency io.netty:netty-parent:4.2.2.Final
00:10.904 DEBUG :database:resolveDependenciesJvm DependencyFileImpl        Downloaded https://repo1.maven.org/maven2/net/java/dev/jna/jna/5.8.0/jna-5.8.0.pom for the dependency net.java.dev.jna:jna:5.8.0
00:10.909 DEBUG :server:resolveDependenciesJvm DependencyFileImpl        Downloaded https://repo1.maven.org/maven2/io/ktor/ktor-serialization-jvm/3.2.3/ktor-serialization-jvm-3.2.3.module for the dependency io.ktor:ktor-serialization-jvm:3.2.3
00:10.914 DEBUG :server:resolveDependenciesJvm DependencyFileImpl        Not found URL: https://maven.pkg.jetbrains.space/public/p/compose/dev/com/typesafe/config/1.4.3/config-1.4.3.pom.sha256
00:10.921 DEBUG :server:resolveDependenciesJvm DependencyFileImpl        Downloaded https://repo1.maven.org/maven2/io/ktor/ktor-websockets-jvm/3.2.3/ktor-websockets-jvm-3.2.3.module for the dependency io.ktor:ktor-websockets-jvm:3.2.3
00:10.926 DEBUG :server:resolveDependenciesJvm DependencyFileImpl        Not found URL: https://maven.google.com/org/jetbrains/annotations/23.0.0/annotations-23.0.0.pom.sha256
00:10.929 DEBUG :server:resolveDependenciesJvm DependencyFileImpl        Downloaded https://repo1.maven.org/maven2/io/ktor/ktor-events-jvm/3.2.3/ktor-events-jvm-3.2.3.module for the dependency io.ktor:ktor-events-jvm:3.2.3
00:10.935 DEBUG :server:resolveDependenciesJvm DependencyFileImpl        Downloaded https://repo1.maven.org/maven2/io/ktor/ktor-utils-jvm/3.2.3/ktor-utils-jvm-3.2.3.module for the dependency io.ktor:ktor-utils-jvm:3.2.3
00:10.940 DEBUG :server:resolveDependenciesJvm DependencyFileImpl        Downloaded https://repo1.maven.org/maven2/com/squareup/okio/okio/3.11.0/okio-3.11.0.pom for the dependency com.squareup.okio:okio:3.11.0
00:10.951 DEBUG :server:resolveDependenciesJvm DependencyFileImpl        Not found URL: https://maven.pkg.jetbrains.space/public/p/compose/dev/org/eclipse/jetty/alpn/alpn-api/1.1.3.v20160715/alpn-api-1.1.3.v20160715.pom.sha512
00:10.969 DEBUG :database:resolveDependenciesJvm DependencyFileImpl        Downloaded https://repo1.maven.org/maven2/org/slf4j/slf4j-parent/2.0.9/slf4j-parent-2.0.9.pom.sha1 for the dependency org.slf4j:slf4j-parent:2.0.9
00:10.973 DEBUG :server:resolveDependenciesJvm DependencyFileImpl        Not found URL: https://maven.google.com/net/mamoe/yamlkt/yamlkt/0.13.0/yamlkt-0.13.0.module.sha512
00:10.984 DEBUG :database:resolveDependenciesJvm DependencyFileImpl        Not found URL: https://maven.google.com/org/jetbrains/kotlinx/kotlinx-datetime-jvm/0.7.1-0.6.x-compat/kotlinx-datetime-jvm-0.7.1-0.6.x-compat.module.sha256
00:10.985 DEBUG :server:resolveDependenciesJvm DependencyFileImpl        Downloaded https://repo1.maven.org/maven2/it/krzeminski/snakeyaml-engine-kmp/3.1.1/snakeyaml-engine-kmp-3.1.1.pom for the dependency it.krzeminski:snakeyaml-engine-kmp:3.1.1
00:11.063 DEBUG :server:resolveDependenciesJvm DependencyFileImpl        Downloaded https://repo1.maven.org/maven2/io/ktor/ktor-http-cio-jvm/3.2.3/ktor-http-cio-jvm-3.2.3.module.sha512 for the dependency io.ktor:ktor-http-cio-jvm:3.2.3
00:11.065 DEBUG :server:resolveDependenciesJvm DependencyFileImpl        Downloaded https://repo1.maven.org/maven2/com/typesafe/config/1.4.3/config-1.4.3.pom.sha1 for the dependency com.typesafe:config:1.4.3
00:11.071 DEBUG :server:resolveDependenciesJvm DependencyFileImpl        Not found URL: https://maven.pkg.jetbrains.space/public/p/compose/dev/org/jetbrains/annotations/23.0.0/annotations-23.0.0.pom.sha256
00:11.071 DEBUG :server:resolveDependenciesJvm DependencyFileImpl        Not found URL: https://maven.pkg.jetbrains.space/public/p/compose/dev/net/mamoe/yamlkt/yamlkt/0.13.0/yamlkt-0.13.0.module.sha512
00:11.073 DEBUG :database:resolveDependenciesJvm DependencyFileImpl        Downloaded https://repo1.maven.org/maven2/org/slf4j/slf4j-parent/2.0.9/slf4j-parent-2.0.9.pom for the dependency org.slf4j:slf4j-parent:2.0.9
00:11.074 DEBUG :database:resolveDependenciesJvm DependencyFileImpl        Not found URL: https://maven.pkg.jetbrains.space/public/p/compose/dev/org/jetbrains/kotlinx/kotlinx-datetime-jvm/0.7.1-0.6.x-compat/kotlinx-datetime-jvm-0.7.1-0.6.x-compat.module.sha256
00:11.106 DEBUG :server:resolveDependenciesJvm DependencyFileImpl        Downloaded https://repo1.maven.org/maven2/io/ktor/ktor-http-cio-jvm/3.2.3/ktor-http-cio-jvm-3.2.3.module for the dependency io.ktor:ktor-http-cio-jvm:3.2.3
00:11.110 DEBUG :server:resolveDependenciesJvm DependencyFileImpl        Not found URL: https://repo1.maven.org/maven2/net/mamoe/yamlkt/yamlkt/0.13.0/yamlkt-0.13.0.module.sha256
00:11.111 DEBUG :server:resolveDependenciesJvm DependencyFileImpl        Downloaded https://repo1.maven.org/maven2/org/jetbrains/annotations/23.0.0/annotations-23.0.0.pom.sha1 for the dependency org.jetbrains:annotations:23.0.0
00:11.124 DEBUG :server:resolveDependenciesJvm DependencyFileImpl        Downloaded https://repo1.maven.org/maven2/com/typesafe/config/1.4.3/config-1.4.3.pom for the dependency com.typesafe:config:1.4.3
00:11.163 DEBUG :database:resolveDependenciesJvm DependencyFileImpl        Downloaded https://repo1.maven.org/maven2/org/jetbrains/kotlinx/kotlinx-datetime-jvm/0.7.1-0.6.x-compat/kotlinx-datetime-jvm-0.7.1-0.6.x-compat.module.sha1 for the dependency org.jetbrains.kotlinx:kotlinx-datetime-jvm:0.7.1-0.6.x-compat
00:11.179 DEBUG :server:resolveDependenciesJvm DependencyFileImpl        Not found URL: https://repo1.maven.org/maven2/io/pebbletemplates/pebble-project/3.2.4/pebble-project-3.2.4.pom.sha512
00:11.200 DEBUG :server:resolveDependenciesJvm DependencyFileImpl        Not found URL: https://repo1.maven.org/maven2/org/fusesource/fusesource-pom/1.12/fusesource-pom-1.12.pom.sha512
00:11.202 DEBUG :server:resolveDependenciesJvm DependencyFileImpl        Not found URL: https://repo1.maven.org/maven2/org/eclipse/jetty/alpn/alpn-api/1.1.3.v20160715/alpn-api-1.1.3.v20160715.pom.sha256
00:11.207 DEBUG :server:resolveDependenciesJvm DependencyFileImpl        Downloaded https://repo1.maven.org/maven2/org/jetbrains/annotations/23.0.0/annotations-23.0.0.pom for the dependency org.jetbrains:annotations:23.0.0
00:11.207 DEBUG :server:resolveDependenciesJvm DependencyFileImpl        Downloaded https://repo1.maven.org/maven2/io/ktor/ktor-io/3.2.3/ktor-io-3.2.3.pom.sha512 for the dependency io.ktor:ktor-io:3.2.3
00:11.207 DEBUG :server:resolveDependenciesJvm DependencyFileImpl        Downloaded https://repo1.maven.org/maven2/com/squareup/okio/okio/3.11.0/okio-3.11.0.module.sha512 for the dependency com.squareup.okio:okio:3.11.0
00:11.216 DEBUG :server:resolveDependenciesJvm DependencyFileImpl        Not found URL: https://maven.google.com/net/mamoe/yamlkt/yamlkt/0.13.0/yamlkt-0.13.0.module.sha256
00:11.223 DEBUG :server:resolveDependenciesJvm DependencyFileImpl        Downloaded https://repo1.maven.org/maven2/it/krzeminski/snakeyaml-engine-kmp/3.1.1/snakeyaml-engine-kmp-3.1.1.module.sha512 for the dependency it.krzeminski:snakeyaml-engine-kmp:3.1.1
00:11.278 DEBUG :database:resolveDependenciesJvm DependencyFileImpl        Downloaded https://repo1.maven.org/maven2/org/jetbrains/kotlinx/kotlinx-datetime-jvm/0.7.1-0.6.x-compat/kotlinx-datetime-jvm-0.7.1-0.6.x-compat.module for the dependency org.jetbrains.kotlinx:kotlinx-datetime-jvm:0.7.1-0.6.x-compat
00:11.284 DEBUG :server:resolveDependenciesJvm DependencyFileImpl        Downloaded https://repo1.maven.org/maven2/io/ktor/ktor-io/3.2.3/ktor-io-3.2.3.pom for the dependency io.ktor:ktor-io:3.2.3
00:11.287 DEBUG :server:resolveDependenciesJvm DependencyFileImpl        Not found URL: https://maven.pkg.jetbrains.space/public/p/compose/dev/net/mamoe/yamlkt/yamlkt/0.13.0/yamlkt-0.13.0.module.sha256
00:11.292 DEBUG :server:resolveDependenciesJvm DependencyFileImpl        Not found URL: https://maven.google.com/io/pebbletemplates/pebble-project/3.2.4/pebble-project-3.2.4.pom.sha512
00:11.299 DEBUG :server:resolveDependenciesJvm DependencyFileImpl        Not found URL: https://maven.google.com/org/fusesource/fusesource-pom/1.12/fusesource-pom-1.12.pom.sha512
00:11.301 DEBUG :server:resolveDependenciesJvm DependencyFileImpl        Downloaded https://repo1.maven.org/maven2/com/squareup/okio/okio/3.11.0/okio-3.11.0.module for the dependency com.squareup.okio:okio:3.11.0
00:11.302 DEBUG :server:resolveDependenciesJvm DependencyFileImpl        Downloaded https://repo1.maven.org/maven2/it/krzeminski/snakeyaml-engine-kmp/3.1.1/snakeyaml-engine-kmp-3.1.1.module for the dependency it.krzeminski:snakeyaml-engine-kmp:3.1.1
00:11.321 DEBUG :server:resolveDependenciesJvm DependencyFileImpl        Not found URL: https://maven.google.com/org/eclipse/jetty/alpn/alpn-api/1.1.3.v20160715/alpn-api-1.1.3.v20160715.pom.sha256
00:11.327 DEBUG :server:resolveDependenciesJvm DependencyFileImpl        Downloaded https://repo1.maven.org/maven2/net/mamoe/yamlkt/yamlkt/0.13.0/yamlkt-0.13.0.module.sha1 for the dependency net.mamoe.yamlkt:yamlkt:0.13.0
00:11.348 DEBUG :server:resolveDependenciesJvm DependencyFileImpl        Downloaded https://repo1.maven.org/maven2/io/ktor/ktor-network/3.2.3/ktor-network-3.2.3.pom.sha512 for the dependency io.ktor:ktor-network:3.2.3
00:11.348 DEBUG :server:resolveDependenciesJvm DependencyFileImpl        Not found URL: https://maven.pkg.jetbrains.space/public/p/compose/dev/io/pebbletemplates/pebble-project/3.2.4/pebble-project-3.2.4.pom.sha512
00:11.364 DEBUG :server:resolveDependenciesJvm DependencyFileImpl        Not found URL: https://maven.pkg.jetbrains.space/public/p/compose/dev/org/fusesource/fusesource-pom/1.12/fusesource-pom-1.12.pom.sha512
00:11.368 DEBUG :server:resolveDependenciesJvm DependencyFileImpl        Not found URL: https://maven.pkg.jetbrains.space/public/p/compose/dev/org/eclipse/jetty/alpn/alpn-api/1.1.3.v20160715/alpn-api-1.1.3.v20160715.pom.sha256
00:11.373 DEBUG :server:resolveDependenciesJvm DependencyFileImpl        Downloaded https://repo1.maven.org/maven2/net/mamoe/yamlkt/yamlkt/0.13.0/yamlkt-0.13.0.module for the dependency net.mamoe.yamlkt:yamlkt:0.13.0
00:11.384 DEBUG :server:resolveDependenciesJvm DependencyFileImpl        Downloaded https://repo1.maven.org/maven2/io/ktor/ktor-io/3.2.3/ktor-io-3.2.3.module.sha512 for the dependency io.ktor:ktor-io:3.2.3
00:11.384 DEBUG :server:resolveDependenciesJvm DependencyFileImpl        Downloaded https://repo1.maven.org/maven2/it/krzeminski/snakeyaml-engine-kmp-jvm/3.1.1/snakeyaml-engine-kmp-jvm-3.1.1.pom.sha512 for the dependency it.krzeminski:snakeyaml-engine-kmp-jvm:3.1.1
00:11.388 DEBUG :server:resolveDependenciesJvm DependencyFileImpl        Downloaded https://repo1.maven.org/maven2/io/ktor/ktor-network/3.2.3/ktor-network-3.2.3.pom for the dependency io.ktor:ktor-network:3.2.3
00:11.409 DEBUG :server:resolveDependenciesJvm DependencyFileImpl        Downloaded https://repo1.maven.org/maven2/com/squareup/okio/okio-jvm/3.11.0/okio-jvm-3.11.0.pom.sha512 for the dependency com.squareup.okio:okio-jvm:3.11.0
00:11.410 DEBUG :server:resolveDependenciesJvm DependencyFileImpl        Downloaded https://repo1.maven.org/maven2/org/eclipse/jetty/alpn/alpn-api/1.1.3.v20160715/alpn-api-1.1.3.v20160715.pom.sha1 for the dependency org.eclipse.jetty.alpn:alpn-api:1.1.3.v20160715
00:11.434 DEBUG :server:resolveDependenciesJvm DependencyFileImpl        Downloaded https://repo1.maven.org/maven2/io/ktor/ktor-io/3.2.3/ktor-io-3.2.3.module for the dependency io.ktor:ktor-io:3.2.3
00:11.435 DEBUG :server:resolveDependenciesJvm DependencyFileImpl        Downloaded https://repo1.maven.org/maven2/it/krzeminski/snakeyaml-engine-kmp-jvm/3.1.1/snakeyaml-engine-kmp-jvm-3.1.1.pom for the dependency it.krzeminski:snakeyaml-engine-kmp-jvm:3.1.1
00:11.451 DEBUG :server:resolveDependenciesJvm DependencyFileImpl        Downloaded https://repo1.maven.org/maven2/org/eclipse/jetty/alpn/alpn-api/1.1.3.v20160715/alpn-api-1.1.3.v20160715.pom for the dependency org.eclipse.jetty.alpn:alpn-api:1.1.3.v20160715
00:11.456 DEBUG :server:resolveDependenciesJvm DependencyFileImpl        Downloaded https://repo1.maven.org/maven2/com/squareup/okio/okio-jvm/3.11.0/okio-jvm-3.11.0.pom for the dependency com.squareup.okio:okio-jvm:3.11.0
00:11.464 DEBUG :server:resolveDependenciesJvm DependencyFileImpl        Not found URL: https://repo1.maven.org/maven2/net/mamoe/yamlkt/yamlkt-jvm/0.13.0/yamlkt-jvm-0.13.0.pom.sha512
00:11.473 DEBUG :server:resolveDependenciesJvm DependencyFileImpl        Downloaded https://repo1.maven.org/maven2/io/ktor/ktor-network/3.2.3/ktor-network-3.2.3.module.sha512 for the dependency io.ktor:ktor-network:3.2.3
00:11.477 DEBUG :server:resolveDependenciesJvm DependencyFileImpl        Not found URL: https://repo1.maven.org/maven2/org/sonatype/oss/oss-parent/9/oss-parent-9.pom.sha512
00:11.481 DEBUG :database:resolveDependenciesJvm DependencyFileImpl        Not found URL: https://repo1.maven.org/maven2/org/slf4j/slf4j-bom/2.0.9/slf4j-bom-2.0.9.pom.sha512
00:11.486 DEBUG :server:resolveDependenciesJvm DependencyFileImpl        Downloaded https://repo1.maven.org/maven2/it/krzeminski/snakeyaml-engine-kmp-jvm/3.1.1/snakeyaml-engine-kmp-jvm-3.1.1.module.sha512 for the dependency it.krzeminski:snakeyaml-engine-kmp-jvm:3.1.1
00:11.496 DEBUG :server:resolveDependenciesJvm DependencyFileImpl        Downloaded https://repo1.maven.org/maven2/com/squareup/okio/okio-jvm/3.11.0/okio-jvm-3.11.0.module.sha512 for the dependency com.squareup.okio:okio-jvm:3.11.0
00:11.505 DEBUG :server:resolveDependenciesJvm DependencyFileImpl        Downloaded https://repo1.maven.org/maven2/io/ktor/ktor-io-jvm/3.2.3/ktor-io-jvm-3.2.3.pom.sha512 for the dependency io.ktor:ktor-io-jvm:3.2.3
00:11.518 DEBUG :server:resolveDependenciesJvm DependencyFileImpl        Downloaded https://repo1.maven.org/maven2/io/ktor/ktor-network/3.2.3/ktor-network-3.2.3.module for the dependency io.ktor:ktor-network:3.2.3
00:11.521 DEBUG :server:resolveDependenciesJvm DependencyFileImpl        Downloaded https://repo1.maven.org/maven2/it/krzeminski/snakeyaml-engine-kmp-jvm/3.1.1/snakeyaml-engine-kmp-jvm-3.1.1.module for the dependency it.krzeminski:snakeyaml-engine-kmp-jvm:3.1.1
00:11.532 DEBUG :server:resolveDependenciesJvm DependencyFileImpl        Downloaded https://repo1.maven.org/maven2/io/ktor/ktor-io-jvm/3.2.3/ktor-io-jvm-3.2.3.pom for the dependency io.ktor:ktor-io-jvm:3.2.3
00:11.564 DEBUG :server:resolveDependenciesJvm DependencyFileImpl        Not found URL: https://maven.google.com/net/mamoe/yamlkt/yamlkt-jvm/0.13.0/yamlkt-jvm-0.13.0.pom.sha512
00:11.566 DEBUG :server:resolveDependenciesJvm DependencyFileImpl        Downloaded https://repo1.maven.org/maven2/io/ktor/ktor-network-jvm/3.2.3/ktor-network-jvm-3.2.3.pom.sha512 for the dependency io.ktor:ktor-network-jvm:3.2.3
00:11.586 DEBUG :server:resolveDependenciesJvm DependencyFileImpl        Downloaded https://repo1.maven.org/maven2/net/thauvin/erik/urlencoder/urlencoder-lib/1.6.0/urlencoder-lib-1.6.0.pom.sha512 for the dependency net.thauvin.erik.urlencoder:urlencoder-lib:1.6.0
00:11.588 DEBUG :server:resolveDependenciesJvm DependencyFileImpl        Downloaded https://repo1.maven.org/maven2/io/ktor/ktor-io-jvm/3.2.3/ktor-io-jvm-3.2.3.module.sha512 for the dependency io.ktor:ktor-io-jvm:3.2.3
00:11.595 DEBUG :database:resolveDependenciesJvm DependencyFileImpl        Not found URL: https://maven.google.com/org/slf4j/slf4j-bom/2.0.9/slf4j-bom-2.0.9.pom.sha512
00:11.630 DEBUG :server:resolveDependenciesJvm DependencyFileImpl        Not found URL: https://repo1.maven.org/maven2/org/fusesource/fusesource-pom/1.12/fusesource-pom-1.12.pom.sha256
00:11.694 DEBUG :server:resolveDependenciesJvm DependencyFileImpl        Downloaded https://repo1.maven.org/maven2/io/ktor/ktor-network-jvm/3.2.3/ktor-network-jvm-3.2.3.pom for the dependency io.ktor:ktor-network-jvm:3.2.3
00:11.699 DEBUG :server:resolveDependenciesJvm DependencyFileImpl        Not found URL: https://maven.google.com/org/sonatype/oss/oss-parent/9/oss-parent-9.pom.sha512
00:11.714 DEBUG :server:resolveDependenciesJvm DependencyFileImpl        Downloaded https://repo1.maven.org/maven2/io/ktor/ktor-io-jvm/3.2.3/ktor-io-jvm-3.2.3.module for the dependency io.ktor:ktor-io-jvm:3.2.3
00:11.715 DEBUG :server:resolveDependenciesJvm DependencyFileImpl        Not found URL: https://repo1.maven.org/maven2/io/pebbletemplates/pebble-project/3.2.4/pebble-project-3.2.4.pom.sha256
00:11.721 DEBUG :server:resolveDependenciesJvm DependencyFileImpl        Downloaded https://repo1.maven.org/maven2/net/thauvin/erik/urlencoder/urlencoder-lib/1.6.0/urlencoder-lib-1.6.0.pom for the dependency net.thauvin.erik.urlencoder:urlencoder-lib:1.6.0
00:11.720 DEBUG :server:resolveDependenciesJvm DependencyFileImpl        Not found URL: https://maven.pkg.jetbrains.space/public/p/compose/dev/net/mamoe/yamlkt/yamlkt-jvm/0.13.0/yamlkt-jvm-0.13.0.pom.sha512
00:11.737 DEBUG :server:resolveDependenciesJvm DependencyFileImpl        Not found URL: https://repo1.maven.org/maven2/org/eclipse/jetty/jetty-parent/21/jetty-parent-21.pom.sha512
00:11.740 DEBUG :database:resolveDependenciesJvm DependencyFileImpl        Not found URL: https://maven.pkg.jetbrains.space/public/p/compose/dev/org/slf4j/slf4j-bom/2.0.9/slf4j-bom-2.0.9.pom.sha512
00:11.749 DEBUG :server:resolveDependenciesJvm DependencyFileImpl        Not found URL: https://repo1.maven.org/maven2/net/mamoe/yamlkt/yamlkt-jvm/0.13.0/yamlkt-jvm-0.13.0.pom.sha256
00:11.753 DEBUG :server:resolveDependenciesJvm DependencyFileImpl        Not found URL: https://maven.pkg.jetbrains.space/public/p/compose/dev/org/sonatype/oss/oss-parent/9/oss-parent-9.pom.sha512
00:11.756 DEBUG :server:resolveDependenciesJvm DependencyFileImpl        Downloaded https://repo1.maven.org/maven2/io/ktor/ktor-network-jvm/3.2.3/ktor-network-jvm-3.2.3.module.sha512 for the dependency io.ktor:ktor-network-jvm:3.2.3
00:11.773 DEBUG :server:resolveDependenciesJvm DependencyFileImpl        Not found URL: https://maven.google.com/org/fusesource/fusesource-pom/1.12/fusesource-pom-1.12.pom.sha256
00:11.776 DEBUG :server:resolveDependenciesJvm DependencyFileImpl        Downloaded https://repo1.maven.org/maven2/net/thauvin/erik/urlencoder/urlencoder-lib/1.6.0/urlencoder-lib-1.6.0.module.sha512 for the dependency net.thauvin.erik.urlencoder:urlencoder-lib:1.6.0
00:11.779 DEBUG :server:resolveDependenciesJvm DependencyFileImpl        Downloaded https://repo1.maven.org/maven2/io/ktor/ktor-network-jvm/3.2.3/ktor-network-jvm-3.2.3.module for the dependency io.ktor:ktor-network-jvm:3.2.3
00:11.780 DEBUG :server:resolveDependenciesJvm DependencyFileImpl        Downloaded https://repo1.maven.org/maven2/org/jetbrains/kotlinx/kotlinx-io-core/0.7.0/kotlinx-io-core-0.7.0.pom.sha512 for the dependency org.jetbrains.kotlinx:kotlinx-io-core:0.7.0
00:11.801 DEBUG :server:resolveDependenciesJvm DependencyFileImpl        Downloaded https://repo1.maven.org/maven2/net/thauvin/erik/urlencoder/urlencoder-lib/1.6.0/urlencoder-lib-1.6.0.module for the dependency net.thauvin.erik.urlencoder:urlencoder-lib:1.6.0
00:11.808 DEBUG :server:resolveDependenciesJvm DependencyFileImpl        Downloaded https://repo1.maven.org/maven2/org/jetbrains/kotlinx/kotlinx-io-core/0.7.0/kotlinx-io-core-0.7.0.pom for the dependency org.jetbrains.kotlinx:kotlinx-io-core:0.7.0
00:11.809 DEBUG :server:resolveDependenciesJvm DependencyFileImpl        Not found URL: https://maven.pkg.jetbrains.space/public/p/compose/dev/org/fusesource/fusesource-pom/1.12/fusesource-pom-1.12.pom.sha256
00:11.811 DEBUG :server:resolveDependenciesJvm DependencyFileImpl        Not found URL: https://maven.google.com/io/pebbletemplates/pebble-project/3.2.4/pebble-project-3.2.4.pom.sha256
00:11.827 DEBUG :server:resolveDependenciesJvm DependencyFileImpl        Not found URL: https://maven.google.com/net/mamoe/yamlkt/yamlkt-jvm/0.13.0/yamlkt-jvm-0.13.0.pom.sha256
00:11.831 DEBUG :server:resolveDependenciesJvm DependencyFileImpl        Not found URL: https://maven.google.com/org/eclipse/jetty/jetty-parent/21/jetty-parent-21.pom.sha512
00:11.833 DEBUG :server:resolveDependenciesJvm DependencyFileImpl        Downloaded https://repo1.maven.org/maven2/org/fusesource/fusesource-pom/1.12/fusesource-pom-1.12.pom.sha1 for the dependency org.fusesource:fusesource-pom:1.12
00:11.838 DEBUG :server:resolveDependenciesJvm DependencyFileImpl        Downloaded https://repo1.maven.org/maven2/org/jetbrains/kotlinx/kotlinx-io-core/0.7.0/kotlinx-io-core-0.7.0.module.sha512 for the dependency org.jetbrains.kotlinx:kotlinx-io-core:0.7.0
00:11.842 DEBUG :server:resolveDependenciesJvm DependencyFileImpl        Downloaded https://repo1.maven.org/maven2/net/thauvin/erik/urlencoder/urlencoder-lib-jvm/1.6.0/urlencoder-lib-jvm-1.6.0.pom.sha512 for the dependency net.thauvin.erik.urlencoder:urlencoder-lib-jvm:1.6.0
00:11.850 DEBUG :server:resolveDependenciesJvm DependencyFileImpl        Downloaded https://repo1.maven.org/maven2/org/fusesource/fusesource-pom/1.12/fusesource-pom-1.12.pom for the dependency org.fusesource:fusesource-pom:1.12
00:11.851 DEBUG :server:resolveDependenciesJvm DependencyFileImpl        Not found URL: https://maven.pkg.jetbrains.space/public/p/compose/dev/io/pebbletemplates/pebble-project/3.2.4/pebble-project-3.2.4.pom.sha256
00:11.868 DEBUG :server:resolveDependenciesJvm DependencyFileImpl        Not found URL: https://maven.pkg.jetbrains.space/public/p/compose/dev/org/eclipse/jetty/jetty-parent/21/jetty-parent-21.pom.sha512
00:11.868 DEBUG :server:resolveDependenciesJvm DependencyFileImpl        Not found URL: https://maven.pkg.jetbrains.space/public/p/compose/dev/net/mamoe/yamlkt/yamlkt-jvm/0.13.0/yamlkt-jvm-0.13.0.pom.sha256
00:11.871 DEBUG :server:resolveDependenciesJvm DependencyFileImpl        Downloaded https://repo1.maven.org/maven2/net/thauvin/erik/urlencoder/urlencoder-lib-jvm/1.6.0/urlencoder-lib-jvm-1.6.0.pom for the dependency net.thauvin.erik.urlencoder:urlencoder-lib-jvm:1.6.0
00:11.873 DEBUG :server:resolveDependenciesJvm DependencyFileImpl        Downloaded https://repo1.maven.org/maven2/org/jetbrains/kotlinx/kotlinx-io-core/0.7.0/kotlinx-io-core-0.7.0.module for the dependency org.jetbrains.kotlinx:kotlinx-io-core:0.7.0
00:11.874 DEBUG :server:resolveDependenciesJvm DependencyFileImpl        Downloaded https://repo1.maven.org/maven2/io/pebbletemplates/pebble-project/3.2.4/pebble-project-3.2.4.pom.sha1 for the dependency io.pebbletemplates:pebble-project:3.2.4
00:11.892 DEBUG :server:resolveDependenciesJvm DependencyFileImpl        Downloaded https://repo1.maven.org/maven2/net/mamoe/yamlkt/yamlkt-jvm/0.13.0/yamlkt-jvm-0.13.0.pom.sha1 for the dependency net.mamoe.yamlkt:yamlkt-jvm:0.13.0
00:11.895 DEBUG :server:resolveDependenciesJvm DependencyFileImpl        Downloaded https://repo1.maven.org/maven2/io/pebbletemplates/pebble-project/3.2.4/pebble-project-3.2.4.pom for the dependency io.pebbletemplates:pebble-project:3.2.4
00:11.903 DEBUG :server:resolveDependenciesJvm DependencyFileImpl        Downloaded https://repo1.maven.org/maven2/net/thauvin/erik/urlencoder/urlencoder-lib-jvm/1.6.0/urlencoder-lib-jvm-1.6.0.module.sha512 for the dependency net.thauvin.erik.urlencoder:urlencoder-lib-jvm:1.6.0
00:11.914 DEBUG :server:resolveDependenciesJvm DependencyFileImpl        Downloaded https://repo1.maven.org/maven2/org/jetbrains/kotlinx/kotlinx-io-core-jvm/0.7.0/kotlinx-io-core-jvm-0.7.0.pom.sha512 for the dependency org.jetbrains.kotlinx:kotlinx-io-core-jvm:0.7.0
00:11.915 DEBUG :server:resolveDependenciesJvm DependencyFileImpl        Downloaded https://repo1.maven.org/maven2/net/mamoe/yamlkt/yamlkt-jvm/0.13.0/yamlkt-jvm-0.13.0.pom for the dependency net.mamoe.yamlkt:yamlkt-jvm:0.13.0
00:11.931 DEBUG :server:resolveDependenciesJvm DependencyFileImpl        Downloaded https://repo1.maven.org/maven2/net/thauvin/erik/urlencoder/urlencoder-lib-jvm/1.6.0/urlencoder-lib-jvm-1.6.0.module for the dependency net.thauvin.erik.urlencoder:urlencoder-lib-jvm:1.6.0
00:11.937 DEBUG :server:resolveDependenciesJvm DependencyFileImpl        Downloaded https://repo1.maven.org/maven2/org/jetbrains/kotlinx/kotlinx-io-core-jvm/0.7.0/kotlinx-io-core-jvm-0.7.0.pom for the dependency org.jetbrains.kotlinx:kotlinx-io-core-jvm:0.7.0
00:11.946 DEBUG :server:resolveDependenciesJvm DependencyFileImpl        Not found URL: https://repo1.maven.org/maven2/net/mamoe/yamlkt/yamlkt-jvm/0.13.0/yamlkt-jvm-0.13.0.module.sha512
00:11.967 DEBUG :server:resolveDependenciesJvm DependencyFileImpl        Downloaded https://repo1.maven.org/maven2/org/jetbrains/kotlinx/kotlinx-io-core-jvm/0.7.0/kotlinx-io-core-jvm-0.7.0.module.sha512 for the dependency org.jetbrains.kotlinx:kotlinx-io-core-jvm:0.7.0
00:11.996 DEBUG :database:resolveDependenciesJvm DependencyFileImpl        Not found URL: https://repo1.maven.org/maven2/org/slf4j/slf4j-bom/2.0.9/slf4j-bom-2.0.9.pom.sha256
00:11.997 DEBUG :server:resolveDependenciesJvm DependencyFileImpl        Downloaded https://repo1.maven.org/maven2/org/jetbrains/kotlinx/kotlinx-io-core-jvm/0.7.0/kotlinx-io-core-jvm-0.7.0.module for the dependency org.jetbrains.kotlinx:kotlinx-io-core-jvm:0.7.0
00:12.026 DEBUG :server:resolveDependenciesJvm DependencyFileImpl        Not found URL: https://repo1.maven.org/maven2/org/sonatype/oss/oss-parent/9/oss-parent-9.pom.sha256
00:12.087 DEBUG :server:resolveDependenciesJvm DependencyFileImpl        Not found URL: https://maven.google.com/net/mamoe/yamlkt/yamlkt-jvm/0.13.0/yamlkt-jvm-0.13.0.module.sha512
00:12.112 DEBUG :server:resolveDependenciesJvm DependencyFileImpl        Not found URL: https://repo1.maven.org/maven2/org/eclipse/jetty/jetty-parent/21/jetty-parent-21.pom.sha256
00:12.140 DEBUG :database:resolveDependenciesJvm DependencyFileImpl        Not found URL: https://maven.google.com/org/slf4j/slf4j-bom/2.0.9/slf4j-bom-2.0.9.pom.sha256
00:12.141 DEBUG :server:resolveDependenciesJvm DependencyFileImpl        Not found URL: https://repo1.maven.org/maven2/org/unbescape/unbescape/1.1.6.RELEASE/unbescape-1.1.6.RELEASE.pom.sha512
00:12.167 DEBUG :server:resolveDependenciesJvm DependencyFileImpl        Downloaded https://repo1.maven.org/maven2/org/jetbrains/kotlinx/kotlinx-io-bytestring/0.7.0/kotlinx-io-bytestring-0.7.0.pom.sha512 for the dependency org.jetbrains.kotlinx:kotlinx-io-bytestring:0.7.0
00:12.167 DEBUG :server:resolveDependenciesJvm DependencyFileImpl        Not found URL: https://maven.pkg.jetbrains.space/public/p/compose/dev/net/mamoe/yamlkt/yamlkt-jvm/0.13.0/yamlkt-jvm-0.13.0.module.sha512
00:12.189 DEBUG :database:resolveDependenciesJvm DependencyFileImpl        Not found URL: https://maven.pkg.jetbrains.space/public/p/compose/dev/org/slf4j/slf4j-bom/2.0.9/slf4j-bom-2.0.9.pom.sha256
00:12.194 DEBUG :server:resolveDependenciesJvm DependencyFileImpl        Downloaded https://repo1.maven.org/maven2/org/jetbrains/kotlinx/kotlinx-io-bytestring/0.7.0/kotlinx-io-bytestring-0.7.0.pom for the dependency org.jetbrains.kotlinx:kotlinx-io-bytestring:0.7.0
00:12.196 DEBUG :server:resolveDependenciesJvm DependencyFileImpl        Not found URL: https://repo1.maven.org/maven2/net/mamoe/yamlkt/yamlkt-jvm/0.13.0/yamlkt-jvm-0.13.0.module.sha256
00:12.207 DEBUG :server:resolveDependenciesJvm DependencyFileImpl        Not found URL: https://maven.google.com/org/sonatype/oss/oss-parent/9/oss-parent-9.pom.sha256
00:12.216 DEBUG :database:resolveDependenciesJvm DependencyFileImpl        Downloaded https://repo1.maven.org/maven2/org/slf4j/slf4j-bom/2.0.9/slf4j-bom-2.0.9.pom.sha1 for the dependency org.slf4j:slf4j-bom:2.0.9
00:12.218 DEBUG :server:resolveDependenciesJvm DependencyFileImpl        Not found URL: https://maven.google.com/org/eclipse/jetty/jetty-parent/21/jetty-parent-21.pom.sha256
00:12.225 DEBUG :server:resolveDependenciesJvm DependencyFileImpl        Not found URL: https://maven.google.com/org/unbescape/unbescape/1.1.6.RELEASE/unbescape-1.1.6.RELEASE.pom.sha512
00:12.227 DEBUG :server:resolveDependenciesJvm DependencyFileImpl        Downloaded https://repo1.maven.org/maven2/org/jetbrains/kotlinx/kotlinx-io-bytestring/0.7.0/kotlinx-io-bytestring-0.7.0.module.sha512 for the dependency org.jetbrains.kotlinx:kotlinx-io-bytestring:0.7.0
00:12.237 DEBUG :database:resolveDependenciesJvm DependencyFileImpl        Downloaded https://repo1.maven.org/maven2/org/slf4j/slf4j-bom/2.0.9/slf4j-bom-2.0.9.pom for the dependency org.slf4j:slf4j-bom:2.0.9
00:12.253 DEBUG :server:resolveDependenciesJvm DependencyFileImpl        Downloaded https://repo1.maven.org/maven2/org/jetbrains/kotlinx/kotlinx-io-bytestring/0.7.0/kotlinx-io-bytestring-0.7.0.module for the dependency org.jetbrains.kotlinx:kotlinx-io-bytestring:0.7.0
00:12.259 DEBUG :server:resolveDependenciesJvm DependencyFileImpl        Not found URL: https://maven.pkg.jetbrains.space/public/p/compose/dev/org/sonatype/oss/oss-parent/9/oss-parent-9.pom.sha256
00:12.261 DEBUG :server:resolveDependenciesJvm DependencyFileImpl        Not found URL: https://maven.pkg.jetbrains.space/public/p/compose/dev/org/eclipse/jetty/jetty-parent/21/jetty-parent-21.pom.sha256
00:12.268 DEBUG :server:resolveDependenciesJvm DependencyFileImpl        Not found URL: https://maven.pkg.jetbrains.space/public/p/compose/dev/org/unbescape/unbescape/1.1.6.RELEASE/unbescape-1.1.6.RELEASE.pom.sha512
00:12.286 DEBUG :server:resolveDependenciesJvm DependencyFileImpl        Downloaded https://repo1.maven.org/maven2/org/sonatype/oss/oss-parent/9/oss-parent-9.pom.sha1 for the dependency org.sonatype.oss:oss-parent:9
00:12.286 DEBUG :server:resolveDependenciesJvm DependencyFileImpl        Downloaded https://repo1.maven.org/maven2/org/eclipse/jetty/jetty-parent/21/jetty-parent-21.pom.sha1 for the dependency org.eclipse.jetty:jetty-parent:21
00:12.288 DEBUG :server:resolveDependenciesJvm DependencyFileImpl        Not found URL: https://maven.google.com/net/mamoe/yamlkt/yamlkt-jvm/0.13.0/yamlkt-jvm-0.13.0.module.sha256
00:12.291 DEBUG :server:resolveDependenciesJvm DependencyFileImpl        Downloaded https://repo1.maven.org/maven2/org/jetbrains/kotlinx/kotlinx-io-bytestring-jvm/0.7.0/kotlinx-io-bytestring-jvm-0.7.0.pom.sha512 for the dependency org.jetbrains.kotlinx:kotlinx-io-bytestring-jvm:0.7.0
00:12.300 DEBUG :database:resolveDependenciesJvm DependencyFileImpl        Not found URL: https://repo1.maven.org/maven2/org/jetbrains/kotlin/kotlin-stdlib/2.2.21/kotlin-stdlib-2.2.21.pom.sha512
00:12.304 DEBUG :server:resolveDependenciesJvm DependencyFileImpl        Downloaded https://repo1.maven.org/maven2/org/sonatype/oss/oss-parent/9/oss-parent-9.pom for the dependency org.sonatype.oss:oss-parent:9
00:12.325 DEBUG :server:resolveDependenciesJvm DependencyFileImpl        Downloaded https://repo1.maven.org/maven2/org/jetbrains/kotlinx/kotlinx-io-bytestring-jvm/0.7.0/kotlinx-io-bytestring-jvm-0.7.0.pom for the dependency org.jetbrains.kotlinx:kotlinx-io-bytestring-jvm:0.7.0
00:12.326 DEBUG :server:resolveDependenciesJvm DependencyFileImpl        Downloaded https://repo1.maven.org/maven2/org/eclipse/jetty/jetty-parent/21/jetty-parent-21.pom for the dependency org.eclipse.jetty:jetty-parent:21
00:12.332 DEBUG :server:resolveDependenciesJvm DependencyFileImpl        Not found URL: https://maven.pkg.jetbrains.space/public/p/compose/dev/net/mamoe/yamlkt/yamlkt-jvm/0.13.0/yamlkt-jvm-0.13.0.module.sha256
00:12.375 DEBUG :server:resolveDependenciesJvm DependencyFileImpl        Downloaded https://repo1.maven.org/maven2/net/mamoe/yamlkt/yamlkt-jvm/0.13.0/yamlkt-jvm-0.13.0.module.sha1 for the dependency net.mamoe.yamlkt:yamlkt-jvm:0.13.0
00:12.384 DEBUG :database:resolveDependenciesJvm DependencyFileImpl        Not found URL: https://maven.google.com/org/jetbrains/kotlin/kotlin-stdlib/2.2.21/kotlin-stdlib-2.2.21.pom.sha512
00:12.397 DEBUG :server:resolveDependenciesJvm DependencyFileImpl        Downloaded https://repo1.maven.org/maven2/io/netty/netty-transport/4.2.2.Final/netty-transport-4.2.2.Final.pom.sha512 for the dependency io.netty:netty-transport:4.2.2.Final
00:12.397 DEBUG :server:resolveDependenciesJvm DependencyFileImpl        Downloaded https://repo1.maven.org/maven2/io/netty/netty-codec-base/4.2.2.Final/netty-codec-base-4.2.2.Final.pom.sha512 for the dependency io.netty:netty-codec-base:4.2.2.Final
00:12.416 DEBUG :server:resolveDependenciesJvm DependencyFileImpl        Downloaded https://repo1.maven.org/maven2/io/netty/netty-buffer/4.2.2.Final/netty-buffer-4.2.2.Final.pom.sha512 for the dependency io.netty:netty-buffer:4.2.2.Final
00:12.424 DEBUG :server:resolveDependenciesJvm DependencyFileImpl        Downloaded https://repo1.maven.org/maven2/org/jetbrains/kotlinx/kotlinx-io-bytestring-jvm/0.7.0/kotlinx-io-bytestring-jvm-0.7.0.module.sha512 for the dependency org.jetbrains.kotlinx:kotlinx-io-bytestring-jvm:0.7.0
00:12.435 DEBUG :server:resolveDependenciesJvm DependencyFileImpl        Downloaded https://repo1.maven.org/maven2/io/netty/netty-codec-http/4.2.2.Final/netty-codec-http-4.2.2.Final.pom.sha512 for the dependency io.netty:netty-codec-http:4.2.2.Final
00:12.445 DEBUG :server:resolveDependenciesJvm DependencyFileImpl        Downloaded https://repo1.maven.org/maven2/net/mamoe/yamlkt/yamlkt-jvm/0.13.0/yamlkt-jvm-0.13.0.module for the dependency net.mamoe.yamlkt:yamlkt-jvm:0.13.0
00:12.480 DEBUG :server:resolveDependenciesJvm DependencyFileImpl        Downloaded https://repo1.maven.org/maven2/io/netty/netty-common/4.2.2.Final/netty-common-4.2.2.Final.pom.sha512 for the dependency io.netty:netty-common:4.2.2.Final
00:12.554 DEBUG :database:resolveDependenciesJvm DependencyFileImpl        Not found URL: https://maven.pkg.jetbrains.space/public/p/compose/dev/org/jetbrains/kotlin/kotlin-stdlib/2.2.21/kotlin-stdlib-2.2.21.pom.sha512
00:12.556 DEBUG :server:resolveDependenciesJvm DependencyFileImpl        Downloaded https://repo1.maven.org/maven2/io/netty/netty-handler/4.2.2.Final/netty-handler-4.2.2.Final.pom.sha512 for the dependency io.netty:netty-handler:4.2.2.Final
00:12.558 DEBUG :server:resolveDependenciesJvm DependencyFileImpl        Not found URL: https://repo1.maven.org/maven2/org/unbescape/unbescape/1.1.6.RELEASE/unbescape-1.1.6.RELEASE.pom.sha256
00:12.559 DEBUG :server:resolveDependenciesJvm DependencyFileImpl        Downloaded https://repo1.maven.org/maven2/io/netty/netty-transport-native-unix-common/4.2.2.Final/netty-transport-native-unix-common-4.2.2.Final.pom.sha512 for the dependency io.netty:netty-transport-native-unix-common:4.2.2.Final
00:12.562 DEBUG :server:resolveDependenciesJvm DependencyFileImpl        Downloaded https://repo1.maven.org/maven2/io/netty/netty-transport-classes-epoll/4.2.2.Final/netty-transport-classes-epoll-4.2.2.Final.pom.sha512 for the dependency io.netty:netty-transport-classes-epoll:4.2.2.Final
00:12.589 DEBUG :server:resolveDependenciesJvm DependencyFileImpl        Downloaded https://repo1.maven.org/maven2/io/netty/netty-codec-base/4.2.2.Final/netty-codec-base-4.2.2.Final.pom for the dependency io.netty:netty-codec-base:4.2.2.Final
00:12.590 DEBUG :server:resolveDependenciesJvm DependencyFileImpl        Downloaded https://repo1.maven.org/maven2/io/netty/netty-transport/4.2.2.Final/netty-transport-4.2.2.Final.pom for the dependency io.netty:netty-transport:4.2.2.Final
00:12.591 DEBUG :server:resolveDependenciesJvm DependencyFileImpl        Downloaded https://repo1.maven.org/maven2/io/netty/netty-buffer/4.2.2.Final/netty-buffer-4.2.2.Final.pom for the dependency io.netty:netty-buffer:4.2.2.Final
00:12.605 DEBUG :server:resolveDependenciesJvm DependencyFileImpl        Downloaded https://repo1.maven.org/maven2/io/netty/netty-common/4.2.2.Final/netty-common-4.2.2.Final.pom for the dependency io.netty:netty-common:4.2.2.Final
00:12.607 DEBUG :database:resolveDependenciesJvm DependencyFileImpl        Not found URL: https://repo1.maven.org/maven2/org/jetbrains/kotlin/kotlin-stdlib/2.2.21/kotlin-stdlib-2.2.21.pom.sha256
00:12.614 DEBUG :server:resolveDependenciesJvm DependencyFileImpl        Downloaded https://repo1.maven.org/maven2/io/netty/netty-handler/4.2.2.Final/netty-handler-4.2.2.Final.pom for the dependency io.netty:netty-handler:4.2.2.Final
00:12.643 DEBUG :server:resolveDependenciesJvm DependencyFileImpl        Downloaded https://repo1.maven.org/maven2/org/jetbrains/kotlinx/kotlinx-io-bytestring-jvm/0.7.0/kotlinx-io-bytestring-jvm-0.7.0.module for the dependency org.jetbrains.kotlinx:kotlinx-io-bytestring-jvm:0.7.0
00:12.644 DEBUG :server:resolveDependenciesJvm DependencyFileImpl        Downloaded https://repo1.maven.org/maven2/io/netty/netty-codec-http/4.2.2.Final/netty-codec-http-4.2.2.Final.pom for the dependency io.netty:netty-codec-http:4.2.2.Final
00:12.651 DEBUG :server:resolveDependenciesJvm DependencyFileImpl        Downloaded https://repo1.maven.org/maven2/io/netty/netty-transport-native-unix-common/4.2.2.Final/netty-transport-native-unix-common-4.2.2.Final.pom for the dependency io.netty:netty-transport-native-unix-common:4.2.2.Final
00:12.652 DEBUG :server:resolveDependenciesJvm DependencyFileImpl        Not found URL: https://repo1.maven.org/maven2/org/jetbrains/kotlin/kotlin-stdlib-jdk8/1.8.0/kotlin-stdlib-jdk8-1.8.0.pom.sha512
00:12.663 DEBUG :server:resolveDependenciesJvm DependencyFileImpl        Downloaded https://repo1.maven.org/maven2/io/netty/netty-transport-classes-epoll/4.2.2.Final/netty-transport-classes-epoll-4.2.2.Final.pom for the dependency io.netty:netty-transport-classes-epoll:4.2.2.Final
00:12.691 DEBUG :server:resolveDependenciesJvm DependencyFileImpl        Not found URL: https://maven.google.com/org/unbescape/unbescape/1.1.6.RELEASE/unbescape-1.1.6.RELEASE.pom.sha256
00:12.792 DEBUG :server:resolveDependenciesJvm DependencyFileImpl        Not found URL: https://maven.google.com/org/jetbrains/kotlin/kotlin-stdlib-jdk8/1.8.0/kotlin-stdlib-jdk8-1.8.0.pom.sha512
00:12.822 DEBUG :database:resolveDependenciesJvm DependencyFileImpl        Not found URL: https://maven.google.com/org/jetbrains/kotlin/kotlin-stdlib/2.2.21/kotlin-stdlib-2.2.21.pom.sha256
00:12.826 DEBUG :server:resolveDependenciesJvm DependencyFileImpl        Not found URL: https://maven.pkg.jetbrains.space/public/p/compose/dev/org/unbescape/unbescape/1.1.6.RELEASE/unbescape-1.1.6.RELEASE.pom.sha256
00:13.079 DEBUG :server:resolveDependenciesJvm DependencyFileImpl        Downloaded https://repo1.maven.org/maven2/io/netty/netty-transport-classes-kqueue/4.2.2.Final/netty-transport-classes-kqueue-4.2.2.Final.pom.sha512 for the dependency io.netty:netty-transport-classes-kqueue:4.2.2.Final
00:13.097 DEBUG :server:resolveDependenciesJvm DependencyFileImpl        Not found URL: https://maven.pkg.jetbrains.space/public/p/compose/dev/org/jetbrains/kotlin/kotlin-stdlib-jdk8/1.8.0/kotlin-stdlib-jdk8-1.8.0.pom.sha512
00:13.101 DEBUG :database:resolveDependenciesJvm DependencyFileImpl        Not found URL: https://maven.pkg.jetbrains.space/public/p/compose/dev/org/jetbrains/kotlin/kotlin-stdlib/2.2.21/kotlin-stdlib-2.2.21.pom.sha256
00:13.156 DEBUG :server:resolveDependenciesJvm DependencyFileImpl        Downloaded https://repo1.maven.org/maven2/org/unbescape/unbescape/1.1.6.RELEASE/unbescape-1.1.6.RELEASE.pom.sha1 for the dependency org.unbescape:unbescape:1.1.6.RELEASE
00:13.175 DEBUG :server:resolveDependenciesJvm DependencyFileImpl        Not found URL: https://repo1.maven.org/maven2/org/jetbrains/kotlin/kotlin-stdlib-jdk8/1.8.0/kotlin-stdlib-jdk8-1.8.0.pom.sha256
00:13.189 DEBUG :database:resolveDependenciesJvm DependencyFileImpl        Downloaded https://repo1.maven.org/maven2/org/jetbrains/kotlin/kotlin-stdlib/2.2.21/kotlin-stdlib-2.2.21.pom.sha1 for the dependency org.jetbrains.kotlin:kotlin-stdlib:2.2.21
00:13.204 DEBUG :server:resolveDependenciesJvm DependencyFileImpl        Downloaded https://repo1.maven.org/maven2/io/netty/netty-transport-classes-kqueue/4.2.2.Final/netty-transport-classes-kqueue-4.2.2.Final.pom for the dependency io.netty:netty-transport-classes-kqueue:4.2.2.Final
00:13.260 DEBUG :server:resolveDependenciesJvm DependencyFileImpl        Downloaded https://repo1.maven.org/maven2/org/unbescape/unbescape/1.1.6.RELEASE/unbescape-1.1.6.RELEASE.pom for the dependency org.unbescape:unbescape:1.1.6.RELEASE
00:13.273 DEBUG :database:resolveDependenciesJvm DependencyFileImpl        Downloaded https://repo1.maven.org/maven2/org/jetbrains/kotlin/kotlin-stdlib/2.2.21/kotlin-stdlib-2.2.21.pom for the dependency org.jetbrains.kotlin:kotlin-stdlib:2.2.21
00:13.281 DEBUG :server:resolveDependenciesJvm DependencyFileImpl        Not found URL: https://maven.google.com/org/jetbrains/kotlin/kotlin-stdlib-jdk8/1.8.0/kotlin-stdlib-jdk8-1.8.0.pom.sha256
00:13.451 DEBUG :server:resolveDependenciesJvm DependencyFileImpl        Not found URL: https://maven.pkg.jetbrains.space/public/p/compose/dev/org/jetbrains/kotlin/kotlin-stdlib-jdk8/1.8.0/kotlin-stdlib-jdk8-1.8.0.pom.sha256
00:13.482 DEBUG :server:resolveDependenciesJvm DependencyFileImpl        Downloaded https://repo1.maven.org/maven2/org/jetbrains/kotlin/kotlin-stdlib-jdk8/1.8.0/kotlin-stdlib-jdk8-1.8.0.pom.sha1 for the dependency org.jetbrains.kotlin:kotlin-stdlib-jdk8:1.8.0
00:13.492 DEBUG :server:resolveDependenciesJvm DependencyFileImpl        Downloaded https://repo1.maven.org/maven2/io/netty/netty-resolver/4.2.2.Final/netty-resolver-4.2.2.Final.pom.sha512 for the dependency io.netty:netty-resolver:4.2.2.Final
00:13.499 DEBUG :server:resolveDependenciesJvm DependencyFileImpl        Downloaded https://repo1.maven.org/maven2/io/netty/netty-codec-compression/4.2.2.Final/netty-codec-compression-4.2.2.Final.pom.sha512 for the dependency io.netty:netty-codec-compression:4.2.2.Final
00:13.509 DEBUG :server:resolveDependenciesJvm DependencyFileImpl        Downloaded https://repo1.maven.org/maven2/org/jetbrains/kotlin/kotlin-stdlib-jdk8/1.8.0/kotlin-stdlib-jdk8-1.8.0.pom for the dependency org.jetbrains.kotlin:kotlin-stdlib-jdk8:1.8.0
00:13.511 DEBUG :database:resolveDependenciesJvm DependencyFileImpl        Not found URL: https://repo1.maven.org/maven2/org/jetbrains/kotlin/kotlin-stdlib/2.2.21/kotlin-stdlib-2.2.21.module.sha512
00:13.516 DEBUG :server:resolveDependenciesJvm DependencyFileImpl        Downloaded https://repo1.maven.org/maven2/io/netty/netty-resolver/4.2.2.Final/netty-resolver-4.2.2.Final.pom for the dependency io.netty:netty-resolver:4.2.2.Final
00:13.528 DEBUG :server:resolveDependenciesJvm DependencyFileImpl        Downloaded https://repo1.maven.org/maven2/io/netty/netty-codec-compression/4.2.2.Final/netty-codec-compression-4.2.2.Final.pom for the dependency io.netty:netty-codec-compression:4.2.2.Final
00:13.584 DEBUG :server:resolveDependenciesJvm DependencyFileImpl        Not found URL: https://repo1.maven.org/maven2/org/jetbrains/kotlin/kotlin-stdlib-jdk7/1.8.0/kotlin-stdlib-jdk7-1.8.0.pom.sha512
00:13.599 DEBUG :database:resolveDependenciesJvm DependencyFileImpl        Not found URL: https://maven.google.com/org/jetbrains/kotlin/kotlin-stdlib/2.2.21/kotlin-stdlib-2.2.21.module.sha512
00:13.636 DEBUG :database:resolveDependenciesJvm DependencyFileImpl        Not found URL: https://maven.pkg.jetbrains.space/public/p/compose/dev/org/jetbrains/kotlin/kotlin-stdlib/2.2.21/kotlin-stdlib-2.2.21.module.sha512
00:13.654 DEBUG :database:resolveDependenciesJvm DependencyFileImpl        Not found URL: https://repo1.maven.org/maven2/org/jetbrains/kotlin/kotlin-stdlib/2.2.21/kotlin-stdlib-2.2.21.module.sha256
00:13.677 DEBUG :server:resolveDependenciesJvm DependencyFileImpl        Not found URL: https://maven.google.com/org/jetbrains/kotlin/kotlin-stdlib-jdk7/1.8.0/kotlin-stdlib-jdk7-1.8.0.pom.sha512
00:13.719 DEBUG :server:resolveDependenciesJvm DependencyFileImpl        Not found URL: https://maven.pkg.jetbrains.space/public/p/compose/dev/org/jetbrains/kotlin/kotlin-stdlib-jdk7/1.8.0/kotlin-stdlib-jdk7-1.8.0.pom.sha512
00:13.748 DEBUG :database:resolveDependenciesJvm DependencyFileImpl        Not found URL: https://maven.google.com/org/jetbrains/kotlin/kotlin-stdlib/2.2.21/kotlin-stdlib-2.2.21.module.sha256
00:13.750 DEBUG :server:resolveDependenciesJvm DependencyFileImpl        Not found URL: https://repo1.maven.org/maven2/org/jetbrains/kotlin/kotlin-stdlib-jdk7/1.8.0/kotlin-stdlib-jdk7-1.8.0.pom.sha256
00:13.898 DEBUG :database:resolveDependenciesJvm DependencyFileImpl        Not found URL: https://maven.pkg.jetbrains.space/public/p/compose/dev/org/jetbrains/kotlin/kotlin-stdlib/2.2.21/kotlin-stdlib-2.2.21.module.sha256
00:13.923 DEBUG :server:resolveDependenciesJvm DependencyFileImpl        Not found URL: https://maven.google.com/org/jetbrains/kotlin/kotlin-stdlib-jdk7/1.8.0/kotlin-stdlib-jdk7-1.8.0.pom.sha256
00:13.932 DEBUG :database:resolveDependenciesJvm DependencyFileImpl        Downloaded https://repo1.maven.org/maven2/org/jetbrains/kotlin/kotlin-stdlib/2.2.21/kotlin-stdlib-2.2.21.module.sha1 for the dependency org.jetbrains.kotlin:kotlin-stdlib:2.2.21
00:13.955 DEBUG :database:resolveDependenciesJvm DependencyFileImpl        Downloaded https://repo1.maven.org/maven2/org/jetbrains/kotlin/kotlin-stdlib/2.2.21/kotlin-stdlib-2.2.21.module for the dependency org.jetbrains.kotlin:kotlin-stdlib:2.2.21
00:13.960 DEBUG :server:resolveDependenciesJvm DependencyFileImpl        Not found URL: https://maven.pkg.jetbrains.space/public/p/compose/dev/org/jetbrains/kotlin/kotlin-stdlib-jdk7/1.8.0/kotlin-stdlib-jdk7-1.8.0.pom.sha256
00:13.998 DEBUG :server:resolveDependenciesJvm DependencyFileImpl        Downloaded https://repo1.maven.org/maven2/org/jetbrains/kotlin/kotlin-stdlib-jdk7/1.8.0/kotlin-stdlib-jdk7-1.8.0.pom.sha1 for the dependency org.jetbrains.kotlin:kotlin-stdlib-jdk7:1.8.0
00:14.022 DEBUG :database:resolveDependenciesJvm DependencyFileImpl        Downloaded https://repo1.maven.org/maven2/de/mkammerer/argon2-jvm-nolibs/2.11/argon2-jvm-nolibs-2.11.jar for the dependency de.mkammerer:argon2-jvm-nolibs:2.11
00:14.064 DEBUG :database:resolveDependenciesJvm DependencyFileImpl        Downloaded https://repo1.maven.org/maven2/de/mkammerer/argon2-jvm/2.11/argon2-jvm-2.11.jar for the dependency de.mkammerer:argon2-jvm:2.11
00:14.109 DEBUG :database:resolveDependenciesJvm DependencyFileImpl        Not found URL: https://repo1.maven.org/maven2/org/jetbrains/kotlin/kotlin-reflect/2.1.0/kotlin-reflect-2.1.0.jar.sha512
00:14.127 DEBUG :server:resolveDependenciesJvm DependencyFileImpl        Downloaded https://repo1.maven.org/maven2/org/jetbrains/kotlin/kotlin-stdlib-jdk7/1.8.0/kotlin-stdlib-jdk7-1.8.0.pom for the dependency org.jetbrains.kotlin:kotlin-stdlib-jdk7:1.8.0
00:14.129 DEBUG :database:resolveDependenciesJvm DependencyFileImpl        Downloaded https://repo1.maven.org/maven2/org/jetbrains/exposed/exposed-jdbc/1.0.0-rc-4/exposed-jdbc-1.0.0-rc-4.jar for the dependency org.jetbrains.exposed:exposed-jdbc:1.0.0-rc-4
00:14.301 DEBUG :database:resolveDependenciesJvm DependencyFileImpl        Not found URL: https://maven.google.com/org/jetbrains/kotlin/kotlin-reflect/2.1.0/kotlin-reflect-2.1.0.jar.sha512
00:14.364 DEBUG :database:resolveDependenciesJvm DependencyFileImpl        Downloaded https://repo1.maven.org/maven2/org/jetbrains/exposed/exposed-dao/1.0.0-rc-4/exposed-dao-1.0.0-rc-4.jar for the dependency org.jetbrains.exposed:exposed-dao:1.0.0-rc-4
00:14.515 DEBUG :database:resolveDependenciesJvm DependencyFileImpl        Downloaded https://repo1.maven.org/maven2/org/jetbrains/kotlinx/kotlinx-datetime-jvm/0.7.1-0.6.x-compat/kotlinx-datetime-jvm-0.7.1-0.6.x-compat.jar for the dependency org.jetbrains.kotlinx:kotlinx-datetime-jvm:0.7.1-0.6.x-compat
00:14.559 DEBUG :database:resolveDependenciesJvm DependencyFileImpl        Not found URL: https://maven.pkg.jetbrains.space/public/p/compose/dev/org/jetbrains/kotlin/kotlin-reflect/2.1.0/kotlin-reflect-2.1.0.jar.sha512
00:14.605 DEBUG :database:resolveDependenciesJvm DependencyFileImpl        Downloaded https://repo1.maven.org/maven2/org/jetbrains/exposed/exposed-core/1.0.0-rc-4/exposed-core-1.0.0-rc-4.jar for the dependency org.jetbrains.exposed:exposed-core:1.0.0-rc-4
00:14.650 DEBUG :database:resolveDependenciesJvm DependencyFileImpl        Downloaded https://repo1.maven.org/maven2/org/jetbrains/kotlinx/kotlinx-coroutines-core-jvm/1.10.2/kotlinx-coroutines-core-jvm-1.10.2.jar for the dependency org.jetbrains.kotlinx:kotlinx-coroutines-core-jvm:1.10.2
00:14.682 DEBUG :database:resolveDependenciesJvm DependencyFileImpl        Not found URL: https://repo1.maven.org/maven2/org/jetbrains/annotations/23.0.0/annotations-23.0.0.jar.sha512
00:14.820 DEBUG :database:resolveDependenciesJvm DependencyFileImpl        Not found URL: https://repo1.maven.org/maven2/net/java/dev/jna/jna/5.8.0/jna-5.8.0.jar.sha512
00:14.821 DEBUG :server:resolveDependenciesJvm DependencyFileImpl        Not found URL: https://repo1.maven.org/maven2/org/slf4j/slf4j-api/2.0.17/slf4j-api-2.0.17.pom.sha512
00:14.822 DEBUG :database:resolveDependenciesJvm DependencyFileImpl        Not found URL: https://repo1.maven.org/maven2/org/slf4j/slf4j-api/2.0.9/slf4j-api-2.0.9.jar.sha512
00:14.846 DEBUG :server:resolveDependenciesJvm DependencyFileImpl        Downloaded https://repo1.maven.org/maven2/org/jetbrains/kotlinx/kotlinx-serialization-core/1.8.1/kotlinx-serialization-core-1.8.1.pom.sha512 for the dependency org.jetbrains.kotlinx:kotlinx-serialization-core:1.8.1
00:14.860 DEBUG :database:resolveDependenciesJvm DependencyFileImpl        Not found URL: https://maven.google.com/org/jetbrains/annotations/23.0.0/annotations-23.0.0.jar.sha512
00:14.889 DEBUG :server:resolveDependenciesJvm DependencyFileImpl        Not found URL: https://maven.google.com/org/slf4j/slf4j-api/2.0.17/slf4j-api-2.0.17.pom.sha512
00:14.895 DEBUG :database:resolveDependenciesJvm DependencyFileImpl        Downloaded https://repo1.maven.org/maven2/org/jetbrains/kotlin/kotlin-stdlib/2.2.21/kotlin-stdlib-2.2.21.jar for the dependency org.jetbrains.kotlin:kotlin-stdlib:2.2.21
00:14.896 DEBUG :server:resolveDependenciesJvm DependencyFileImpl        Not found URL: https://repo1.maven.org/maven2/org/jetbrains/kotlin/kotlin-reflect/2.1.21/kotlin-reflect-2.1.21.pom.sha512
00:14.897 DEBUG :database:resolveDependenciesJvm DependencyFileImpl        Not found URL: https://repo1.maven.org/maven2/org/jetbrains/kotlin/kotlin-reflect/2.1.0/kotlin-reflect-2.1.0.jar.sha256
00:14.897 DEBUG :server:resolveDependenciesJvm DependencyFileImpl        Downloaded https://repo1.maven.org/maven2/com/squareup/okio/okio-jvm/3.11.0/okio-jvm-3.11.0.module for the dependency com.squareup.okio:okio-jvm:3.11.0
00:14.902 DEBUG :database:resolveDependenciesJvm DependencyFileImpl        Not found URL: https://maven.google.com/org/slf4j/slf4j-api/2.0.9/slf4j-api-2.0.9.jar.sha512
00:14.903 DEBUG :database:resolveDependenciesJvm DependencyFileImpl        Not found URL: https://maven.google.com/net/java/dev/jna/jna/5.8.0/jna-5.8.0.jar.sha512
00:14.904 DEBUG :server:resolveDependenciesJvm DependencyFileImpl        Downloaded https://repo1.maven.org/maven2/org/jetbrains/kotlinx/kotlinx-serialization-core/1.8.1/kotlinx-serialization-core-1.8.1.pom for the dependency org.jetbrains.kotlinx:kotlinx-serialization-core:1.8.1
00:14.909 DEBUG :database:resolveDependenciesJvm DependencyFileImpl        Not found URL: https://maven.pkg.jetbrains.space/public/p/compose/dev/org/jetbrains/annotations/23.0.0/annotations-23.0.0.jar.sha512
00:14.930 DEBUG :server:resolveDependenciesJvm DependencyFileImpl        Not found URL: https://maven.pkg.jetbrains.space/public/p/compose/dev/org/slf4j/slf4j-api/2.0.17/slf4j-api-2.0.17.pom.sha512
00:14.932 DEBUG :server:resolveDependenciesJvm DependencyFileImpl        Downloaded https://repo1.maven.org/maven2/org/jetbrains/kotlinx/kotlinx-serialization-core/1.8.1/kotlinx-serialization-core-1.8.1.module.sha512 for the dependency org.jetbrains.kotlinx:kotlinx-serialization-core:1.8.1
00:14.940 DEBUG :database:resolveDependenciesJvm DependencyFileImpl        Not found URL: https://repo1.maven.org/maven2/org/jetbrains/annotations/23.0.0/annotations-23.0.0.jar.sha256
00:14.946 DEBUG :database:resolveDependenciesJvm DependencyFileImpl        Not found URL: https://maven.pkg.jetbrains.space/public/p/compose/dev/org/slf4j/slf4j-api/2.0.9/slf4j-api-2.0.9.jar.sha512
00:14.948 DEBUG :database:resolveDependenciesJvm DependencyFileImpl        Not found URL: https://maven.pkg.jetbrains.space/public/p/compose/dev/net/java/dev/jna/jna/5.8.0/jna-5.8.0.jar.sha512
00:14.959 DEBUG :server:resolveDependenciesJvm DependencyFileImpl        Not found URL: https://repo1.maven.org/maven2/org/slf4j/slf4j-api/2.0.17/slf4j-api-2.0.17.pom.sha256
00:14.967 DEBUG :server:resolveDependenciesJvm DependencyFileImpl        Not found URL: https://maven.google.com/org/jetbrains/kotlin/kotlin-reflect/2.1.21/kotlin-reflect-2.1.21.pom.sha512
00:14.969 DEBUG :server:resolveDependenciesJvm DependencyFileImpl        Downloaded https://repo1.maven.org/maven2/org/jetbrains/kotlinx/kotlinx-serialization-core/1.8.1/kotlinx-serialization-core-1.8.1.module for the dependency org.jetbrains.kotlinx:kotlinx-serialization-core:1.8.1
00:14.974 DEBUG :database:resolveDependenciesJvm DependencyFileImpl        Not found URL: https://maven.google.com/org/jetbrains/kotlin/kotlin-reflect/2.1.0/kotlin-reflect-2.1.0.jar.sha256
00:15.001 DEBUG :server:resolveDependenciesJvm DependencyFileImpl        Not found URL: https://maven.pkg.jetbrains.space/public/p/compose/dev/org/jetbrains/kotlin/kotlin-reflect/2.1.21/kotlin-reflect-2.1.21.pom.sha512
00:15.005 DEBUG :database:resolveDependenciesJvm DependencyFileImpl        Downloaded https://repo1.maven.org/maven2/org/jetbrains/kotlin/kotlin-stdlib/2.2.21/kotlin-stdlib-2.2.21-sources.jar for the dependency org.jetbrains.kotlin:kotlin-stdlib:2.2.21
00:15.006 DEBUG :server:resolveDependenciesJvm DependencyFileImpl        Downloaded https://repo1.maven.org/maven2/org/jetbrains/kotlinx/kotlinx-serialization-core-jvm/1.8.1/kotlinx-serialization-core-jvm-1.8.1.pom.sha512 for the dependency org.jetbrains.kotlinx:kotlinx-serialization-core-jvm:1.8.1
00:15.013 DEBUG :database:resolveDependenciesJvm DependencyFileImpl        Not found URL: https://maven.pkg.jetbrains.space/public/p/compose/dev/org/jetbrains/kotlin/kotlin-reflect/2.1.0/kotlin-reflect-2.1.0.jar.sha256
00:15.014 DEBUG :database:resolveDependenciesJvm DependencyFileImpl        Not found URL: https://maven.google.com/org/jetbrains/annotations/23.0.0/annotations-23.0.0.jar.sha256
00:15.024 DEBUG :server:resolveDependenciesJvm DependencyFileImpl        Downloaded https://repo1.maven.org/maven2/org/jetbrains/kotlinx/kotlinx-serialization-core-jvm/1.8.1/kotlinx-serialization-core-jvm-1.8.1.pom for the dependency org.jetbrains.kotlinx:kotlinx-serialization-core-jvm:1.8.1
00:15.030 DEBUG :database:resolveDependenciesJvm DependencyFileImpl        Downloaded https://repo1.maven.org/maven2/org/jetbrains/kotlin/kotlin-reflect/2.1.0/kotlin-reflect-2.1.0.jar.sha1 for the dependency org.jetbrains.kotlin:kotlin-reflect:2.1.0
00:15.035 DEBUG :server:resolveDependenciesJvm DependencyFileImpl        Not found URL: https://maven.google.com/org/slf4j/slf4j-api/2.0.17/slf4j-api-2.0.17.pom.sha256
00:15.051 DEBUG :server:resolveDependenciesJvm DependencyFileImpl        Downloaded https://repo1.maven.org/maven2/org/jetbrains/kotlinx/kotlinx-serialization-core-jvm/1.8.1/kotlinx-serialization-core-jvm-1.8.1.module.sha512 for the dependency org.jetbrains.kotlinx:kotlinx-serialization-core-jvm:1.8.1
00:15.055 DEBUG :database:resolveDependenciesJvm DependencyFileImpl        Not found URL: https://maven.pkg.jetbrains.space/public/p/compose/dev/org/jetbrains/annotations/23.0.0/annotations-23.0.0.jar.sha256
00:15.070 DEBUG :server:resolveDependenciesJvm DependencyFileImpl        Not found URL: https://maven.pkg.jetbrains.space/public/p/compose/dev/org/slf4j/slf4j-api/2.0.17/slf4j-api-2.0.17.pom.sha256
00:15.283 DEBUG :database:resolveDependenciesJvm DependencyFileImpl        Downloaded https://repo1.maven.org/maven2/org/jetbrains/annotations/23.0.0/annotations-23.0.0.jar.sha1 for the dependency org.jetbrains:annotations:23.0.0
00:15.292 DEBUG :server:resolveDependenciesJvm DependencyFileImpl        Downloaded https://repo1.maven.org/maven2/org/jetbrains/kotlinx/kotlinx-serialization-core-jvm/1.8.1/kotlinx-serialization-core-jvm-1.8.1.module for the dependency org.jetbrains.kotlinx:kotlinx-serialization-core-jvm:1.8.1
00:15.304 DEBUG :database:resolveDependenciesJvm DependencyFileImpl        Downloaded https://repo1.maven.org/maven2/org/jetbrains/kotlin/kotlin-reflect/2.1.0/kotlin-reflect-2.1.0.jar for the dependency org.jetbrains.kotlin:kotlin-reflect:2.1.0
00:15.305 DEBUG :server:resolveDependenciesJvm DependencyFileImpl        Downloaded https://repo1.maven.org/maven2/org/slf4j/slf4j-api/2.0.17/slf4j-api-2.0.17.pom.sha1 for the dependency org.slf4j:slf4j-api:2.0.17
00:15.308 DEBUG :database:resolveDependenciesJvm DependencyFileImpl        Not found URL: https://repo1.maven.org/maven2/net/java/dev/jna/jna/5.8.0/jna-5.8.0.jar.sha256
00:15.309 DEBUG :server:resolveDependenciesJvm DependencyFileImpl        Not found URL: https://repo1.maven.org/maven2/org/jetbrains/kotlin/kotlin-reflect/2.1.21/kotlin-reflect-2.1.21.pom.sha256
00:15.310 DEBUG :database:resolveDependenciesJvm DependencyFileImpl        Not found URL: https://repo1.maven.org/maven2/org/slf4j/slf4j-api/2.0.9/slf4j-api-2.0.9.jar.sha256
00:15.313 DEBUG :database:resolveDependenciesJvm DependencyFileImpl        Downloaded https://repo1.maven.org/maven2/org/jetbrains/annotations/23.0.0/annotations-23.0.0.jar for the dependency org.jetbrains:annotations:23.0.0
00:15.318 DEBUG :server:resolveDependenciesJvm DependencyFileImpl        Downloaded https://repo1.maven.org/maven2/org/jetbrains/kotlinx/kotlinx-serialization-bom/1.8.1/kotlinx-serialization-bom-1.8.1.pom.sha512 for the dependency org.jetbrains.kotlinx:kotlinx-serialization-bom:1.8.1
00:15.322 DEBUG :server:resolveDependenciesJvm DependencyFileImpl        Downloaded https://repo1.maven.org/maven2/org/slf4j/slf4j-api/2.0.17/slf4j-api-2.0.17.pom for the dependency org.slf4j:slf4j-api:2.0.17
00:15.338 DEBUG :server:resolveDependenciesJvm DependencyFileImpl        Downloaded https://repo1.maven.org/maven2/org/jetbrains/kotlinx/kotlinx-serialization-bom/1.8.1/kotlinx-serialization-bom-1.8.1.pom for the dependency org.jetbrains.kotlinx:kotlinx-serialization-bom:1.8.1
00:15.352 DEBUG :server:resolveDependenciesJvm DependencyFileImpl        Not found URL: https://repo1.maven.org/maven2/org/slf4j/slf4j-parent/2.0.17/slf4j-parent-2.0.17.pom.sha512
00:15.377 DEBUG :database:resolveDependenciesJvm DependencyFileImpl        Not found URL: https://maven.google.com/net/java/dev/jna/jna/5.8.0/jna-5.8.0.jar.sha256
00:15.414 DEBUG :database:resolveDependenciesJvm DependencyFileImpl        Not found URL: https://maven.pkg.jetbrains.space/public/p/compose/dev/net/java/dev/jna/jna/5.8.0/jna-5.8.0.jar.sha256
00:15.420 DEBUG :server:resolveDependenciesJvm DependencyFileImpl        Not found URL: https://maven.google.com/org/slf4j/slf4j-parent/2.0.17/slf4j-parent-2.0.17.pom.sha512
00:15.438 DEBUG :database:resolveDependenciesJvm DependencyFileImpl        Downloaded https://repo1.maven.org/maven2/net/java/dev/jna/jna/5.8.0/jna-5.8.0.jar.sha1 for the dependency net.java.dev.jna:jna:5.8.0
00:15.445 DEBUG :server:resolveDependenciesJvm DependencyFileImpl        Not found URL: https://maven.google.com/org/jetbrains/kotlin/kotlin-reflect/2.1.21/kotlin-reflect-2.1.21.pom.sha256
00:15.457 DEBUG :server:resolveDependenciesJvm DependencyFileImpl        Not found URL: https://maven.pkg.jetbrains.space/public/p/compose/dev/org/slf4j/slf4j-parent/2.0.17/slf4j-parent-2.0.17.pom.sha512
00:15.472 DEBUG :database:resolveDependenciesJvm DependencyFileImpl        Not found URL: https://maven.google.com/org/slf4j/slf4j-api/2.0.9/slf4j-api-2.0.9.jar.sha256
00:15.480 DEBUG :server:resolveDependenciesJvm DependencyFileImpl        Not found URL: https://maven.pkg.jetbrains.space/public/p/compose/dev/org/jetbrains/kotlin/kotlin-reflect/2.1.21/kotlin-reflect-2.1.21.pom.sha256
00:15.510 DEBUG :database:resolveDependenciesJvm DependencyFileImpl        Not found URL: https://maven.pkg.jetbrains.space/public/p/compose/dev/org/slf4j/slf4j-api/2.0.9/slf4j-api-2.0.9.jar.sha256
00:15.510 DEBUG :server:resolveDependenciesJvm DependencyFileImpl        Not found URL: https://repo1.maven.org/maven2/org/slf4j/slf4j-parent/2.0.17/slf4j-parent-2.0.17.pom.sha256
00:15.512 DEBUG :database:resolveDependenciesJvm DependencyFileImpl        Downloaded https://repo1.maven.org/maven2/net/java/dev/jna/jna/5.8.0/jna-5.8.0.jar for the dependency net.java.dev.jna:jna:5.8.0
00:15.515 DEBUG :server:resolveDependenciesJvm DependencyFileImpl        Downloaded https://repo1.maven.org/maven2/org/jetbrains/kotlin/kotlin-reflect/2.1.21/kotlin-reflect-2.1.21.pom.sha1 for the dependency org.jetbrains.kotlin:kotlin-reflect:2.1.21
00:15.557 DEBUG :database:resolveDependenciesJvm DependencyFileImpl        Downloaded https://repo1.maven.org/maven2/org/slf4j/slf4j-api/2.0.9/slf4j-api-2.0.9.jar.sha1 for the dependency org.slf4j:slf4j-api:2.0.9
00:15.575 DEBUG :server:resolveDependenciesJvm DependencyFileImpl        Downloaded https://repo1.maven.org/maven2/org/jetbrains/kotlin/kotlin-reflect/2.1.21/kotlin-reflect-2.1.21.pom for the dependency org.jetbrains.kotlin:kotlin-reflect:2.1.21
00:15.645 DEBUG :server:resolveDependenciesJvm DependencyFileImpl        Not found URL: https://maven.google.com/org/slf4j/slf4j-parent/2.0.17/slf4j-parent-2.0.17.pom.sha256
00:15.659 DEBUG :database:resolveDependenciesJvm DependencyFileImpl        Downloaded https://repo1.maven.org/maven2/org/slf4j/slf4j-api/2.0.9/slf4j-api-2.0.9.jar for the dependency org.slf4j:slf4j-api:2.0.9
00:15.707 DEBUG :server:resolveDependenciesJvm DependencyFileImpl        Not found URL: https://maven.pkg.jetbrains.space/public/p/compose/dev/org/slf4j/slf4j-parent/2.0.17/slf4j-parent-2.0.17.pom.sha256
00:15.734 DEBUG :server:resolveDependenciesJvm DependencyFileImpl        Downloaded https://repo1.maven.org/maven2/org/slf4j/slf4j-parent/2.0.17/slf4j-parent-2.0.17.pom.sha1 for the dependency org.slf4j:slf4j-parent:2.0.17
00:15.759 DEBUG :server:resolveDependenciesJvm DependencyFileImpl        Downloaded https://repo1.maven.org/maven2/org/slf4j/slf4j-parent/2.0.17/slf4j-parent-2.0.17.pom for the dependency org.slf4j:slf4j-parent:2.0.17
00:15.800 DEBUG :server:resolveDependenciesJvm DependencyFileImpl        Not found URL: https://repo1.maven.org/maven2/org/slf4j/slf4j-bom/2.0.17/slf4j-bom-2.0.17.pom.sha512
00:15.872 DEBUG :server:resolveDependenciesJvm DependencyFileImpl        Not found URL: https://maven.google.com/org/slf4j/slf4j-bom/2.0.17/slf4j-bom-2.0.17.pom.sha512
00:15.913 DEBUG :server:resolveDependenciesJvm DependencyFileImpl        Not found URL: https://maven.pkg.jetbrains.space/public/p/compose/dev/org/slf4j/slf4j-bom/2.0.17/slf4j-bom-2.0.17.pom.sha512
00:15.923 DEBUG :database:resolveDependenciesJvm IncrementalCache          [inc] finished 'Module dependencies graph,/workspaces/2850-Physical-Fitness-Webapp/database,JVM,false,ResolutionConfigPlain(scope=COMPILE, platforms=[JVM], repositories=[https://repo1.maven.org/maven2]),false,true,NETWORK' in 10.500745273s
00:15.939 DEBUG :server:resolveDependenciesJvm DependencyFileImpl        Not found URL: https://repo1.maven.org/maven2/org/slf4j/slf4j-bom/2.0.17/slf4j-bom-2.0.17.pom.sha256
00:16.006 DEBUG :server:resolveDependenciesJvm DependencyFileImpl        Not found URL: https://maven.google.com/org/slf4j/slf4j-bom/2.0.17/slf4j-bom-2.0.17.pom.sha256
00:16.020 DEBUG :database:resolveDependenciesJvm IncrementalCache          [inc] 'Module dependencies graph,/workspaces/2850-Physical-Fitness-Webapp/database,JVM,false,ResolutionConfigPlain(scope=COMPILE, platforms=[JVM], repositories=[https://repo1.maven.org/maven2]),false,true,NETWORK' changes: '/home/codespace/.cache/JetBrains/Amper/.m2.cache/org/jetbrains/exposed/exposed-core/1.0.0-rc-4/exposed-core-1.0.0-rc-4.jar' CREATED, '/home/codespace/.cache/JetBrains/Amper/.m2.cache/org/jetbrains/exposed/exposed-dao/1.0.0-rc-4/exposed-dao-1.0.0-rc-4.jar' CREATED, '/home/codespace/.cache/JetBrains/Amper/.m2.cache/org/jetbrains/exposed/exposed-jdbc/1.0.0-rc-4/exposed-jdbc-1.0.0-rc-4.jar' CREATED, '/home/codespace/.cache/JetBrains/Amper/.m2.cache/de/mkammerer/argon2-jvm/2.11/argon2-jvm-2.11.jar' CREATED, '/home/codespace/.cache/JetBrains/Amper/.m2.cache/org/jetbrains/kotlin/kotlin-stdlib/2.2.21/kotlin-stdlib-2.2.21.jar' CREATED, '/home/codespace/.cache/JetBrains/Amper/.m2.cache/org/jetbrains/kotlin/kotlin-reflect/2.1.0/kotlin-reflect-2.1.0.jar' CREATED, '/home/codespace/.cache/JetBrains/Amper/.m2.cache/org/jetbrains/kotlinx/kotlinx-datetime-jvm/0.7.1-0.6.x-compat/kotlinx-datetime-jvm-0.7.1-0.6.x-compat.jar' CREATED, '/home/codespace/.cache/JetBrains/Amper/.m2.cache/org/slf4j/slf4j-api/2.0.9/slf4j-api-2.0.9.jar' CREATED, '/home/codespace/.cache/JetBrains/Amper/.m2.cache/de/mkammerer/argon2-jvm-nolibs/2.11/argon2-jvm-nolibs-2.11.jar' CREATED, '/home/codespace/.cache/JetBrains/Amper/.m2.cache/org/jetbrains/annotations/23.0.0/annotations-23.0.0.jar' CREATED, '/home/codespace/.cache/JetBrains/Amper/.m2.cache/org/jetbrains/kotlinx/kotlinx-coroutines-core-jvm/1.10.2/kotlinx-coroutines-core-jvm-1.10.2.jar' CREATED, '/home/codespace/.cache/JetBrains/Amper/.m2.cache/net/java/dev/jna/jna/5.8.0/jna-5.8.0.jar' CREATED
00:16.026 DEBUG :database:resolveDependenciesJvm IncrementalCache          [inc] finished ':database:resolveDependenciesJvm' in 10.671980902s
00:16.030 DEBUG :database:resolveDependenciesJvm IncrementalCache          [inc] ':database:resolveDependenciesJvm' changes: '/home/codespace/.cache/JetBrains/Amper/.m2.cache/de/mkammerer/argon2-jvm-nolibs/2.11/argon2-jvm-nolibs-2.11.jar' CREATED, '/home/codespace/.cache/JetBrains/Amper/.m2.cache/de/mkammerer/argon2-jvm/2.11/argon2-jvm-2.11.jar' CREATED, '/home/codespace/.cache/JetBrains/Amper/.m2.cache/net/java/dev/jna/jna/5.8.0/jna-5.8.0.jar' CREATED, '/home/codespace/.cache/JetBrains/Amper/.m2.cache/org/jetbrains/annotations/23.0.0/annotations-23.0.0.jar' CREATED, '/home/codespace/.cache/JetBrains/Amper/.m2.cache/org/jetbrains/exposed/exposed-core/1.0.0-rc-4/exposed-core-1.0.0-rc-4.jar' CREATED, '/home/codespace/.cache/JetBrains/Amper/.m2.cache/org/jetbrains/exposed/exposed-dao/1.0.0-rc-4/exposed-dao-1.0.0-rc-4.jar' CREATED, '/home/codespace/.cache/JetBrains/Amper/.m2.cache/org/jetbrains/exposed/exposed-jdbc/1.0.0-rc-4/exposed-jdbc-1.0.0-rc-4.jar' CREATED, '/home/codespace/.cache/JetBrains/Amper/.m2.cache/org/jetbrains/kotlin/kotlin-reflect/2.1.0/kotlin-reflect-2.1.0.jar' CREATED, '/home/codespace/.cache/JetBrains/Amper/.m2.cache/org/jetbrains/kotlin/kotlin-stdlib/2.2.21/kotlin-stdlib-2.2.21.jar' CREATED, '/home/codespace/.cache/JetBrains/Amper/.m2.cache/org/jetbrains/kotlinx/kotlinx-coroutines-core-jvm/1.10.2/kotlinx-coroutines-core-jvm-1.10.2.jar' CREATED, '/home/codespace/.cache/JetBrains/Amper/.m2.cache/org/jetbrains/kotlinx/kotlinx-datetime-jvm/0.7.1-0.6.x-compat/kotlinx-datetime-jvm-0.7.1-0.6.x-compat.jar' CREATED, '/home/codespace/.cache/JetBrains/Amper/.m2.cache/org/slf4j/slf4j-api/2.0.9/slf4j-api-2.0.9.jar' CREATED
00:16.033 DEBUG :database:resolveDependenciesJvm ResolveExternalDependenciesTask resolve dependencies database -- common jvm -- de.mkammerer:argon2-jvm:2.11 org.jetbrains.exposed:exposed-core:1.0.0-rc-4 org.jetbrains.exposed:exposed-dao:1.0.0-rc-4 org.jetbrains.exposed:exposed-jdbc:1.0.0-rc-4 org.jetbrains.kotlin:kotlin-stdlib:2.2.21 -- resolvePlatform=JVM nativeTarget=null
wasmTarget=null
https://repo1.maven.org/maven2 https://maven.google.com https://maven.pkg.jetbrains.space/public/p/compose/dev resolved to:
  .m2.cache/org/jetbrains/exposed/exposed-core/1.0.0-rc-4/exposed-core-1.0.0-rc-4.jar
  .m2.cache/org/jetbrains/exposed/exposed-dao/1.0.0-rc-4/exposed-dao-1.0.0-rc-4.jar
  .m2.cache/org/jetbrains/exposed/exposed-jdbc/1.0.0-rc-4/exposed-jdbc-1.0.0-rc-4.jar
  .m2.cache/de/mkammerer/argon2-jvm/2.11/argon2-jvm-2.11.jar
  .m2.cache/org/jetbrains/kotlin/kotlin-stdlib/2.2.21/kotlin-stdlib-2.2.21.jar
  .m2.cache/org/jetbrains/kotlin/kotlin-reflect/2.1.0/kotlin-reflect-2.1.0.jar
  .m2.cache/org/jetbrains/kotlinx/kotlinx-datetime-jvm/0.7.1-0.6.x-compat/kotlinx-datetime-jvm-0.7.1-0.6.x-compat.jar
  .m2.cache/org/slf4j/slf4j-api/2.0.9/slf4j-api-2.0.9.jar
  .m2.cache/de/mkammerer/argon2-jvm-nolibs/2.11/argon2-jvm-nolibs-2.11.jar
  .m2.cache/org/jetbrains/annotations/23.0.0/annotations-23.0.0.jar
  .m2.cache/org/jetbrains/kotlinx/kotlinx-coroutines-core-jvm/1.10.2/kotlinx-coroutines-core-jvm-1.10.2.jar
00:16.035 DEBUG :database:compileJvm      JvmCompileTask            compile database -- common jvm
00:16.043 DEBUG :server:resolveDependenciesJvm DependencyFileImpl        Not found URL: https://maven.pkg.jetbrains.space/public/p/compose/dev/org/slf4j/slf4j-bom/2.0.17/slf4j-bom-2.0.17.pom.sha256
00:16.058 DEBUG :server:resolveDependenciesJvm DependencyFileImpl        Downloaded https://repo1.maven.org/maven2/org/slf4j/slf4j-bom/2.0.17/slf4j-bom-2.0.17.pom.sha1 for the dependency org.slf4j:slf4j-bom:2.0.17
00:16.075 DEBUG :server:resolveDependenciesJvm DependencyFileImpl        Downloaded https://repo1.maven.org/maven2/org/slf4j/slf4j-bom/2.0.17/slf4j-bom-2.0.17.pom for the dependency org.slf4j:slf4j-bom:2.0.17
00:16.309 DEBUG :server:resolveDependenciesJvm DependencyFileImpl        Downloaded https://repo1.maven.org/maven2/io/ktor/ktor-server-pebble-jvm/3.2.3/ktor-server-pebble-jvm-3.2.3.jar for the dependency io.ktor:ktor-server-pebble-jvm:3.2.3
00:16.342 DEBUG :server:resolveDependenciesJvm DependencyFileImpl        Downloaded https://repo1.maven.org/maven2/io/ktor/ktor-websockets-jvm/3.2.3/ktor-websockets-jvm-3.2.3.jar for the dependency io.ktor:ktor-websockets-jvm:3.2.3
00:16.342 DEBUG :server:resolveDependenciesJvm DependencyFileImpl        Downloaded https://repo1.maven.org/maven2/io/ktor/ktor-server-core-jvm/3.2.3/ktor-server-core-jvm-3.2.3.jar for the dependency io.ktor:ktor-server-core-jvm:3.2.3
00:16.367 DEBUG :server:resolveDependenciesJvm DependencyFileImpl        Downloaded https://repo1.maven.org/maven2/io/ktor/ktor-serialization-jvm/3.2.3/ktor-serialization-jvm-3.2.3.jar for the dependency io.ktor:ktor-serialization-jvm:3.2.3
00:16.368 DEBUG :server:resolveDependenciesJvm DependencyFileImpl        Downloaded https://repo1.maven.org/maven2/io/ktor/ktor-http-jvm/3.2.3/ktor-http-jvm-3.2.3.jar for the dependency io.ktor:ktor-http-jvm:3.2.3
00:16.377 DEBUG :server:resolveDependenciesJvm DependencyFileImpl        Downloaded https://repo1.maven.org/maven2/io/ktor/ktor-utils-jvm/3.2.3/ktor-utils-jvm-3.2.3.jar for the dependency io.ktor:ktor-utils-jvm:3.2.3
00:16.396 DEBUG :server:resolveDependenciesJvm DependencyFileImpl        Downloaded https://repo1.maven.org/maven2/net/mamoe/yamlkt/yamlkt-jvm/0.13.0/yamlkt-jvm-0.13.0.jar for the dependency net.mamoe.yamlkt:yamlkt-jvm:0.13.0
00:16.409 DEBUG :server:resolveDependenciesJvm DependencyFileImpl        Downloaded https://repo1.maven.org/maven2/org/jetbrains/kotlinx/kotlinx-serialization-core-jvm/1.8.1/kotlinx-serialization-core-jvm-1.8.1.jar for the dependency org.jetbrains.kotlinx:kotlinx-serialization-core-jvm:1.8.1
00:16.431 DEBUG :server:resolveDependenciesJvm DependencyFileImpl        Downloaded https://repo1.maven.org/maven2/org/jetbrains/kotlinx/kotlinx-io-core-jvm/0.7.0/kotlinx-io-core-jvm-0.7.0.jar for the dependency org.jetbrains.kotlinx:kotlinx-io-core-jvm:0.7.0
00:16.437 DEBUG :server:resolveDependenciesJvm DependencyFileImpl        Downloaded https://repo1.maven.org/maven2/io/ktor/ktor-server-config-yaml-jvm/3.2.3/ktor-server-config-yaml-jvm-3.2.3.jar for the dependency io.ktor:ktor-server-config-yaml-jvm:3.2.3
00:16.438 DEBUG :server:resolveDependenciesJvm DependencyFileImpl        Downloaded https://repo1.maven.org/maven2/ch/qos/logback/logback-classic/1.5.22/logback-classic-1.5.22.jar.sha512 for the dependency ch.qos.logback:logback-classic:1.5.22
00:16.441 DEBUG :server:resolveDependenciesJvm DependencyFileImpl        Downloaded https://repo1.maven.org/maven2/io/ktor/ktor-server-status-pages-jvm/3.2.3/ktor-server-status-pages-jvm-3.2.3.jar for the dependency io.ktor:ktor-server-status-pages-jvm:3.2.3
00:16.451 DEBUG :server:resolveDependenciesJvm DependencyFileImpl        Downloaded https://repo1.maven.org/maven2/io/ktor/ktor-io-jvm/3.2.3/ktor-io-jvm-3.2.3.jar for the dependency io.ktor:ktor-io-jvm:3.2.3
00:16.463 DEBUG :server:resolveDependenciesJvm DependencyFileImpl        Downloaded https://repo1.maven.org/maven2/io/ktor/ktor-network-jvm/3.2.3/ktor-network-jvm-3.2.3.jar for the dependency io.ktor:ktor-network-jvm:3.2.3
00:16.475 DEBUG :server:resolveDependenciesJvm DependencyFileImpl        Downloaded https://repo1.maven.org/maven2/io/ktor/ktor-events-jvm/3.2.3/ktor-events-jvm-3.2.3.jar for the dependency io.ktor:ktor-events-jvm:3.2.3
00:16.479 DEBUG :server:resolveDependenciesJvm DependencyFileImpl        Downloaded https://repo1.maven.org/maven2/com/squareup/okio/okio-jvm/3.11.0/okio-jvm-3.11.0.jar for the dependency com.squareup.okio:okio-jvm:3.11.0
00:16.490 DEBUG :server:resolveDependenciesJvm DependencyFileImpl        Downloaded https://repo1.maven.org/maven2/com/charleskorn/kaml/kaml-jvm/0.77.1/kaml-jvm-0.77.1.jar for the dependency com.charleskorn.kaml:kaml-jvm:0.77.1
00:16.502 DEBUG :server:resolveDependenciesJvm DependencyFileImpl        Downloaded https://repo1.maven.org/maven2/net/thauvin/erik/urlencoder/urlencoder-lib-jvm/1.6.0/urlencoder-lib-jvm-1.6.0.jar for the dependency net.thauvin.erik.urlencoder:urlencoder-lib-jvm:1.6.0
00:16.507 DEBUG :server:resolveDependenciesJvm DependencyFileImpl        Not found URL: https://repo1.maven.org/maven2/org/fusesource/jansi/jansi/2.4.2/jansi-2.4.2.jar.sha512
00:16.507 DEBUG :server:resolveDependenciesJvm DependencyFileImpl        Downloaded https://repo1.maven.org/maven2/io/netty/netty-codec-base/4.2.2.Final/netty-codec-base-4.2.2.Final.jar.sha512 for the dependency io.netty:netty-codec-base:4.2.2.Final
00:16.514 DEBUG :server:resolveDependenciesJvm DependencyFileImpl        Not found URL: https://repo1.maven.org/maven2/org/slf4j/slf4j-api/2.0.17/slf4j-api-2.0.17.jar.sha512
00:16.516 DEBUG :server:resolveDependenciesJvm DependencyFileImpl        Downloaded https://repo1.maven.org/maven2/it/krzeminski/snakeyaml-engine-kmp-jvm/3.1.1/snakeyaml-engine-kmp-jvm-3.1.1.jar for the dependency it.krzeminski:snakeyaml-engine-kmp-jvm:3.1.1
00:16.516 DEBUG :server:resolveDependenciesJvm DependencyFileImpl        Downloaded https://repo1.maven.org/maven2/io/netty/netty-codec-http/4.2.2.Final/netty-codec-http-4.2.2.Final.jar.sha512 for the dependency io.netty:netty-codec-http:4.2.2.Final
00:16.518 DEBUG :server:resolveDependenciesJvm DependencyFileImpl        Downloaded https://repo1.maven.org/maven2/io/netty/netty-transport-native-unix-common/4.2.2.Final/netty-transport-native-unix-common-4.2.2.Final.jar.sha512 for the dependency io.netty:netty-transport-native-unix-common:4.2.2.Final
00:16.520 DEBUG :server:resolveDependenciesJvm DependencyFileImpl        Downloaded https://repo1.maven.org/maven2/io/netty/netty-handler/4.2.2.Final/netty-handler-4.2.2.Final.jar.sha512 for the dependency io.netty:netty-handler:4.2.2.Final
00:16.522 DEBUG :server:resolveDependenciesJvm DependencyFileImpl        Downloaded https://repo1.maven.org/maven2/ch/qos/logback/logback-core/1.5.22/logback-core-1.5.22.jar.sha512 for the dependency ch.qos.logback:logback-core:1.5.22
00:16.530 DEBUG :server:resolveDependenciesJvm DependencyFileImpl        Not found URL: https://repo1.maven.org/maven2/org/unbescape/unbescape/1.1.6.RELEASE/unbescape-1.1.6.RELEASE.jar.sha512
00:16.538 DEBUG :server:resolveDependenciesJvm DependencyFileImpl        Not found URL: https://repo1.maven.org/maven2/org/jetbrains/kotlin/kotlin-stdlib-jdk8/1.8.0/kotlin-stdlib-jdk8-1.8.0.jar.sha512
00:16.547 DEBUG :server:resolveDependenciesJvm DependencyFileImpl        Downloaded https://repo1.maven.org/maven2/io/netty/netty-transport-classes-epoll/4.2.2.Final/netty-transport-classes-epoll-4.2.2.Final.jar.sha512 for the dependency io.netty:netty-transport-classes-epoll:4.2.2.Final
00:16.547 DEBUG :server:resolveDependenciesJvm DependencyFileImpl        Downloaded https://repo1.maven.org/maven2/io/netty/netty-transport-native-kqueue/4.2.2.Final/netty-transport-native-kqueue-4.2.2.Final.jar.sha512 for the dependency io.netty:netty-transport-native-kqueue:4.2.2.Final
00:16.548 DEBUG :server:resolveDependenciesJvm DependencyFileImpl        Downloaded https://repo1.maven.org/maven2/io/netty/netty-common/4.2.2.Final/netty-common-4.2.2.Final.jar.sha512 for the dependency io.netty:netty-common:4.2.2.Final
00:16.548 DEBUG :server:resolveDependenciesJvm DependencyFileImpl        Downloaded https://repo1.maven.org/maven2/io/netty/netty-transport-native-epoll/4.2.2.Final/netty-transport-native-epoll-4.2.2.Final.jar.sha512 for the dependency io.netty:netty-transport-native-epoll:4.2.2.Final
00:16.554 DEBUG :server:resolveDependenciesJvm DependencyFileImpl        Downloaded https://repo1.maven.org/maven2/io/netty/netty-buffer/4.2.2.Final/netty-buffer-4.2.2.Final.jar.sha512 for the dependency io.netty:netty-buffer:4.2.2.Final
00:16.558 DEBUG :server:resolveDependenciesJvm DependencyFileImpl        Not found URL: https://repo1.maven.org/maven2/org/jetbrains/kotlin/kotlin-stdlib-jdk7/1.8.0/kotlin-stdlib-jdk7-1.8.0.jar.sha512
00:16.559 DEBUG :server:resolveDependenciesJvm DependencyFileImpl        Downloaded https://repo1.maven.org/maven2/io/netty/netty-transport/4.2.2.Final/netty-transport-4.2.2.Final.jar.sha512 for the dependency io.netty:netty-transport:4.2.2.Final
00:16.566 DEBUG :server:resolveDependenciesJvm DependencyFileImpl        Downloaded https://repo1.maven.org/maven2/io/netty/netty-resolver/4.2.2.Final/netty-resolver-4.2.2.Final.jar.sha512 for the dependency io.netty:netty-resolver:4.2.2.Final
00:16.573 DEBUG :server:resolveDependenciesJvm DependencyFileImpl        Downloaded https://repo1.maven.org/maven2/org/jetbrains/kotlinx/kotlinx-io-bytestring-jvm/0.7.0/kotlinx-io-bytestring-jvm-0.7.0.jar for the dependency org.jetbrains.kotlinx:kotlinx-io-bytestring-jvm:0.7.0
00:16.584 DEBUG :server:resolveDependenciesJvm DependencyFileImpl        Downloaded https://repo1.maven.org/maven2/ch/qos/logback/logback-classic/1.5.22/logback-classic-1.5.22.jar for the dependency ch.qos.logback:logback-classic:1.5.22
00:16.586 DEBUG :server:resolveDependenciesJvm DependencyFileImpl        Downloaded https://repo1.maven.org/maven2/io/netty/netty-codec-base/4.2.2.Final/netty-codec-base-4.2.2.Final.jar for the dependency io.netty:netty-codec-base:4.2.2.Final
00:16.589 DEBUG :server:resolveDependenciesJvm DependencyFileImpl        Downloaded https://repo1.maven.org/maven2/io/netty/netty-transport-native-unix-common/4.2.2.Final/netty-transport-native-unix-common-4.2.2.Final.jar for the dependency io.netty:netty-transport-native-unix-common:4.2.2.Final
00:16.608 DEBUG :server:resolveDependenciesJvm DependencyFileImpl        Downloaded https://repo1.maven.org/maven2/io/netty/netty-codec-http/4.2.2.Final/netty-codec-http-4.2.2.Final.jar for the dependency io.netty:netty-codec-http:4.2.2.Final
00:16.609 INFO  :database:compileJvm      Downloader                Downloading https://corretto.aws/downloads/resources/21.0.1.12.1/amazon-corretto-21.0.1.12.1-linux-x64.tar.gz to /home/codespace/.cache/JetBrains/Amper/download.cache/b1fa834a91-amazon-corretto-21.0.1.12.1-linux-x64.tar.gz
00:16.624 DEBUG :server:resolveDependenciesJvm DependencyFileImpl        Not found URL: https://maven.google.com/org/fusesource/jansi/jansi/2.4.2/jansi-2.4.2.jar.sha512
00:16.629 DEBUG :server:resolveDependenciesJvm DependencyFileImpl        Not found URL: https://maven.google.com/org/slf4j/slf4j-api/2.0.17/slf4j-api-2.0.17.jar.sha512
00:16.638 DEBUG :server:resolveDependenciesJvm DependencyFileImpl        Downloaded https://repo1.maven.org/maven2/ch/qos/logback/logback-core/1.5.22/logback-core-1.5.22.jar for the dependency ch.qos.logback:logback-core:1.5.22
00:16.663 DEBUG :server:resolveDependenciesJvm DependencyFileImpl        Downloaded https://repo1.maven.org/maven2/io/netty/netty-handler/4.2.2.Final/netty-handler-4.2.2.Final.jar for the dependency io.netty:netty-handler:4.2.2.Final
00:16.669 DEBUG :server:resolveDependenciesJvm DependencyFileImpl        Not found URL: https://maven.google.com/org/unbescape/unbescape/1.1.6.RELEASE/unbescape-1.1.6.RELEASE.jar.sha512
00:16.670 DEBUG :server:resolveDependenciesJvm DependencyFileImpl        Not found URL: https://maven.google.com/org/jetbrains/kotlin/kotlin-stdlib-jdk8/1.8.0/kotlin-stdlib-jdk8-1.8.0.jar.sha512
00:16.670 DEBUG :server:resolveDependenciesJvm DependencyFileImpl        Downloaded https://repo1.maven.org/maven2/io/netty/netty-transport-native-kqueue/4.2.2.Final/netty-transport-native-kqueue-4.2.2.Final.jar for the dependency io.netty:netty-transport-native-kqueue:4.2.2.Final
00:16.671 DEBUG :server:resolveDependenciesJvm DependencyFileImpl        Downloaded https://repo1.maven.org/maven2/io/netty/netty-transport-native-epoll/4.2.2.Final/netty-transport-native-epoll-4.2.2.Final.jar for the dependency io.netty:netty-transport-native-epoll:4.2.2.Final
00:16.674 DEBUG :server:resolveDependenciesJvm DependencyFileImpl        Downloaded https://repo1.maven.org/maven2/io/netty/netty-transport-classes-epoll/4.2.2.Final/netty-transport-classes-epoll-4.2.2.Final.jar for the dependency io.netty:netty-transport-classes-epoll:4.2.2.Final
00:16.701 DEBUG :server:resolveDependenciesJvm DependencyFileImpl        Not found URL: https://repo1.maven.org/maven2/com/h2database/h2/2.4.240/h2-2.4.240.jar.sha512
00:16.708 DEBUG :server:resolveDependenciesJvm DependencyFileImpl        Downloaded https://repo1.maven.org/maven2/io/netty/netty-common/4.2.2.Final/netty-common-4.2.2.Final.jar for the dependency io.netty:netty-common:4.2.2.Final
00:16.719 DEBUG :server:resolveDependenciesJvm DependencyFileImpl        Not found URL: https://maven.pkg.jetbrains.space/public/p/compose/dev/org/slf4j/slf4j-api/2.0.17/slf4j-api-2.0.17.jar.sha512
00:16.720 DEBUG :server:resolveDependenciesJvm DependencyFileImpl        Downloaded https://repo1.maven.org/maven2/io/netty/netty-buffer/4.2.2.Final/netty-buffer-4.2.2.Final.jar for the dependency io.netty:netty-buffer:4.2.2.Final
00:16.736 DEBUG :server:resolveDependenciesJvm DependencyFileImpl        Not found URL: https://maven.google.com/org/jetbrains/kotlin/kotlin-stdlib-jdk7/1.8.0/kotlin-stdlib-jdk7-1.8.0.jar.sha512
00:16.738 DEBUG :server:resolveDependenciesJvm DependencyFileImpl        Not found URL: https://maven.pkg.jetbrains.space/public/p/compose/dev/org/fusesource/jansi/jansi/2.4.2/jansi-2.4.2.jar.sha512
00:16.746 DEBUG :server:resolveDependenciesJvm DependencyFileImpl        Not found URL: https://maven.pkg.jetbrains.space/public/p/compose/dev/org/unbescape/unbescape/1.1.6.RELEASE/unbescape-1.1.6.RELEASE.jar.sha512
00:16.748 DEBUG :server:resolveDependenciesJvm DependencyFileImpl        Not found URL: https://repo1.maven.org/maven2/org/jetbrains/kotlin/kotlin-reflect/2.1.21/kotlin-reflect-2.1.21.jar.sha512
00:16.749 DEBUG :server:resolveDependenciesJvm DependencyFileImpl        Downloaded https://repo1.maven.org/maven2/io/netty/netty-resolver/4.2.2.Final/netty-resolver-4.2.2.Final.jar for the dependency io.netty:netty-resolver:4.2.2.Final
00:16.754 DEBUG :server:resolveDependenciesJvm DependencyFileImpl        Downloaded https://repo1.maven.org/maven2/io/netty/netty-transport-classes-kqueue/4.2.2.Final/netty-transport-classes-kqueue-4.2.2.Final.jar.sha512 for the dependency io.netty:netty-transport-classes-kqueue:4.2.2.Final
00:16.755 DEBUG :server:resolveDependenciesJvm DependencyFileImpl        Not found URL: https://maven.pkg.jetbrains.space/public/p/compose/dev/org/jetbrains/kotlin/kotlin-stdlib-jdk8/1.8.0/kotlin-stdlib-jdk8-1.8.0.jar.sha512
00:16.758 DEBUG :server:resolveDependenciesJvm DependencyFileImpl        Downloaded https://repo1.maven.org/maven2/io/netty/netty-transport/4.2.2.Final/netty-transport-4.2.2.Final.jar for the dependency io.netty:netty-transport:4.2.2.Final
00:16.767 DEBUG :server:resolveDependenciesJvm DependencyFileImpl        Not found URL: https://repo1.maven.org/maven2/org/slf4j/slf4j-api/2.0.17/slf4j-api-2.0.17.jar.sha256
00:16.776 DEBUG :server:resolveDependenciesJvm DependencyFileImpl        Not found URL: https://repo1.maven.org/maven2/org/fusesource/jansi/jansi/2.4.2/jansi-2.4.2.jar.sha256
00:16.779 DEBUG :server:resolveDependenciesJvm DependencyFileImpl        Not found URL: https://repo1.maven.org/maven2/org/jetbrains/kotlin/kotlin-stdlib-jdk8/1.8.0/kotlin-stdlib-jdk8-1.8.0.jar.sha256
00:16.783 DEBUG :server:resolveDependenciesJvm DependencyFileImpl        Not found URL: https://maven.pkg.jetbrains.space/public/p/compose/dev/org/jetbrains/kotlin/kotlin-stdlib-jdk7/1.8.0/kotlin-stdlib-jdk7-1.8.0.jar.sha512
00:16.794 DEBUG :server:resolveDependenciesJvm DependencyFileImpl        Downloaded https://repo1.maven.org/maven2/io/netty/netty-transport-classes-kqueue/4.2.2.Final/netty-transport-classes-kqueue-4.2.2.Final.jar for the dependency io.netty:netty-transport-classes-kqueue:4.2.2.Final
00:16.794 DEBUG :server:resolveDependenciesJvm DependencyFileImpl        Not found URL: https://repo1.maven.org/maven2/io/pebbletemplates/pebble/3.2.4/pebble-3.2.4.jar.sha512
00:16.814 DEBUG :server:resolveDependenciesJvm DependencyFileImpl        Not found URL: https://repo1.maven.org/maven2/org/jetbrains/kotlin/kotlin-stdlib-jdk7/1.8.0/kotlin-stdlib-jdk7-1.8.0.jar.sha256
00:16.818 DEBUG :server:resolveDependenciesJvm DependencyFileImpl        Not found URL: https://maven.google.com/com/h2database/h2/2.4.240/h2-2.4.240.jar.sha512
00:16.822 DEBUG :server:resolveDependenciesJvm DependencyFileImpl        Not found URL: https://maven.google.com/org/jetbrains/kotlin/kotlin-reflect/2.1.21/kotlin-reflect-2.1.21.jar.sha512
00:16.897 DEBUG :server:resolveDependenciesJvm DependencyFileImpl        Not found URL: https://repo1.maven.org/maven2/org/eclipse/jetty/alpn/alpn-api/1.1.3.v20160715/alpn-api-1.1.3.v20160715.jar.sha512
00:16.899 DEBUG :server:resolveDependenciesJvm DependencyFileImpl        Not found URL: https://maven.google.com/org/jetbrains/kotlin/kotlin-stdlib-jdk8/1.8.0/kotlin-stdlib-jdk8-1.8.0.jar.sha256
00:16.900 DEBUG :server:resolveDependenciesJvm DependencyFileImpl        Not found URL: https://maven.google.com/org/fusesource/jansi/jansi/2.4.2/jansi-2.4.2.jar.sha256
00:16.924 DEBUG :server:resolveDependenciesJvm DependencyFileImpl        Not found URL: https://maven.google.com/org/slf4j/slf4j-api/2.0.17/slf4j-api-2.0.17.jar.sha256
00:16.928 DEBUG :server:resolveDependenciesJvm DependencyFileImpl        Not found URL: https://maven.google.com/io/pebbletemplates/pebble/3.2.4/pebble-3.2.4.jar.sha512
00:16.950 DEBUG :server:resolveDependenciesJvm DependencyFileImpl        Not found URL: https://maven.pkg.jetbrains.space/public/p/compose/dev/com/h2database/h2/2.4.240/h2-2.4.240.jar.sha512
00:16.972 DEBUG :server:resolveDependenciesJvm DependencyFileImpl        Not found URL: https://repo1.maven.org/maven2/org/unbescape/unbescape/1.1.6.RELEASE/unbescape-1.1.6.RELEASE.jar.sha256
00:16.973 DEBUG :server:resolveDependenciesJvm DependencyFileImpl        Not found URL: https://maven.google.com/org/jetbrains/kotlin/kotlin-stdlib-jdk7/1.8.0/kotlin-stdlib-jdk7-1.8.0.jar.sha256
00:16.974 DEBUG :server:resolveDependenciesJvm DependencyFileImpl        Not found URL: https://repo1.maven.org/maven2/com/typesafe/config/1.4.3/config-1.4.3.jar.sha512
00:16.989 DEBUG :server:resolveDependenciesJvm DependencyFileImpl        Not found URL: https://maven.pkg.jetbrains.space/public/p/compose/dev/org/jetbrains/kotlin/kotlin-reflect/2.1.21/kotlin-reflect-2.1.21.jar.sha512
00:16.994 DEBUG :server:resolveDependenciesJvm DependencyFileImpl        Not found URL: https://maven.pkg.jetbrains.space/public/p/compose/dev/org/fusesource/jansi/jansi/2.4.2/jansi-2.4.2.jar.sha256
00:16.996 DEBUG :server:resolveDependenciesJvm DependencyFileImpl        Not found URL: https://maven.pkg.jetbrains.space/public/p/compose/dev/org/jetbrains/kotlin/kotlin-stdlib-jdk8/1.8.0/kotlin-stdlib-jdk8-1.8.0.jar.sha256
00:17.001 DEBUG :server:resolveDependenciesJvm DependencyFileImpl        Not found URL: https://maven.google.com/org/eclipse/jetty/alpn/alpn-api/1.1.3.v20160715/alpn-api-1.1.3.v20160715.jar.sha512
00:17.009 DEBUG :server:resolveDependenciesJvm DependencyFileImpl        Not found URL: https://maven.pkg.jetbrains.space/public/p/compose/dev/org/jetbrains/kotlin/kotlin-stdlib-jdk7/1.8.0/kotlin-stdlib-jdk7-1.8.0.jar.sha256
00:17.011 DEBUG :server:resolveDependenciesJvm DependencyFileImpl        Not found URL: https://maven.pkg.jetbrains.space/public/p/compose/dev/io/pebbletemplates/pebble/3.2.4/pebble-3.2.4.jar.sha512
00:17.012 DEBUG :server:resolveDependenciesJvm DependencyFileImpl        Not found URL: https://maven.pkg.jetbrains.space/public/p/compose/dev/org/slf4j/slf4j-api/2.0.17/slf4j-api-2.0.17.jar.sha256
00:17.013 DEBUG :server:resolveDependenciesJvm DependencyFileImpl        Downloaded https://repo1.maven.org/maven2/org/fusesource/jansi/jansi/2.4.2/jansi-2.4.2.jar.sha1 for the dependency org.fusesource.jansi:jansi:2.4.2
00:17.015 DEBUG :server:resolveDependenciesJvm DependencyFileImpl        Downloaded https://repo1.maven.org/maven2/org/jetbrains/kotlin/kotlin-stdlib-jdk8/1.8.0/kotlin-stdlib-jdk8-1.8.0.jar.sha1 for the dependency org.jetbrains.kotlin:kotlin-stdlib-jdk8:1.8.0
00:17.033 DEBUG :server:resolveDependenciesJvm DependencyFileImpl        Downloaded https://repo1.maven.org/maven2/org/slf4j/slf4j-api/2.0.17/slf4j-api-2.0.17.jar.sha1 for the dependency org.slf4j:slf4j-api:2.0.17
00:17.036 DEBUG :server:resolveDependenciesJvm DependencyFileImpl        Downloaded https://repo1.maven.org/maven2/org/jetbrains/kotlin/kotlin-stdlib-jdk7/1.8.0/kotlin-stdlib-jdk7-1.8.0.jar.sha1 for the dependency org.jetbrains.kotlin:kotlin-stdlib-jdk7:1.8.0
00:17.037 DEBUG :server:resolveDependenciesJvm DependencyFileImpl        Not found URL: https://maven.pkg.jetbrains.space/public/p/compose/dev/org/eclipse/jetty/alpn/alpn-api/1.1.3.v20160715/alpn-api-1.1.3.v20160715.jar.sha512
00:17.041 DEBUG :server:resolveDependenciesJvm DependencyFileImpl        Downloaded https://repo1.maven.org/maven2/org/jetbrains/kotlin/kotlin-stdlib-jdk8/1.8.0/kotlin-stdlib-jdk8-1.8.0.jar for the dependency org.jetbrains.kotlin:kotlin-stdlib-jdk8:1.8.0
00:17.042 DEBUG :server:resolveDependenciesJvm DependencyFileImpl        Downloaded https://repo1.maven.org/maven2/org/fusesource/jansi/jansi/2.4.2/jansi-2.4.2.jar for the dependency org.fusesource.jansi:jansi:2.4.2
00:17.046 DEBUG :server:resolveDependenciesJvm DependencyFileImpl        Not found URL: https://maven.google.com/org/unbescape/unbescape/1.1.6.RELEASE/unbescape-1.1.6.RELEASE.jar.sha256
00:17.053 DEBUG :server:resolveDependenciesJvm DependencyFileImpl        Not found URL: https://maven.google.com/com/typesafe/config/1.4.3/config-1.4.3.jar.sha512
00:17.054 DEBUG :server:resolveDependenciesJvm DependencyFileImpl        Downloaded https://repo1.maven.org/maven2/org/slf4j/slf4j-api/2.0.17/slf4j-api-2.0.17.jar for the dependency org.slf4j:slf4j-api:2.0.17
00:17.056 DEBUG :server:resolveDependenciesJvm DependencyFileImpl        Downloaded https://repo1.maven.org/maven2/org/jetbrains/kotlin/kotlin-stdlib-jdk7/1.8.0/kotlin-stdlib-jdk7-1.8.0.jar for the dependency org.jetbrains.kotlin:kotlin-stdlib-jdk7:1.8.0
00:17.082 DEBUG :server:resolveDependenciesJvm DependencyFileImpl        Not found URL: https://maven.pkg.jetbrains.space/public/p/compose/dev/org/unbescape/unbescape/1.1.6.RELEASE/unbescape-1.1.6.RELEASE.jar.sha256
00:17.092 DEBUG :server:resolveDependenciesJvm DependencyFileImpl        Not found URL: https://maven.pkg.jetbrains.space/public/p/compose/dev/com/typesafe/config/1.4.3/config-1.4.3.jar.sha512
00:17.098 DEBUG :server:resolveDependenciesJvm DependencyFileImpl        Downloaded https://repo1.maven.org/maven2/org/unbescape/unbescape/1.1.6.RELEASE/unbescape-1.1.6.RELEASE.jar.sha1 for the dependency org.unbescape:unbescape:1.1.6.RELEASE
00:17.121 DEBUG :server:resolveDependenciesJvm DependencyFileImpl        Downloaded https://repo1.maven.org/maven2/org/unbescape/unbescape/1.1.6.RELEASE/unbescape-1.1.6.RELEASE.jar for the dependency org.unbescape:unbescape:1.1.6.RELEASE
00:17.142 DEBUG :server:resolveDependenciesJvm DependencyFileImpl        Downloaded https://repo1.maven.org/maven2/io/netty/netty-codec-compression/4.2.2.Final/netty-codec-compression-4.2.2.Final.jar.sha512 for the dependency io.netty:netty-codec-compression:4.2.2.Final
00:17.166 DEBUG :server:resolveDependenciesJvm DependencyFileImpl        Downloaded https://repo1.maven.org/maven2/io/netty/netty-codec-compression/4.2.2.Final/netty-codec-compression-4.2.2.Final.jar for the dependency io.netty:netty-codec-compression:4.2.2.Final
00:17.190 DEBUG :server:resolveDependenciesJvm DependencyFileImpl        Not found URL: https://repo1.maven.org/maven2/org/jetbrains/kotlin/kotlin-reflect/2.1.21/kotlin-reflect-2.1.21.jar.sha256
00:17.193 DEBUG :server:resolveDependenciesJvm DependencyFileImpl        Downloaded https://repo1.maven.org/maven2/io/netty/netty-codec-http2/4.2.2.Final/netty-codec-http2-4.2.2.Final.jar.sha512 for the dependency io.netty:netty-codec-http2:4.2.2.Final
00:17.205 DEBUG :server:resolveDependenciesJvm DependencyFileImpl        Not found URL: https://repo1.maven.org/maven2/com/h2database/h2/2.4.240/h2-2.4.240.jar.sha256
00:17.248 DEBUG :server:resolveDependenciesJvm DependencyFileImpl        Downloaded https://repo1.maven.org/maven2/io/netty/netty-codec-http2/4.2.2.Final/netty-codec-http2-4.2.2.Final.jar for the dependency io.netty:netty-codec-http2:4.2.2.Final
00:17.294 DEBUG :server:resolveDependenciesJvm DependencyFileImpl        Not found URL: https://repo1.maven.org/maven2/io/pebbletemplates/pebble/3.2.4/pebble-3.2.4.jar.sha256
00:17.299 DEBUG :server:resolveDependenciesJvm DependencyFileImpl        Not found URL: https://maven.google.com/org/jetbrains/kotlin/kotlin-reflect/2.1.21/kotlin-reflect-2.1.21.jar.sha256
00:17.304 DEBUG :server:resolveDependenciesJvm DependencyFileImpl        Not found URL: https://repo1.maven.org/maven2/org/eclipse/jetty/alpn/alpn-api/1.1.3.v20160715/alpn-api-1.1.3.v20160715.jar.sha256
00:17.378 DEBUG :server:resolveDependenciesJvm DependencyFileImpl        Not found URL: https://maven.google.com/com/h2database/h2/2.4.240/h2-2.4.240.jar.sha256
00:17.409 DEBUG :server:resolveDependenciesJvm DependencyFileImpl        Not found URL: https://repo1.maven.org/maven2/com/typesafe/config/1.4.3/config-1.4.3.jar.sha256
00:17.449 DEBUG :server:resolveDependenciesJvm DependencyFileImpl        Not found URL: https://maven.pkg.jetbrains.space/public/p/compose/dev/com/h2database/h2/2.4.240/h2-2.4.240.jar.sha256
00:17.468 DEBUG :server:resolveDependenciesJvm DependencyFileImpl        Not found URL: https://maven.google.com/io/pebbletemplates/pebble/3.2.4/pebble-3.2.4.jar.sha256
00:17.472 DEBUG :server:resolveDependenciesJvm DependencyFileImpl        Downloaded https://repo1.maven.org/maven2/com/h2database/h2/2.4.240/h2-2.4.240.jar.sha1 for the dependency com.h2database:h2:2.4.240
00:17.480 DEBUG :server:resolveDependenciesJvm DependencyFileImpl        Not found URL: https://maven.pkg.jetbrains.space/public/p/compose/dev/org/jetbrains/kotlin/kotlin-reflect/2.1.21/kotlin-reflect-2.1.21.jar.sha256
00:17.480 DEBUG :server:resolveDependenciesJvm DependencyFileImpl        Not found URL: https://maven.google.com/org/eclipse/jetty/alpn/alpn-api/1.1.3.v20160715/alpn-api-1.1.3.v20160715.jar.sha256
00:17.488 DEBUG :server:resolveDependenciesJvm DependencyFileImpl        Not found URL: https://maven.google.com/com/typesafe/config/1.4.3/config-1.4.3.jar.sha256
00:17.509 DEBUG :server:resolveDependenciesJvm DependencyFileImpl        Not found URL: https://maven.pkg.jetbrains.space/public/p/compose/dev/io/pebbletemplates/pebble/3.2.4/pebble-3.2.4.jar.sha256
00:17.520 DEBUG :server:resolveDependenciesJvm DependencyFileImpl        Not found URL: https://maven.pkg.jetbrains.space/public/p/compose/dev/org/eclipse/jetty/alpn/alpn-api/1.1.3.v20160715/alpn-api-1.1.3.v20160715.jar.sha256
00:17.535 DEBUG :server:resolveDependenciesJvm DependencyFileImpl        Not found URL: https://maven.pkg.jetbrains.space/public/p/compose/dev/com/typesafe/config/1.4.3/config-1.4.3.jar.sha256
00:17.544 DEBUG :server:resolveDependenciesJvm DependencyFileImpl        Downloaded https://repo1.maven.org/maven2/org/jetbrains/kotlin/kotlin-reflect/2.1.21/kotlin-reflect-2.1.21.jar.sha1 for the dependency org.jetbrains.kotlin:kotlin-reflect:2.1.21
00:17.674 DEBUG :server:resolveDependenciesJvm DependencyFileImpl        Downloaded https://repo1.maven.org/maven2/com/h2database/h2/2.4.240/h2-2.4.240.jar for the dependency com.h2database:h2:2.4.240
00:17.681 DEBUG :server:resolveDependenciesJvm DependencyFileImpl        Downloaded https://repo1.maven.org/maven2/org/eclipse/jetty/alpn/alpn-api/1.1.3.v20160715/alpn-api-1.1.3.v20160715.jar.sha1 for the dependency org.eclipse.jetty.alpn:alpn-api:1.1.3.v20160715
00:17.677 DEBUG :server:resolveDependenciesJvm DependencyFileImpl        Downloaded https://repo1.maven.org/maven2/io/pebbletemplates/pebble/3.2.4/pebble-3.2.4.jar.sha1 for the dependency io.pebbletemplates:pebble:3.2.4
00:17.688 DEBUG :server:resolveDependenciesJvm DependencyFileImpl        Downloaded https://repo1.maven.org/maven2/com/typesafe/config/1.4.3/config-1.4.3.jar.sha1 for the dependency com.typesafe:config:1.4.3
00:18.036 DEBUG :server:resolveDependenciesJvm DependencyFileImpl        Downloaded https://repo1.maven.org/maven2/org/eclipse/jetty/alpn/alpn-api/1.1.3.v20160715/alpn-api-1.1.3.v20160715.jar for the dependency org.eclipse.jetty.alpn:alpn-api:1.1.3.v20160715
00:18.061 DEBUG :server:resolveDependenciesJvm DependencyFileImpl        Downloaded https://repo1.maven.org/maven2/org/jetbrains/kotlin/kotlin-reflect/2.1.21/kotlin-reflect-2.1.21.jar for the dependency org.jetbrains.kotlin:kotlin-reflect:2.1.21
00:18.089 DEBUG :server:resolveDependenciesJvm DependencyFileImpl        Downloaded https://repo1.maven.org/maven2/io/ktor/ktor-server-netty-jvm/3.2.3/ktor-server-netty-jvm-3.2.3.jar for the dependency io.ktor:ktor-server-netty-jvm:3.2.3
00:18.131 DEBUG :server:resolveDependenciesJvm DependencyFileImpl        Downloaded https://repo1.maven.org/maven2/com/typesafe/config/1.4.3/config-1.4.3.jar for the dependency com.typesafe:config:1.4.3
00:18.175 DEBUG :server:resolveDependenciesJvm DependencyFileImpl        Downloaded https://repo1.maven.org/maven2/io/pebbletemplates/pebble/3.2.4/pebble-3.2.4.jar for the dependency io.pebbletemplates:pebble:3.2.4
00:18.301 DEBUG :server:resolveDependenciesJvm DependencyFileImpl        Downloaded https://repo1.maven.org/maven2/io/ktor/ktor-http-cio-jvm/3.2.3/ktor-http-cio-jvm-3.2.3.jar for the dependency io.ktor:ktor-http-cio-jvm:3.2.3
00:19.383 DEBUG :server:resolveDependenciesJvm IncrementalCache          [inc] finished 'Module dependencies graph,/workspaces/2850-Physical-Fitness-Webapp/server,JVM,false,ResolutionConfigPlain(scope=COMPILE, platforms=[JVM], repositories=[https://repo1.maven.org/maven2]),false,true,NETWORK' in 13.944976259s
00:19.931 DEBUG :server:resolveDependenciesJvm IncrementalCache          [inc] 'Module dependencies graph,/workspaces/2850-Physical-Fitness-Webapp/server,JVM,false,ResolutionConfigPlain(scope=COMPILE, platforms=[JVM], repositories=[https://repo1.maven.org/maven2]),false,true,NETWORK' changes: '/home/codespace/.cache/JetBrains/Amper/.m2.cache/org/jetbrains/exposed/exposed-core/1.0.0-rc-4/exposed-core-1.0.0-rc-4.jar' CREATED, '/home/codespace/.cache/JetBrains/Amper/.m2.cache/org/jetbrains/exposed/exposed-jdbc/1.0.0-rc-4/exposed-jdbc-1.0.0-rc-4.jar' CREATED, '/home/codespace/.cache/JetBrains/Amper/.m2.cache/org/jetbrains/exposed/exposed-dao/1.0.0-rc-4/exposed-dao-1.0.0-rc-4.jar' CREATED, '/home/codespace/.cache/JetBrains/Amper/.m2.cache/org/jetbrains/kotlin/kotlin-stdlib/2.2.21/kotlin-stdlib-2.2.21.jar' CREATED, '/home/codespace/.cache/JetBrains/Amper/.m2.cache/com/h2database/h2/2.4.240/h2-2.4.240.jar' CREATED, '/home/codespace/.cache/JetBrains/Amper/.m2.cache/ch/qos/logback/logback-classic/1.5.22/logback-classic-1.5.22.jar' CREATED, '/home/codespace/.cache/JetBrains/Amper/.m2.cache/io/ktor/ktor-server-core-jvm/3.2.3/ktor-server-core-jvm-3.2.3.jar' CREATED, '/home/codespace/.cache/JetBrains/Amper/.m2.cache/io/ktor/ktor-server-status-pages-jvm/3.2.3/ktor-server-status-pages-jvm-3.2.3.jar' CREATED, '/home/codespace/.cache/JetBrains/Amper/.m2.cache/io/ktor/ktor-server-netty-jvm/3.2.3/ktor-server-netty-jvm-3.2.3.jar' CREATED, '/home/codespace/.cache/JetBrains/Amper/.m2.cache/io/ktor/ktor-server-pebble-jvm/3.2.3/ktor-server-pebble-jvm-3.2.3.jar' CREATED, '/home/codespace/.cache/JetBrains/Amper/.m2.cache/org/jetbrains/kotlin/kotlin-reflect/2.1.21/kotlin-reflect-2.1.21.jar' CREATED, '/home/codespace/.cache/JetBrains/Amper/.m2.cache/org/jetbrains/kotlinx/kotlinx-datetime-jvm/0.7.1-0.6.x-compat/kotlinx-datetime-jvm-0.7.1-0.6.x-compat.jar' CREATED, '/home/codespace/.cache/JetBrains/Amper/.m2.cache/org/slf4j/slf4j-api/2.0.17/slf4j-api-2.0.17.jar' CREATED, '/home/codespace/.cache/JetBrains/Amper/.m2.cache/org/jetbrains/annotations/23.0.0/annotations-23.0.0.jar' CREATED, '/home/codespace/.cache/JetBrains/Amper/.m2.cache/de/mkammerer/argon2-jvm/2.11/argon2-jvm-2.11.jar' CREATED, '/home/codespace/.cache/JetBrains/Amper/.m2.cache/io/ktor/ktor-server-config-yaml-jvm/3.2.3/ktor-server-config-yaml-jvm-3.2.3.jar' CREATED, '/home/codespace/.cache/JetBrains/Amper/.m2.cache/ch/qos/logback/logback-core/1.5.22/logback-core-1.5.22.jar' CREATED, '/home/codespace/.cache/JetBrains/Amper/.m2.cache/com/typesafe/config/1.4.3/config-1.4.3.jar' CREATED, '/home/codespace/.cache/JetBrains/Amper/.m2.cache/io/netty/netty-codec-http2/4.2.2.Final/netty-codec-http2-4.2.2.Final.jar' CREATED, '/home/codespace/.cache/JetBrains/Amper/.m2.cache/org/eclipse/jetty/alpn/alpn-api/1.1.3.v20160715/alpn-api-1.1.3.v20160715.jar' CREATED, '/home/codespace/.cache/JetBrains/Amper/.m2.cache/io/netty/netty-transport-native-kqueue/4.2.2.Final/netty-transport-native-kqueue-4.2.2.Final.jar' CREATED, '/home/codespace/.cache/JetBrains/Amper/.m2.cache/io/netty/netty-transport-native-epoll/4.2.2.Final/netty-transport-native-epoll-4.2.2.Final.jar' CREATED, '/home/codespace/.cache/JetBrains/Amper/.m2.cache/io/pebbletemplates/pebble/3.2.4/pebble-3.2.4.jar' CREATED, '/home/codespace/.cache/JetBrains/Amper/.m2.cache/org/jetbrains/kotlinx/kotlinx-coroutines-core-jvm/1.10.2/kotlinx-coroutines-core-jvm-1.10.2.jar' CREATED, '/home/codespace/.cache/JetBrains/Amper/.m2.cache/de/mkammerer/argon2-jvm-nolibs/2.11/argon2-jvm-nolibs-2.11.jar' CREATED, '/home/codespace/.cache/JetBrains/Amper/.m2.cache/org/fusesource/jansi/jansi/2.4.2/jansi-2.4.2.jar' CREATED, '/home/codespace/.cache/JetBrains/Amper/.m2.cache/io/ktor/ktor-utils-jvm/3.2.3/ktor-utils-jvm-3.2.3.jar' CREATED, '/home/codespace/.cache/JetBrains/Amper/.m2.cache/io/ktor/ktor-http-jvm/3.2.3/ktor-http-jvm-3.2.3.jar' CREATED, '/home/codespace/.cache/JetBrains/Amper/.m2.cache/io/ktor/ktor-serialization-jvm/3.2.3/ktor-serialization-jvm-3.2.3.jar' CREATED, '/home/codespace/.cache/JetBrains/Amper/.m2.cache/io/ktor/ktor-events-jvm/3.2.3/ktor-events-jvm-3.2.3.jar' CREATED, '/home/codespace/.cache/JetBrains/Amper/.m2.cache/io/ktor/ktor-http-cio-jvm/3.2.3/ktor-http-cio-jvm-3.2.3.jar' CREATED, '/home/codespace/.cache/JetBrains/Amper/.m2.cache/io/ktor/ktor-websockets-jvm/3.2.3/ktor-websockets-jvm-3.2.3.jar' CREATED, '/home/codespace/.cache/JetBrains/Amper/.m2.cache/io/netty/netty-common/4.2.2.Final/netty-common-4.2.2.Final.jar' CREATED, '/home/codespace/.cache/JetBrains/Amper/.m2.cache/io/netty/netty-buffer/4.2.2.Final/netty-buffer-4.2.2.Final.jar' CREATED, '/home/codespace/.cache/JetBrains/Amper/.m2.cache/io/netty/netty-transport/4.2.2.Final/netty-transport-4.2.2.Final.jar' CREATED, '/home/codespace/.cache/JetBrains/Amper/.m2.cache/io/netty/netty-codec-base/4.2.2.Final/netty-codec-base-4.2.2.Final.jar' CREATED, '/home/codespace/.cache/JetBrains/Amper/.m2.cache/io/netty/netty-handler/4.2.2.Final/netty-handler-4.2.2.Final.jar' CREATED, '/home/codespace/.cache/JetBrains/Amper/.m2.cache/io/netty/netty-codec-http/4.2.2.Final/netty-codec-http-4.2.2.Final.jar' CREATED, '/home/codespace/.cache/JetBrains/Amper/.m2.cache/io/netty/netty-transport-native-unix-common/4.2.2.Final/netty-transport-native-unix-common-4.2.2.Final.jar' CREATED, '/home/codespace/.cache/JetBrains/Amper/.m2.cache/io/netty/netty-transport-classes-kqueue/4.2.2.Final/netty-transport-classes-kqueue-4.2.2.Final.jar' CREATED, '/home/codespace/.cache/JetBrains/Amper/.m2.cache/io/netty/netty-transport-classes-epoll/4.2.2.Final/netty-transport-classes-epoll-4.2.2.Final.jar' CREATED, '/home/codespace/.cache/JetBrains/Amper/.m2.cache/org/unbescape/unbescape/1.1.6.RELEASE/unbescape-1.1.6.RELEASE.jar' CREATED, '/home/codespace/.cache/JetBrains/Amper/.m2.cache/net/java/dev/jna/jna/5.8.0/jna-5.8.0.jar' CREATED, '/home/codespace/.cache/JetBrains/Amper/.m2.cache/net/mamoe/yamlkt/yamlkt-jvm/0.13.0/yamlkt-jvm-0.13.0.jar' CREATED, '/home/codespace/.cache/JetBrains/Amper/.m2.cache/com/charleskorn/kaml/kaml-jvm/0.77.1/kaml-jvm-0.77.1.jar' CREATED, '/home/codespace/.cache/JetBrains/Amper/.m2.cache/io/netty/netty-resolver/4.2.2.Final/netty-resolver-4.2.2.Final.jar' CREATED, '/home/codespace/.cache/JetBrains/Amper/.m2.cache/io/netty/netty-codec-compression/4.2.2.Final/netty-codec-compression-4.2.2.Final.jar' CREATED, '/home/codespace/.cache/JetBrains/Amper/.m2.cache/org/jetbrains/kotlin/kotlin-stdlib-jdk8/1.8.0/kotlin-stdlib-jdk8-1.8.0.jar' CREATED, '/home/codespace/.cache/JetBrains/Amper/.m2.cache/io/ktor/ktor-io-jvm/3.2.3/ktor-io-jvm-3.2.3.jar' CREATED, '/home/codespace/.cache/JetBrains/Amper/.m2.cache/org/jetbrains/kotlinx/kotlinx-serialization-core-jvm/1.8.1/kotlinx-serialization-core-jvm-1.8.1.jar' CREATED, '/home/codespace/.cache/JetBrains/Amper/.m2.cache/io/ktor/ktor-network-jvm/3.2.3/ktor-network-jvm-3.2.3.jar' CREATED, '/home/codespace/.cache/JetBrains/Amper/.m2.cache/org/jetbrains/kotlin/kotlin-stdlib-jdk7/1.8.0/kotlin-stdlib-jdk7-1.8.0.jar' CREATED, '/home/codespace/.cache/JetBrains/Amper/.m2.cache/it/krzeminski/snakeyaml-engine-kmp-jvm/3.1.1/snakeyaml-engine-kmp-jvm-3.1.1.jar' CREATED, '/home/codespace/.cache/JetBrains/Amper/.m2.cache/com/squareup/okio/okio-jvm/3.11.0/okio-jvm-3.11.0.jar' CREATED, '/home/codespace/.cache/JetBrains/Amper/.m2.cache/org/jetbrains/kotlinx/kotlinx-io-core-jvm/0.7.0/kotlinx-io-core-jvm-0.7.0.jar' CREATED, '/home/codespace/.cache/JetBrains/Amper/.m2.cache/net/thauvin/erik/urlencoder/urlencoder-lib-jvm/1.6.0/urlencoder-lib-jvm-1.6.0.jar' CREATED, '/home/codespace/.cache/JetBrains/Amper/.m2.cache/org/jetbrains/kotlinx/kotlinx-io-bytestring-jvm/0.7.0/kotlinx-io-bytestring-jvm-0.7.0.jar' CREATED
00:19.956 DEBUG :server:resolveDependenciesJvm IncrementalCache          [inc] finished ':server:resolveDependenciesJvm' in 14.613891128s
00:19.988 DEBUG :server:resolveDependenciesJvm IncrementalCache          [inc] ':server:resolveDependenciesJvm' changes: '/home/codespace/.cache/JetBrains/Amper/.m2.cache/ch/qos/logback/logback-classic/1.5.22/logback-classic-1.5.22.jar' CREATED, '/home/codespace/.cache/JetBrains/Amper/.m2.cache/ch/qos/logback/logback-core/1.5.22/logback-core-1.5.22.jar' CREATED, '/home/codespace/.cache/JetBrains/Amper/.m2.cache/com/charleskorn/kaml/kaml-jvm/0.77.1/kaml-jvm-0.77.1.jar' CREATED, '/home/codespace/.cache/JetBrains/Amper/.m2.cache/com/h2database/h2/2.4.240/h2-2.4.240.jar' CREATED, '/home/codespace/.cache/JetBrains/Amper/.m2.cache/com/squareup/okio/okio-jvm/3.11.0/okio-jvm-3.11.0.jar' CREATED, '/home/codespace/.cache/JetBrains/Amper/.m2.cache/com/typesafe/config/1.4.3/config-1.4.3.jar' CREATED, '/home/codespace/.cache/JetBrains/Amper/.m2.cache/de/mkammerer/argon2-jvm-nolibs/2.11/argon2-jvm-nolibs-2.11.jar' CREATED, '/home/codespace/.cache/JetBrains/Amper/.m2.cache/de/mkammerer/argon2-jvm/2.11/argon2-jvm-2.11.jar' CREATED, '/home/codespace/.cache/JetBrains/Amper/.m2.cache/io/ktor/ktor-events-jvm/3.2.3/ktor-events-jvm-3.2.3.jar' CREATED, '/home/codespace/.cache/JetBrains/Amper/.m2.cache/io/ktor/ktor-http-cio-jvm/3.2.3/ktor-http-cio-jvm-3.2.3.jar' CREATED, '/home/codespace/.cache/JetBrains/Amper/.m2.cache/io/ktor/ktor-http-jvm/3.2.3/ktor-http-jvm-3.2.3.jar' CREATED, '/home/codespace/.cache/JetBrains/Amper/.m2.cache/io/ktor/ktor-io-jvm/3.2.3/ktor-io-jvm-3.2.3.jar' CREATED, '/home/codespace/.cache/JetBrains/Amper/.m2.cache/io/ktor/ktor-network-jvm/3.2.3/ktor-network-jvm-3.2.3.jar' CREATED, '/home/codespace/.cache/JetBrains/Amper/.m2.cache/io/ktor/ktor-serialization-jvm/3.2.3/ktor-serialization-jvm-3.2.3.jar' CREATED, '/home/codespace/.cache/JetBrains/Amper/.m2.cache/io/ktor/ktor-server-config-yaml-jvm/3.2.3/ktor-server-config-yaml-jvm-3.2.3.jar' CREATED, '/home/codespace/.cache/JetBrains/Amper/.m2.cache/io/ktor/ktor-server-core-jvm/3.2.3/ktor-server-core-jvm-3.2.3.jar' CREATED, '/home/codespace/.cache/JetBrains/Amper/.m2.cache/io/ktor/ktor-server-netty-jvm/3.2.3/ktor-server-netty-jvm-3.2.3.jar' CREATED, '/home/codespace/.cache/JetBrains/Amper/.m2.cache/io/ktor/ktor-server-pebble-jvm/3.2.3/ktor-server-pebble-jvm-3.2.3.jar' CREATED, '/home/codespace/.cache/JetBrains/Amper/.m2.cache/io/ktor/ktor-server-status-pages-jvm/3.2.3/ktor-server-status-pages-jvm-3.2.3.jar' CREATED, '/home/codespace/.cache/JetBrains/Amper/.m2.cache/io/ktor/ktor-utils-jvm/3.2.3/ktor-utils-jvm-3.2.3.jar' CREATED, '/home/codespace/.cache/JetBrains/Amper/.m2.cache/io/ktor/ktor-websockets-jvm/3.2.3/ktor-websockets-jvm-3.2.3.jar' CREATED, '/home/codespace/.cache/JetBrains/Amper/.m2.cache/io/netty/netty-buffer/4.2.2.Final/netty-buffer-4.2.2.Final.jar' CREATED, '/home/codespace/.cache/JetBrains/Amper/.m2.cache/io/netty/netty-codec-base/4.2.2.Final/netty-codec-base-4.2.2.Final.jar' CREATED, '/home/codespace/.cache/JetBrains/Amper/.m2.cache/io/netty/netty-codec-compression/4.2.2.Final/netty-codec-compression-4.2.2.Final.jar' CREATED, '/home/codespace/.cache/JetBrains/Amper/.m2.cache/io/netty/netty-codec-http/4.2.2.Final/netty-codec-http-4.2.2.Final.jar' CREATED, '/home/codespace/.cache/JetBrains/Amper/.m2.cache/io/netty/netty-codec-http2/4.2.2.Final/netty-codec-http2-4.2.2.Final.jar' CREATED, '/home/codespace/.cache/JetBrains/Amper/.m2.cache/io/netty/netty-common/4.2.2.Final/netty-common-4.2.2.Final.jar' CREATED, '/home/codespace/.cache/JetBrains/Amper/.m2.cache/io/netty/netty-handler/4.2.2.Final/netty-handler-4.2.2.Final.jar' CREATED, '/home/codespace/.cache/JetBrains/Amper/.m2.cache/io/netty/netty-resolver/4.2.2.Final/netty-resolver-4.2.2.Final.jar' CREATED, '/home/codespace/.cache/JetBrains/Amper/.m2.cache/io/netty/netty-transport-classes-epoll/4.2.2.Final/netty-transport-classes-epoll-4.2.2.Final.jar' CREATED, '/home/codespace/.cache/JetBrains/Amper/.m2.cache/io/netty/netty-transport-classes-kqueue/4.2.2.Final/netty-transport-classes-kqueue-4.2.2.Final.jar' CREATED, '/home/codespace/.cache/JetBrains/Amper/.m2.cache/io/netty/netty-transport-native-epoll/4.2.2.Final/netty-transport-native-epoll-4.2.2.Final.jar' CREATED, '/home/codespace/.cache/JetBrains/Amper/.m2.cache/io/netty/netty-transport-native-kqueue/4.2.2.Final/netty-transport-native-kqueue-4.2.2.Final.jar' CREATED, '/home/codespace/.cache/JetBrains/Amper/.m2.cache/io/netty/netty-transport-native-unix-common/4.2.2.Final/netty-transport-native-unix-common-4.2.2.Final.jar' CREATED, '/home/codespace/.cache/JetBrains/Amper/.m2.cache/io/netty/netty-transport/4.2.2.Final/netty-transport-4.2.2.Final.jar' CREATED, '/home/codespace/.cache/JetBrains/Amper/.m2.cache/io/pebbletemplates/pebble/3.2.4/pebble-3.2.4.jar' CREATED, '/home/codespace/.cache/JetBrains/Amper/.m2.cache/it/krzeminski/snakeyaml-engine-kmp-jvm/3.1.1/snakeyaml-engine-kmp-jvm-3.1.1.jar' CREATED, '/home/codespace/.cache/JetBrains/Amper/.m2.cache/net/java/dev/jna/jna/5.8.0/jna-5.8.0.jar' CREATED, '/home/codespace/.cache/JetBrains/Amper/.m2.cache/net/mamoe/yamlkt/yamlkt-jvm/0.13.0/yamlkt-jvm-0.13.0.jar' CREATED, '/home/codespace/.cache/JetBrains/Amper/.m2.cache/net/thauvin/erik/urlencoder/urlencoder-lib-jvm/1.6.0/urlencoder-lib-jvm-1.6.0.jar' CREATED, '/home/codespace/.cache/JetBrains/Amper/.m2.cache/org/eclipse/jetty/alpn/alpn-api/1.1.3.v20160715/alpn-api-1.1.3.v20160715.jar' CREATED, '/home/codespace/.cache/JetBrains/Amper/.m2.cache/org/fusesource/jansi/jansi/2.4.2/jansi-2.4.2.jar' CREATED, '/home/codespace/.cache/JetBrains/Amper/.m2.cache/org/jetbrains/annotations/23.0.0/annotations-23.0.0.jar' CREATED, '/home/codespace/.cache/JetBrains/Amper/.m2.cache/org/jetbrains/exposed/exposed-core/1.0.0-rc-4/exposed-core-1.0.0-rc-4.jar' CREATED, '/home/codespace/.cache/JetBrains/Amper/.m2.cache/org/jetbrains/exposed/exposed-dao/1.0.0-rc-4/exposed-dao-1.0.0-rc-4.jar' CREATED, '/home/codespace/.cache/JetBrains/Amper/.m2.cache/org/jetbrains/exposed/exposed-jdbc/1.0.0-rc-4/exposed-jdbc-1.0.0-rc-4.jar' CREATED, '/home/codespace/.cache/JetBrains/Amper/.m2.cache/org/jetbrains/kotlin/kotlin-reflect/2.1.21/kotlin-reflect-2.1.21.jar' CREATED, '/home/codespace/.cache/JetBrains/Amper/.m2.cache/org/jetbrains/kotlin/kotlin-stdlib-jdk7/1.8.0/kotlin-stdlib-jdk7-1.8.0.jar' CREATED, '/home/codespace/.cache/JetBrains/Amper/.m2.cache/org/jetbrains/kotlin/kotlin-stdlib-jdk8/1.8.0/kotlin-stdlib-jdk8-1.8.0.jar' CREATED, '/home/codespace/.cache/JetBrains/Amper/.m2.cache/org/jetbrains/kotlin/kotlin-stdlib/2.2.21/kotlin-stdlib-2.2.21.jar' CREATED, '/home/codespace/.cache/JetBrains/Amper/.m2.cache/org/jetbrains/kotlinx/kotlinx-coroutines-core-jvm/1.10.2/kotlinx-coroutines-core-jvm-1.10.2.jar' CREATED, '/home/codespace/.cache/JetBrains/Amper/.m2.cache/org/jetbrains/kotlinx/kotlinx-datetime-jvm/0.7.1-0.6.x-compat/kotlinx-datetime-jvm-0.7.1-0.6.x-compat.jar' CREATED, '/home/codespace/.cache/JetBrains/Amper/.m2.cache/org/jetbrains/kotlinx/kotlinx-io-bytestring-jvm/0.7.0/kotlinx-io-bytestring-jvm-0.7.0.jar' CREATED, '/home/codespace/.cache/JetBrains/Amper/.m2.cache/org/jetbrains/kotlinx/kotlinx-io-core-jvm/0.7.0/kotlinx-io-core-jvm-0.7.0.jar' CREATED, '/home/codespace/.cache/JetBrains/Amper/.m2.cache/org/jetbrains/kotlinx/kotlinx-serialization-core-jvm/1.8.1/kotlinx-serialization-core-jvm-1.8.1.jar' CREATED, '/home/codespace/.cache/JetBrains/Amper/.m2.cache/org/slf4j/slf4j-api/2.0.17/slf4j-api-2.0.17.jar' CREATED, '/home/codespace/.cache/JetBrains/Amper/.m2.cache/org/unbescape/unbescape/1.1.6.RELEASE/unbescape-1.1.6.RELEASE.jar' CREATED
00:19.997 DEBUG :server:resolveDependenciesJvm ResolveExternalDependenciesTask resolve dependencies server -- main -- io.ktor:ktor-bom:3.2.3 io.ktor:ktor-server-core:3.2.3 io.ktor:ktor-server-netty:3.2.3 io.ktor:ktor-server-pebble:3.2.3 io.ktor:ktor-server-status-pages:3.2.3 org.jetbrains.exposed:exposed-core:1.0.0-rc-4 org.jetbrains.exposed:exposed-dao:1.0.0-rc-4 org.jetbrains.exposed:exposed-jdbc:1.0.0-rc-4 org.jetbrains.kotlin:kotlin-stdlib:2.2.21 -- resolvePlatform=JVM nativeTarget=null
wasmTarget=null
https://repo1.maven.org/maven2 https://maven.google.com https://maven.pkg.jetbrains.space/public/p/compose/dev resolved to:
  .m2.cache/org/jetbrains/exposed/exposed-core/1.0.0-rc-4/exposed-core-1.0.0-rc-4.jar
  .m2.cache/org/jetbrains/exposed/exposed-jdbc/1.0.0-rc-4/exposed-jdbc-1.0.0-rc-4.jar
  .m2.cache/org/jetbrains/exposed/exposed-dao/1.0.0-rc-4/exposed-dao-1.0.0-rc-4.jar
  .m2.cache/org/jetbrains/kotlin/kotlin-stdlib/2.2.21/kotlin-stdlib-2.2.21.jar
  .m2.cache/io/ktor/ktor-server-core-jvm/3.2.3/ktor-server-core-jvm-3.2.3.jar
  .m2.cache/io/ktor/ktor-server-status-pages-jvm/3.2.3/ktor-server-status-pages-jvm-3.2.3.jar
  .m2.cache/io/ktor/ktor-server-netty-jvm/3.2.3/ktor-server-netty-jvm-3.2.3.jar
  .m2.cache/io/ktor/ktor-server-pebble-jvm/3.2.3/ktor-server-pebble-jvm-3.2.3.jar
  .m2.cache/org/jetbrains/kotlin/kotlin-reflect/2.1.21/kotlin-reflect-2.1.21.jar
  .m2.cache/org/jetbrains/kotlinx/kotlinx-datetime-jvm/0.7.1-0.6.x-compat/kotlinx-datetime-jvm-0.7.1-0.6.x-compat.jar
  .m2.cache/org/slf4j/slf4j-api/2.0.17/slf4j-api-2.0.17.jar
  .m2.cache/org/jetbrains/annotations/23.0.0/annotations-23.0.0.jar
  .m2.cache/com/typesafe/config/1.4.3/config-1.4.3.jar
  .m2.cache/io/netty/netty-codec-http2/4.2.2.Final/netty-codec-http2-4.2.2.Final.jar
  .m2.cache/org/eclipse/jetty/alpn/alpn-api/1.1.3.v20160715/alpn-api-1.1.3.v20160715.jar
  .m2.cache/io/netty/netty-transport-native-kqueue/4.2.2.Final/netty-transport-native-kqueue-4.2.2.Final.jar
  .m2.cache/io/netty/netty-transport-native-epoll/4.2.2.Final/netty-transport-native-epoll-4.2.2.Final.jar
  .m2.cache/io/pebbletemplates/pebble/3.2.4/pebble-3.2.4.jar
  .m2.cache/org/jetbrains/kotlinx/kotlinx-coroutines-core-jvm/1.10.2/kotlinx-coroutines-core-jvm-1.10.2.jar
  .m2.cache/io/ktor/ktor-utils-jvm/3.2.3/ktor-utils-jvm-3.2.3.jar
  .m2.cache/io/ktor/ktor-http-jvm/3.2.3/ktor-http-jvm-3.2.3.jar
  .m2.cache/io/ktor/ktor-serialization-jvm/3.2.3/ktor-serialization-jvm-3.2.3.jar
  .m2.cache/io/ktor/ktor-events-jvm/3.2.3/ktor-events-jvm-3.2.3.jar
  .m2.cache/io/ktor/ktor-http-cio-jvm/3.2.3/ktor-http-cio-jvm-3.2.3.jar
  .m2.cache/io/ktor/ktor-websockets-jvm/3.2.3/ktor-websockets-jvm-3.2.3.jar
  .m2.cache/io/netty/netty-common/4.2.2.Final/netty-common-4.2.2.Final.jar
  .m2.cache/io/netty/netty-buffer/4.2.2.Final/netty-buffer-4.2.2.Final.jar
  .m2.cache/io/netty/netty-transport/4.2.2.Final/netty-transport-4.2.2.Final.jar
  .m2.cache/io/netty/netty-codec-base/4.2.2.Final/netty-codec-base-4.2.2.Final.jar
  .m2.cache/io/netty/netty-handler/4.2.2.Final/netty-handler-4.2.2.Final.jar
  .m2.cache/io/netty/netty-codec-http/4.2.2.Final/netty-codec-http-4.2.2.Final.jar
  .m2.cache/io/netty/netty-transport-native-unix-common/4.2.2.Final/netty-transport-native-unix-common-4.2.2.Final.jar
  .m2.cache/io/netty/netty-transport-classes-kqueue/4.2.2.Final/netty-transport-classes-kqueue-4.2.2.Final.jar
  .m2.cache/io/netty/netty-transport-classes-epoll/4.2.2.Final/netty-transport-classes-epoll-4.2.2.Final.jar
  .m2.cache/org/unbescape/unbescape/1.1.6.RELEASE/unbescape-1.1.6.RELEASE.jar
  .m2.cache/io/netty/netty-resolver/4.2.2.Final/netty-resolver-4.2.2.Final.jar
  .m2.cache/io/netty/netty-codec-compression/4.2.2.Final/netty-codec-compression-4.2.2.Final.jar
  .m2.cache/io/ktor/ktor-io-jvm/3.2.3/ktor-io-jvm-3.2.3.jar
  .m2.cache/org/jetbrains/kotlinx/kotlinx-serialization-core-jvm/1.8.1/kotlinx-serialization-core-jvm-1.8.1.jar
  .m2.cache/io/ktor/ktor-network-jvm/3.2.3/ktor-network-jvm-3.2.3.jar
  .m2.cache/org/jetbrains/kotlinx/kotlinx-io-core-jvm/0.7.0/kotlinx-io-core-jvm-0.7.0.jar
  .m2.cache/org/jetbrains/kotlinx/kotlinx-io-bytestring-jvm/0.7.0/kotlinx-io-bytestring-jvm-0.7.0.jar
00:24.198 DEBUG :database:compileJvm      ExtractKt                 Extracting /home/codespace/.cache/JetBrains/Amper/download.cache/b1fa834a91-amazon-corretto-21.0.1.12.1-linux-x64.tar.gz to /home/codespace/.cache/JetBrains/Amper/extract.cache/b1fa834a91-amazon-corretto-21.0.1.12.1-linux-x64.tar.gz.720fe1.d
00:26.983 DEBUG :database:compileJvm      StateKt                   [inc] state file is missing or empty at '/workspaces/2850-Physical-Fitness-Webapp/build/incremental.state/_database_compileJvm-222e93d7b1' -> cache miss
00:26.983 DEBUG :database:compileJvm      IncrementalCache          [inc] building ':database:compileJvm'
00:27.027 DEBUG :database:compileJvm      StateKt                   [inc] state file is missing or empty at '/workspaces/2850-Physical-Fitness-Webapp/build/incremental.state/resolve-org.jetbrains.kotlin-kotlin-build-tools-im-439d3d0dbf' -> cache miss
00:27.027 DEBUG :database:compileJvm      IncrementalCache          [inc] building 'resolve-org.jetbrains.kotlin-kotlin-build-tools-impl-2.2.21'
00:27.072 DEBUG :database:compileJvm      DependencyFileImpl        Not found URL: https://repo1.maven.org/maven2/org/jetbrains/kotlin/kotlin-build-tools-impl/2.2.21/kotlin-build-tools-impl-2.2.21.pom.sha512
00:27.113 DEBUG :database:compileJvm      DependencyFileImpl        Not found URL: https://repo1.maven.org/maven2/org/jetbrains/kotlin/kotlin-build-tools-impl/2.2.21/kotlin-build-tools-impl-2.2.21.pom.sha256
00:27.132 DEBUG :database:compileJvm      DependencyFileImpl        Downloaded https://repo1.maven.org/maven2/org/jetbrains/kotlin/kotlin-build-tools-impl/2.2.21/kotlin-build-tools-impl-2.2.21.pom.sha1 for the dependency org.jetbrains.kotlin:kotlin-build-tools-impl:2.2.21
00:27.155 DEBUG :database:compileJvm      DependencyFileImpl        Downloaded https://repo1.maven.org/maven2/org/jetbrains/kotlin/kotlin-build-tools-impl/2.2.21/kotlin-build-tools-impl-2.2.21.pom for the dependency org.jetbrains.kotlin:kotlin-build-tools-impl:2.2.21
00:27.374 DEBUG :database:compileJvm      DependencyFileImpl        Not found URL: https://repo1.maven.org/maven2/org/jetbrains/kotlin/kotlin-scripting-compiler-embeddable/2.2.21/kotlin-scripting-compiler-embeddable-2.2.21.pom.sha512
00:27.377 DEBUG :database:compileJvm      DependencyFileImpl        Not found URL: https://repo1.maven.org/maven2/org/jetbrains/annotations/13.0/annotations-13.0.pom.sha512
00:27.385 DEBUG :database:compileJvm      DependencyFileImpl        Not found URL: https://repo1.maven.org/maven2/org/jetbrains/kotlin/kotlin-build-tools-api/2.2.21/kotlin-build-tools-api-2.2.21.pom.sha512
00:27.385 DEBUG :database:compileJvm      DependencyFileImpl        Not found URL: https://repo1.maven.org/maven2/org/jetbrains/kotlin/kotlin-scripting-compiler-impl-embeddable/2.2.21/kotlin-scripting-compiler-impl-embeddable-2.2.21.pom.sha512
00:27.385 DEBUG :database:compileJvm      DependencyFileImpl        Not found URL: https://repo1.maven.org/maven2/org/jetbrains/kotlin/kotlin-compiler-embeddable/2.2.21/kotlin-compiler-embeddable-2.2.21.pom.sha512
00:27.378 DEBUG :database:compileJvm      DependencyFileImpl        Not found URL: https://repo1.maven.org/maven2/org/jetbrains/kotlin/kotlin-compiler-runner/2.2.21/kotlin-compiler-runner-2.2.21.pom.sha512
00:27.406 DEBUG :database:compileJvm      DependencyFileImpl        Not found URL: https://repo1.maven.org/maven2/org/jetbrains/kotlin/kotlin-compiler-embeddable/2.2.21/kotlin-compiler-embeddable-2.2.21.pom.sha256
00:27.407 DEBUG :database:compileJvm      DependencyFileImpl        Not found URL: https://repo1.maven.org/maven2/org/jetbrains/kotlin/kotlin-compiler-runner/2.2.21/kotlin-compiler-runner-2.2.21.pom.sha256
00:27.412 DEBUG :database:compileJvm      DependencyFileImpl        Not found URL: https://repo1.maven.org/maven2/org/jetbrains/kotlin/kotlin-scripting-compiler-impl-embeddable/2.2.21/kotlin-scripting-compiler-impl-embeddable-2.2.21.pom.sha256
00:27.419 DEBUG :database:compileJvm      DependencyFileImpl        Not found URL: https://repo1.maven.org/maven2/org/jetbrains/kotlin/kotlin-build-tools-api/2.2.21/kotlin-build-tools-api-2.2.21.pom.sha256
00:27.422 DEBUG :database:compileJvm      DependencyFileImpl        Not found URL: https://repo1.maven.org/maven2/org/jetbrains/annotations/13.0/annotations-13.0.pom.sha256
00:27.423 DEBUG :database:compileJvm      DependencyFileImpl        Downloaded https://repo1.maven.org/maven2/org/jetbrains/kotlin/kotlin-compiler-embeddable/2.2.21/kotlin-compiler-embeddable-2.2.21.pom.sha1 for the dependency org.jetbrains.kotlin:kotlin-compiler-embeddable:2.2.21
00:27.434 DEBUG :database:compileJvm      DependencyFileImpl        Downloaded https://repo1.maven.org/maven2/org/jetbrains/kotlin/kotlin-scripting-compiler-impl-embeddable/2.2.21/kotlin-scripting-compiler-impl-embeddable-2.2.21.pom.sha1 for the dependency org.jetbrains.kotlin:kotlin-scripting-compiler-impl-embeddable:2.2.21
00:27.436 DEBUG :database:compileJvm      DependencyFileImpl        Downloaded https://repo1.maven.org/maven2/org/jetbrains/kotlin/kotlin-build-tools-api/2.2.21/kotlin-build-tools-api-2.2.21.pom.sha1 for the dependency org.jetbrains.kotlin:kotlin-build-tools-api:2.2.21
00:27.439 DEBUG :database:compileJvm      DependencyFileImpl        Downloaded https://repo1.maven.org/maven2/org/jetbrains/annotations/13.0/annotations-13.0.pom.sha1 for the dependency org.jetbrains:annotations:13.0
00:27.442 DEBUG :database:compileJvm      DependencyFileImpl        Not found URL: https://repo1.maven.org/maven2/org/jetbrains/kotlin/kotlin-scripting-compiler-embeddable/2.2.21/kotlin-scripting-compiler-embeddable-2.2.21.pom.sha256
00:27.444 DEBUG :database:compileJvm      DependencyFileImpl        Downloaded https://repo1.maven.org/maven2/org/jetbrains/kotlin/kotlin-compiler-embeddable/2.2.21/kotlin-compiler-embeddable-2.2.21.pom for the dependency org.jetbrains.kotlin:kotlin-compiler-embeddable:2.2.21
00:27.446 DEBUG :database:compileJvm      DependencyFileImpl        Downloaded https://repo1.maven.org/maven2/org/jetbrains/kotlin/kotlin-compiler-runner/2.2.21/kotlin-compiler-runner-2.2.21.pom.sha1 for the dependency org.jetbrains.kotlin:kotlin-compiler-runner:2.2.21
00:27.453 DEBUG :database:compileJvm      DependencyFileImpl        Downloaded https://repo1.maven.org/maven2/org/jetbrains/kotlin/kotlin-scripting-compiler-impl-embeddable/2.2.21/kotlin-scripting-compiler-impl-embeddable-2.2.21.pom for the dependency org.jetbrains.kotlin:kotlin-scripting-compiler-impl-embeddable:2.2.21
00:27.456 DEBUG :database:compileJvm      DependencyFileImpl        Downloaded https://repo1.maven.org/maven2/org/jetbrains/kotlin/kotlin-build-tools-api/2.2.21/kotlin-build-tools-api-2.2.21.pom for the dependency org.jetbrains.kotlin:kotlin-build-tools-api:2.2.21
00:27.458 DEBUG :database:compileJvm      DependencyFileImpl        Downloaded https://repo1.maven.org/maven2/org/jetbrains/annotations/13.0/annotations-13.0.pom for the dependency org.jetbrains:annotations:13.0
00:27.460 DEBUG :database:compileJvm      DependencyFileImpl        Downloaded https://repo1.maven.org/maven2/org/jetbrains/kotlin/kotlin-scripting-compiler-embeddable/2.2.21/kotlin-scripting-compiler-embeddable-2.2.21.pom.sha1 for the dependency org.jetbrains.kotlin:kotlin-scripting-compiler-embeddable:2.2.21
00:27.464 DEBUG :database:compileJvm      DependencyFileImpl        Downloaded https://repo1.maven.org/maven2/org/jetbrains/kotlin/kotlin-compiler-runner/2.2.21/kotlin-compiler-runner-2.2.21.pom for the dependency org.jetbrains.kotlin:kotlin-compiler-runner:2.2.21
00:27.482 DEBUG :database:compileJvm      DependencyFileImpl        Downloaded https://repo1.maven.org/maven2/org/jetbrains/kotlin/kotlin-scripting-compiler-embeddable/2.2.21/kotlin-scripting-compiler-embeddable-2.2.21.pom for the dependency org.jetbrains.kotlin:kotlin-scripting-compiler-embeddable:2.2.21
00:27.490 DEBUG :database:compileJvm      DependencyFileImpl        Not found URL: https://repo1.maven.org/maven2/org/jetbrains/kotlin/kotlin-reflect/1.6.10/kotlin-reflect-1.6.10.pom.sha512
00:27.490 DEBUG :database:compileJvm      DependencyFileImpl        Downloaded https://repo1.maven.org/maven2/org/jetbrains/kotlinx/kotlinx-coroutines-core-jvm/1.8.0/kotlinx-coroutines-core-jvm-1.8.0.pom.sha512 for the dependency org.jetbrains.kotlinx:kotlinx-coroutines-core-jvm:1.8.0
00:27.493 DEBUG :database:compileJvm      DependencyFileImpl        Not found URL: https://repo1.maven.org/maven2/org/jetbrains/kotlin/kotlin-script-runtime/2.2.21/kotlin-script-runtime-2.2.21.pom.sha512
00:27.494 DEBUG :database:compileJvm      DependencyFileImpl        Not found URL: https://repo1.maven.org/maven2/org/jetbrains/kotlin/kotlin-daemon-client/2.2.21/kotlin-daemon-client-2.2.21.pom.sha512
00:27.494 DEBUG :database:compileJvm      DependencyFileImpl        Not found URL: https://repo1.maven.org/maven2/org/jetbrains/kotlin/kotlin-scripting-jvm/2.2.21/kotlin-scripting-jvm-2.2.21.pom.sha512
00:27.499 DEBUG :database:compileJvm      DependencyFileImpl        Not found URL: https://repo1.maven.org/maven2/org/jetbrains/kotlin/kotlin-scripting-common/2.2.21/kotlin-scripting-common-2.2.21.pom.sha512
00:27.505 DEBUG :database:compileJvm      DependencyFileImpl        Downloaded https://repo1.maven.org/maven2/org/jetbrains/kotlinx/kotlinx-coroutines-core-jvm/1.8.0/kotlinx-coroutines-core-jvm-1.8.0.pom for the dependency org.jetbrains.kotlinx:kotlinx-coroutines-core-jvm:1.8.0
00:27.506 DEBUG :database:compileJvm      DependencyFileImpl        Not found URL: https://repo1.maven.org/maven2/org/jetbrains/kotlin/kotlin-reflect/1.6.10/kotlin-reflect-1.6.10.pom.sha256
00:27.508 DEBUG :database:compileJvm      DependencyFileImpl        Not found URL: https://repo1.maven.org/maven2/org/jetbrains/kotlin/kotlin-script-runtime/2.2.21/kotlin-script-runtime-2.2.21.pom.sha256
00:27.531 DEBUG :database:compileJvm      DependencyFileImpl        Not found URL: https://repo1.maven.org/maven2/org/jetbrains/kotlin/kotlin-daemon-client/2.2.21/kotlin-daemon-client-2.2.21.pom.sha256
00:27.531 DEBUG :database:compileJvm      DependencyFileImpl        Not found URL: https://repo1.maven.org/maven2/org/jetbrains/kotlin/kotlin-scripting-jvm/2.2.21/kotlin-scripting-jvm-2.2.21.pom.sha256
00:27.532 DEBUG :database:compileJvm      DependencyFileImpl        Not found URL: https://repo1.maven.org/maven2/org/jetbrains/kotlin/kotlin-scripting-common/2.2.21/kotlin-scripting-common-2.2.21.pom.sha256
00:27.535 DEBUG :database:compileJvm      DependencyFileImpl        Downloaded https://repo1.maven.org/maven2/org/jetbrains/kotlinx/kotlinx-coroutines-core-jvm/1.8.0/kotlinx-coroutines-core-jvm-1.8.0.module.sha512 for the dependency org.jetbrains.kotlinx:kotlinx-coroutines-core-jvm:1.8.0
00:27.536 DEBUG :database:compileJvm      DependencyFileImpl        Downloaded https://repo1.maven.org/maven2/org/jetbrains/kotlin/kotlin-script-runtime/2.2.21/kotlin-script-runtime-2.2.21.pom.sha1 for the dependency org.jetbrains.kotlin:kotlin-script-runtime:2.2.21
00:27.536 DEBUG :database:compileJvm      DependencyFileImpl        Downloaded https://repo1.maven.org/maven2/org/jetbrains/kotlin/kotlin-reflect/1.6.10/kotlin-reflect-1.6.10.pom.sha1 for the dependency org.jetbrains.kotlin:kotlin-reflect:1.6.10
00:27.548 DEBUG :database:compileJvm      DependencyFileImpl        Downloaded https://repo1.maven.org/maven2/org/jetbrains/kotlin/kotlin-daemon-client/2.2.21/kotlin-daemon-client-2.2.21.pom.sha1 for the dependency org.jetbrains.kotlin:kotlin-daemon-client:2.2.21
00:27.550 DEBUG :database:compileJvm      DependencyFileImpl        Downloaded https://repo1.maven.org/maven2/org/jetbrains/kotlin/kotlin-scripting-common/2.2.21/kotlin-scripting-common-2.2.21.pom.sha1 for the dependency org.jetbrains.kotlin:kotlin-scripting-common:2.2.21
00:27.552 DEBUG :database:compileJvm      DependencyFileImpl        Downloaded https://repo1.maven.org/maven2/org/jetbrains/kotlin/kotlin-script-runtime/2.2.21/kotlin-script-runtime-2.2.21.pom for the dependency org.jetbrains.kotlin:kotlin-script-runtime:2.2.21
00:27.552 DEBUG :database:compileJvm      DependencyFileImpl        Downloaded https://repo1.maven.org/maven2/org/jetbrains/kotlin/kotlin-reflect/1.6.10/kotlin-reflect-1.6.10.pom for the dependency org.jetbrains.kotlin:kotlin-reflect:1.6.10
00:27.559 DEBUG :database:compileJvm      DependencyFileImpl        Downloaded https://repo1.maven.org/maven2/org/jetbrains/kotlin/kotlin-scripting-jvm/2.2.21/kotlin-scripting-jvm-2.2.21.pom.sha1 for the dependency org.jetbrains.kotlin:kotlin-scripting-jvm:2.2.21
00:27.560 DEBUG :database:compileJvm      DependencyFileImpl        Downloaded https://repo1.maven.org/maven2/org/jetbrains/kotlinx/kotlinx-coroutines-core-jvm/1.8.0/kotlinx-coroutines-core-jvm-1.8.0.module for the dependency org.jetbrains.kotlinx:kotlinx-coroutines-core-jvm:1.8.0
00:27.565 DEBUG :database:compileJvm      DependencyFileImpl        Downloaded https://repo1.maven.org/maven2/org/jetbrains/kotlin/kotlin-scripting-common/2.2.21/kotlin-scripting-common-2.2.21.pom for the dependency org.jetbrains.kotlin:kotlin-scripting-common:2.2.21
00:27.571 DEBUG :database:compileJvm      DependencyFileImpl        Downloaded https://repo1.maven.org/maven2/org/jetbrains/kotlin/kotlin-daemon-client/2.2.21/kotlin-daemon-client-2.2.21.pom for the dependency org.jetbrains.kotlin:kotlin-daemon-client:2.2.21
00:27.575 DEBUG :database:compileJvm      DependencyFileImpl        Downloaded https://repo1.maven.org/maven2/org/jetbrains/kotlin/kotlin-scripting-jvm/2.2.21/kotlin-scripting-jvm-2.2.21.pom for the dependency org.jetbrains.kotlin:kotlin-scripting-jvm:2.2.21
00:27.581 DEBUG :database:compileJvm      DependencyFileImpl        Downloaded https://repo1.maven.org/maven2/org/jetbrains/kotlinx/kotlinx-coroutines-bom/1.8.0/kotlinx-coroutines-bom-1.8.0.pom.sha512 for the dependency org.jetbrains.kotlinx:kotlinx-coroutines-bom:1.8.0
00:27.595 DEBUG :database:compileJvm      DependencyFileImpl        Downloaded https://repo1.maven.org/maven2/org/jetbrains/kotlinx/kotlinx-coroutines-bom/1.8.0/kotlinx-coroutines-bom-1.8.0.pom for the dependency org.jetbrains.kotlinx:kotlinx-coroutines-bom:1.8.0
00:27.603 DEBUG :database:compileJvm      DependencyFileImpl        Not found URL: https://repo1.maven.org/maven2/org/jetbrains/kotlin/kotlin-daemon-embeddable/2.2.21/kotlin-daemon-embeddable-2.2.21.pom.sha512
00:27.636 DEBUG :database:compileJvm      DependencyFileImpl        Not found URL: https://repo1.maven.org/maven2/org/jetbrains/kotlin/kotlin-daemon-embeddable/2.2.21/kotlin-daemon-embeddable-2.2.21.pom.sha256
00:27.652 DEBUG :database:compileJvm      DependencyFileImpl        Downloaded https://repo1.maven.org/maven2/org/jetbrains/kotlin/kotlin-daemon-embeddable/2.2.21/kotlin-daemon-embeddable-2.2.21.pom.sha1 for the dependency org.jetbrains.kotlin:kotlin-daemon-embeddable:2.2.21
00:27.753 DEBUG :database:compileJvm      DependencyFileImpl        Downloaded https://repo1.maven.org/maven2/org/jetbrains/kotlin/kotlin-daemon-embeddable/2.2.21/kotlin-daemon-embeddable-2.2.21.pom for the dependency org.jetbrains.kotlin:kotlin-daemon-embeddable:2.2.21
00:27.838 DEBUG :database:compileJvm      DependencyFileImpl        Not found URL: https://repo1.maven.org/maven2/org/jetbrains/kotlin/kotlin-build-tools-impl/2.2.21/kotlin-build-tools-impl-2.2.21.jar.sha512
00:27.857 DEBUG :database:compileJvm      DependencyFileImpl        Not found URL: https://repo1.maven.org/maven2/org/jetbrains/kotlin/kotlin-compiler-embeddable/2.2.21/kotlin-compiler-embeddable-2.2.21.jar.sha512
00:27.864 DEBUG :database:compileJvm      DependencyFileImpl        Not found URL: https://repo1.maven.org/maven2/org/jetbrains/kotlin/kotlin-reflect/1.6.10/kotlin-reflect-1.6.10.jar.sha512
00:27.865 DEBUG :database:compileJvm      DependencyFileImpl        Not found URL: https://repo1.maven.org/maven2/org/jetbrains/kotlin/kotlin-build-tools-api/2.2.21/kotlin-build-tools-api-2.2.21.jar.sha512
00:27.876 DEBUG :database:compileJvm      DependencyFileImpl        Not found URL: https://repo1.maven.org/maven2/org/jetbrains/kotlin/kotlin-daemon-client/2.2.21/kotlin-daemon-client-2.2.21.jar.sha512
00:27.877 DEBUG :database:compileJvm      DependencyFileImpl        Not found URL: https://repo1.maven.org/maven2/org/jetbrains/kotlin/kotlin-script-runtime/2.2.21/kotlin-script-runtime-2.2.21.jar.sha512
00:27.877 DEBUG :database:compileJvm      DependencyFileImpl        Not found URL: https://repo1.maven.org/maven2/org/jetbrains/kotlin/kotlin-compiler-runner/2.2.21/kotlin-compiler-runner-2.2.21.jar.sha512
00:27.878 DEBUG :database:compileJvm      DependencyFileImpl        Not found URL: https://repo1.maven.org/maven2/org/jetbrains/kotlin/kotlin-scripting-compiler-impl-embeddable/2.2.21/kotlin-scripting-compiler-impl-embeddable-2.2.21.jar.sha512
00:27.877 DEBUG :database:compileJvm      DependencyFileImpl        Not found URL: https://repo1.maven.org/maven2/org/jetbrains/kotlin/kotlin-scripting-jvm/2.2.21/kotlin-scripting-jvm-2.2.21.jar.sha512
00:27.878 DEBUG :database:compileJvm      DependencyFileImpl        Not found URL: https://repo1.maven.org/maven2/org/jetbrains/kotlin/kotlin-scripting-compiler-embeddable/2.2.21/kotlin-scripting-compiler-embeddable-2.2.21.jar.sha512
00:27.880 DEBUG :database:compileJvm      DependencyFileImpl        Not found URL: https://repo1.maven.org/maven2/org/jetbrains/kotlin/kotlin-scripting-common/2.2.21/kotlin-scripting-common-2.2.21.jar.sha512
00:27.887 DEBUG :database:compileJvm      DependencyFileImpl        Downloaded https://repo1.maven.org/maven2/org/jetbrains/kotlinx/kotlinx-coroutines-core-jvm/1.8.0/kotlinx-coroutines-core-jvm-1.8.0.jar for the dependency org.jetbrains.kotlinx:kotlinx-coroutines-core-jvm:1.8.0
00:27.894 DEBUG :database:compileJvm      DependencyFileImpl        Not found URL: https://repo1.maven.org/maven2/org/jetbrains/kotlin/kotlin-build-tools-impl/2.2.21/kotlin-build-tools-impl-2.2.21.jar.sha256
00:27.900 DEBUG :database:compileJvm      DependencyFileImpl        Not found URL: https://repo1.maven.org/maven2/org/jetbrains/kotlin/kotlin-compiler-embeddable/2.2.21/kotlin-compiler-embeddable-2.2.21.jar.sha256
00:27.905 DEBUG :database:compileJvm      DependencyFileImpl        Not found URL: https://repo1.maven.org/maven2/org/jetbrains/kotlin/kotlin-daemon-client/2.2.21/kotlin-daemon-client-2.2.21.jar.sha256
00:27.906 DEBUG :database:compileJvm      DependencyFileImpl        Not found URL: https://repo1.maven.org/maven2/org/jetbrains/kotlin/kotlin-scripting-jvm/2.2.21/kotlin-scripting-jvm-2.2.21.jar.sha256
00:27.906 DEBUG :database:compileJvm      DependencyFileImpl        Not found URL: https://repo1.maven.org/maven2/org/jetbrains/kotlin/kotlin-reflect/1.6.10/kotlin-reflect-1.6.10.jar.sha256
00:27.909 DEBUG :database:compileJvm      DependencyFileImpl        Not found URL: https://repo1.maven.org/maven2/org/jetbrains/kotlin/kotlin-scripting-compiler-impl-embeddable/2.2.21/kotlin-scripting-compiler-impl-embeddable-2.2.21.jar.sha256
00:27.909 DEBUG :database:compileJvm      DependencyFileImpl        Not found URL: https://repo1.maven.org/maven2/org/jetbrains/kotlin/kotlin-compiler-runner/2.2.21/kotlin-compiler-runner-2.2.21.jar.sha256
00:27.910 DEBUG :database:compileJvm      DependencyFileImpl        Not found URL: https://repo1.maven.org/maven2/org/jetbrains/kotlin/kotlin-build-tools-api/2.2.21/kotlin-build-tools-api-2.2.21.jar.sha256
00:27.916 DEBUG :database:compileJvm      DependencyFileImpl        Not found URL: https://repo1.maven.org/maven2/org/jetbrains/kotlin/kotlin-script-runtime/2.2.21/kotlin-script-runtime-2.2.21.jar.sha256
00:27.918 DEBUG :database:compileJvm      DependencyFileImpl        Not found URL: https://repo1.maven.org/maven2/org/jetbrains/kotlin/kotlin-scripting-compiler-embeddable/2.2.21/kotlin-scripting-compiler-embeddable-2.2.21.jar.sha256
00:27.923 DEBUG :database:compileJvm      DependencyFileImpl        Downloaded https://repo1.maven.org/maven2/org/jetbrains/kotlin/kotlin-build-tools-impl/2.2.21/kotlin-build-tools-impl-2.2.21.jar.sha1 for the dependency org.jetbrains.kotlin:kotlin-build-tools-impl:2.2.21
00:27.924 DEBUG :database:compileJvm      DependencyFileImpl        Downloaded https://repo1.maven.org/maven2/org/jetbrains/kotlin/kotlin-daemon-client/2.2.21/kotlin-daemon-client-2.2.21.jar.sha1 for the dependency org.jetbrains.kotlin:kotlin-daemon-client:2.2.21
00:27.925 DEBUG :database:compileJvm      DependencyFileImpl        Downloaded https://repo1.maven.org/maven2/org/jetbrains/kotlin/kotlin-reflect/1.6.10/kotlin-reflect-1.6.10.jar.sha1 for the dependency org.jetbrains.kotlin:kotlin-reflect:1.6.10
00:27.926 DEBUG :database:compileJvm      DependencyFileImpl        Downloaded https://repo1.maven.org/maven2/org/jetbrains/kotlin/kotlin-compiler-embeddable/2.2.21/kotlin-compiler-embeddable-2.2.21.jar.sha1 for the dependency org.jetbrains.kotlin:kotlin-compiler-embeddable:2.2.21
00:27.928 DEBUG :database:compileJvm      DependencyFileImpl        Downloaded https://repo1.maven.org/maven2/org/jetbrains/kotlin/kotlin-scripting-jvm/2.2.21/kotlin-scripting-jvm-2.2.21.jar.sha1 for the dependency org.jetbrains.kotlin:kotlin-scripting-jvm:2.2.21
00:27.929 DEBUG :database:compileJvm      DependencyFileImpl        Downloaded https://repo1.maven.org/maven2/org/jetbrains/kotlin/kotlin-scripting-compiler-impl-embeddable/2.2.21/kotlin-scripting-compiler-impl-embeddable-2.2.21.jar.sha1 for the dependency org.jetbrains.kotlin:kotlin-scripting-compiler-impl-embeddable:2.2.21
00:27.930 DEBUG :database:compileJvm      DependencyFileImpl        Downloaded https://repo1.maven.org/maven2/org/jetbrains/kotlin/kotlin-compiler-runner/2.2.21/kotlin-compiler-runner-2.2.21.jar.sha1 for the dependency org.jetbrains.kotlin:kotlin-compiler-runner:2.2.21
00:27.934 DEBUG :database:compileJvm      DependencyFileImpl        Downloaded https://repo1.maven.org/maven2/org/jetbrains/kotlin/kotlin-scripting-compiler-embeddable/2.2.21/kotlin-scripting-compiler-embeddable-2.2.21.jar.sha1 for the dependency org.jetbrains.kotlin:kotlin-scripting-compiler-embeddable:2.2.21
00:27.935 DEBUG :database:compileJvm      DependencyFileImpl        Downloaded https://repo1.maven.org/maven2/org/jetbrains/kotlin/kotlin-build-tools-api/2.2.21/kotlin-build-tools-api-2.2.21.jar.sha1 for the dependency org.jetbrains.kotlin:kotlin-build-tools-api:2.2.21
00:27.943 DEBUG :database:compileJvm      DependencyFileImpl        Downloaded https://repo1.maven.org/maven2/org/jetbrains/kotlin/kotlin-script-runtime/2.2.21/kotlin-script-runtime-2.2.21.jar.sha1 for the dependency org.jetbrains.kotlin:kotlin-script-runtime:2.2.21
00:27.944 DEBUG :database:compileJvm      DependencyFileImpl        Not found URL: https://repo1.maven.org/maven2/org/jetbrains/kotlin/kotlin-scripting-common/2.2.21/kotlin-scripting-common-2.2.21.jar.sha256
00:27.945 DEBUG :database:compileJvm      DependencyFileImpl        Downloaded https://repo1.maven.org/maven2/org/jetbrains/kotlin/kotlin-build-tools-impl/2.2.21/kotlin-build-tools-impl-2.2.21.jar for the dependency org.jetbrains.kotlin:kotlin-build-tools-impl:2.2.21
00:27.951 DEBUG :database:compileJvm      DependencyFileImpl        Downloaded https://repo1.maven.org/maven2/org/jetbrains/kotlin/kotlin-daemon-client/2.2.21/kotlin-daemon-client-2.2.21.jar for the dependency org.jetbrains.kotlin:kotlin-daemon-client:2.2.21
00:27.962 DEBUG :database:compileJvm      DependencyFileImpl        Downloaded https://repo1.maven.org/maven2/org/jetbrains/kotlin/kotlin-scripting-jvm/2.2.21/kotlin-scripting-jvm-2.2.21.jar for the dependency org.jetbrains.kotlin:kotlin-scripting-jvm:2.2.21
00:27.966 DEBUG :database:compileJvm      DependencyFileImpl        Downloaded https://repo1.maven.org/maven2/org/jetbrains/kotlin/kotlin-scripting-compiler-impl-embeddable/2.2.21/kotlin-scripting-compiler-impl-embeddable-2.2.21.jar for the dependency org.jetbrains.kotlin:kotlin-scripting-compiler-impl-embeddable:2.2.21
00:27.968 DEBUG :database:compileJvm      DependencyFileImpl        Downloaded https://repo1.maven.org/maven2/org/jetbrains/kotlin/kotlin-compiler-runner/2.2.21/kotlin-compiler-runner-2.2.21.jar for the dependency org.jetbrains.kotlin:kotlin-compiler-runner:2.2.21
00:27.983 DEBUG :database:compileJvm      DependencyFileImpl        Downloaded https://repo1.maven.org/maven2/org/jetbrains/kotlin/kotlin-scripting-common/2.2.21/kotlin-scripting-common-2.2.21.jar.sha1 for the dependency org.jetbrains.kotlin:kotlin-scripting-common:2.2.21
00:27.989 DEBUG :database:compileJvm      DependencyFileImpl        Downloaded https://repo1.maven.org/maven2/org/jetbrains/kotlin/kotlin-build-tools-api/2.2.21/kotlin-build-tools-api-2.2.21.jar for the dependency org.jetbrains.kotlin:kotlin-build-tools-api:2.2.21
00:27.991 DEBUG :database:compileJvm      DependencyFileImpl        Downloaded https://repo1.maven.org/maven2/org/jetbrains/kotlin/kotlin-script-runtime/2.2.21/kotlin-script-runtime-2.2.21.jar for the dependency org.jetbrains.kotlin:kotlin-script-runtime:2.2.21
00:28.002 DEBUG :database:compileJvm      DependencyFileImpl        Downloaded https://repo1.maven.org/maven2/org/jetbrains/kotlin/kotlin-scripting-compiler-embeddable/2.2.21/kotlin-scripting-compiler-embeddable-2.2.21.jar for the dependency org.jetbrains.kotlin:kotlin-scripting-compiler-embeddable:2.2.21
00:28.197 DEBUG :database:compileJvm      DependencyFileImpl        Downloaded https://repo1.maven.org/maven2/org/jetbrains/kotlin/kotlin-scripting-common/2.2.21/kotlin-scripting-common-2.2.21.jar for the dependency org.jetbrains.kotlin:kotlin-scripting-common:2.2.21
00:28.198 DEBUG :database:compileJvm      DependencyFileImpl        Downloaded https://repo1.maven.org/maven2/org/jetbrains/kotlin/kotlin-reflect/1.6.10/kotlin-reflect-1.6.10.jar for the dependency org.jetbrains.kotlin:kotlin-reflect:1.6.10
00:28.260 DEBUG :database:compileJvm      DependencyFileImpl        Not found URL: https://repo1.maven.org/maven2/org/jetbrains/kotlin/kotlin-daemon-embeddable/2.2.21/kotlin-daemon-embeddable-2.2.21.jar.sha512
00:28.311 DEBUG :database:compileJvm      DependencyFileImpl        Not found URL: https://repo1.maven.org/maven2/org/jetbrains/kotlin/kotlin-daemon-embeddable/2.2.21/kotlin-daemon-embeddable-2.2.21.jar.sha256
00:28.431 DEBUG :database:compileJvm      DependencyFileImpl        Downloaded https://repo1.maven.org/maven2/org/jetbrains/kotlin/kotlin-daemon-embeddable/2.2.21/kotlin-daemon-embeddable-2.2.21.jar.sha1 for the dependency org.jetbrains.kotlin:kotlin-daemon-embeddable:2.2.21
00:28.808 DEBUG :database:compileJvm      DependencyFileImpl        Downloaded https://repo1.maven.org/maven2/org/jetbrains/kotlin/kotlin-daemon-embeddable/2.2.21/kotlin-daemon-embeddable-2.2.21.jar for the dependency org.jetbrains.kotlin:kotlin-daemon-embeddable:2.2.21
00:29.851 DEBUG :database:compileJvm      DependencyFileImpl        Downloaded https://repo1.maven.org/maven2/org/jetbrains/kotlin/kotlin-compiler-embeddable/2.2.21/kotlin-compiler-embeddable-2.2.21.jar for the dependency org.jetbrains.kotlin:kotlin-compiler-embeddable:2.2.21
00:29.861 DEBUG :database:compileJvm      IncrementalCache          [inc] finished 'resolve-org.jetbrains.kotlin-kotlin-build-tools-impl-2.2.21' in 2.833472105s
00:29.867 DEBUG :database:compileJvm      IncrementalCache          [inc] 'resolve-org.jetbrains.kotlin-kotlin-build-tools-impl-2.2.21' changes: '/home/codespace/.cache/JetBrains/Amper/.m2.cache/org/jetbrains/kotlin/kotlin-build-tools-impl/2.2.21/kotlin-build-tools-impl-2.2.21.jar' CREATED, '/home/codespace/.cache/JetBrains/Amper/.m2.cache/org/jetbrains/kotlin/kotlin-build-tools-api/2.2.21/kotlin-build-tools-api-2.2.21.jar' CREATED, '/home/codespace/.cache/JetBrains/Amper/.m2.cache/org/jetbrains/kotlin/kotlin-stdlib/2.2.21/kotlin-stdlib-2.2.21.jar' CREATED, '/home/codespace/.cache/JetBrains/Amper/.m2.cache/org/jetbrains/kotlin/kotlin-compiler-embeddable/2.2.21/kotlin-compiler-embeddable-2.2.21.jar' CREATED, '/home/codespace/.cache/JetBrains/Amper/.m2.cache/org/jetbrains/kotlin/kotlin-compiler-runner/2.2.21/kotlin-compiler-runner-2.2.21.jar' CREATED, '/home/codespace/.cache/JetBrains/Amper/.m2.cache/org/jetbrains/kotlin/kotlin-scripting-compiler-embeddable/2.2.21/kotlin-scripting-compiler-embeddable-2.2.21.jar' CREATED, '/home/codespace/.cache/JetBrains/Amper/.m2.cache/org/jetbrains/kotlin/kotlin-scripting-compiler-impl-embeddable/2.2.21/kotlin-scripting-compiler-impl-embeddable-2.2.21.jar' CREATED, '/home/codespace/.cache/JetBrains/Amper/.m2.cache/org/jetbrains/annotations/23.0.0/annotations-23.0.0.jar' CREATED, '/home/codespace/.cache/JetBrains/Amper/.m2.cache/org/jetbrains/kotlin/kotlin-script-runtime/2.2.21/kotlin-script-runtime-2.2.21.jar' CREATED, '/home/codespace/.cache/JetBrains/Amper/.m2.cache/org/jetbrains/kotlin/kotlin-reflect/1.6.10/kotlin-reflect-1.6.10.jar' CREATED, '/home/codespace/.cache/JetBrains/Amper/.m2.cache/org/jetbrains/kotlin/kotlin-daemon-embeddable/2.2.21/kotlin-daemon-embeddable-2.2.21.jar' CREATED, '/home/codespace/.cache/JetBrains/Amper/.m2.cache/org/jetbrains/kotlinx/kotlinx-coroutines-core-jvm/1.8.0/kotlinx-coroutines-core-jvm-1.8.0.jar' CREATED, '/home/codespace/.cache/JetBrains/Amper/.m2.cache/org/jetbrains/kotlin/kotlin-daemon-client/2.2.21/kotlin-daemon-client-2.2.21.jar' CREATED, '/home/codespace/.cache/JetBrains/Amper/.m2.cache/org/jetbrains/kotlin/kotlin-scripting-common/2.2.21/kotlin-scripting-common-2.2.21.jar' CREATED, '/home/codespace/.cache/JetBrains/Amper/.m2.cache/org/jetbrains/kotlin/kotlin-scripting-jvm/2.2.21/kotlin-scripting-jvm-2.2.21.jar' CREATED
00:29.944 INFO  :database:compileJvm      JvmCompileTask            Compiling module 'database' for platform 'jvm'...
00:29.955 DEBUG :database:compileJvm      KotlinBuildToolsApiKt     Compiling using the in-process strategy
00:31.103 DEBUG :database:compileJvm      KotlinBuildToolsApiKt     Using Kotlin home directory <no_path>
00:31.126 DEBUG :database:compileJvm      KotlinBuildToolsApiKt     Configuring the compilation environment
00:31.329 DEBUG :database:compileJvm      KotlinBuildToolsApiKt     Using JDK home directory /home/codespace/.cache/JetBrains/Amper/extract.cache/b1fa834a91-amazon-corretto-21.0.1.12.1-linux-x64.tar.gz.720fe1.d
00:35.915 DEBUG :database:compileJvm      KotlinBuildToolsApiKt     Loading modules: [java.se, jdk.accessibility, jdk.attach, jdk.compiler, jdk.dynalink, jdk.httpserver, jdk.incubator.vector, jdk.jartool, jdk.javadoc, jdk.jconsole, jdk.jdi, jdk.jfr, jdk.jshell, jdk.jsobject, jdk.management, jdk.management.jfr, jdk.net, jdk.nio.mapmode, jdk.sctp, jdk.security.auth, jdk.security.jgss, jdk.unsupported, jdk.unsupported.desktop, jdk.xml.dom, java.base, java.compiler, java.datatransfer, java.desktop, java.xml, java.instrument, java.logging, java.management, java.management.rmi, java.rmi, java.naming, java.net.http, java.prefs, java.scripting, java.security.jgss, java.security.sasl, java.sql, java.transaction.xa, java.sql.rowset, java.xml.crypto, jdk.internal.jvmstat, jdk.internal.opt, jdk.zipfs, jdk.management.agent, jdk.jdwp.agent, jdk.internal.ed, jdk.internal.le]
00:48.984 DEBUG :database:compileJvm      JvmCompileTask            Kotlin compiler finalization...
00:48.984 DEBUG :database:compileJvm      IncrementalCache          [inc] finished ':database:compileJvm' in 22.001080381s
00:48.992 DEBUG :database:compileJvm      IncrementalCache          [inc] ':database:compileJvm' changes: '/workspaces/2850-Physical-Fitness-Webapp/build/artifacts/CompiledJvmClassesArtifact/databasejvm/java-output' CREATED, '/workspaces/2850-Physical-Fitness-Webapp/build/artifacts/CompiledJvmClassesArtifact/databasejvm/kotlin-output/META-INF/main.kotlin_module' CREATED, '/workspaces/2850-Physical-Fitness-Webapp/build/artifacts/CompiledJvmClassesArtifact/databasejvm/kotlin-output/com/physicalfitness/Distances.class' CREATED, '/workspaces/2850-Physical-Fitness-Webapp/build/artifacts/CompiledJvmClassesArtifact/databasejvm/kotlin-output/com/physicalfitness/LoginTable.class' CREATED, '/workspaces/2850-Physical-Fitness-Webapp/build/artifacts/CompiledJvmClassesArtifact/databasejvm/kotlin-output/com/physicalfitness/Biometrics$Companion.class' CREATED, '/workspaces/2850-Physical-Fitness-Webapp/build/artifacts/CompiledJvmClassesArtifact/databasejvm/kotlin-output/com/physicalfitness/ActivityRecordTable.class' CREATED, '/workspaces/2850-Physical-Fitness-Webapp/build/artifacts/CompiledJvmClassesArtifact/databasejvm/kotlin-output/com/physicalfitness/BiometricsTable.class' CREATED, '/workspaces/2850-Physical-Fitness-Webapp/build/artifacts/CompiledJvmClassesArtifact/databasejvm/kotlin-output/com/physicalfitness/User$Companion.class' CREATED, '/workspaces/2850-Physical-Fitness-Webapp/build/artifacts/CompiledJvmClassesArtifact/databasejvm/kotlin-output/com/physicalfitness/Login.class' CREATED, '/workspaces/2850-Physical-Fitness-Webapp/build/artifacts/CompiledJvmClassesArtifact/databasejvm/kotlin-output/com/physicalfitness/Distances$Companion.class' CREATED, '/workspaces/2850-Physical-Fitness-Webapp/build/artifacts/CompiledJvmClassesArtifact/databasejvm/kotlin-output/com/physicalfitness/DistancesTable.class' CREATED, '/workspaces/2850-Physical-Fitness-Webapp/build/artifacts/CompiledJvmClassesArtifact/databasejvm/kotlin-output/com/physicalfitness/Waterwork$Companion.class' CREATED, '/workspaces/2850-Physical-Fitness-Webapp/build/artifacts/CompiledJvmClassesArtifact/databasejvm/kotlin-output/com/physicalfitness/Gymwork.class' CREATED, '/workspaces/2850-Physical-Fitness-Webapp/build/artifacts/CompiledJvmClassesArtifact/databasejvm/kotlin-output/com/physicalfitness/UserTable.class' CREATED, '/workspaces/2850-Physical-Fitness-Webapp/build/artifacts/CompiledJvmClassesArtifact/databasejvm/kotlin-output/com/physicalfitness/Sports.class' CREATED, '/workspaces/2850-Physical-Fitness-Webapp/build/artifacts/CompiledJvmClassesArtifact/databasejvm/kotlin-output/com/physicalfitness/UserTableKt.class' CREATED, '/workspaces/2850-Physical-Fitness-Webapp/build/artifacts/CompiledJvmClassesArtifact/databasejvm/kotlin-output/com/physicalfitness/Waterwork.class' CREATED, '/workspaces/2850-Physical-Fitness-Webapp/build/artifacts/CompiledJvmClassesArtifact/databasejvm/kotlin-output/com/physicalfitness/PhysicalFitDatabase.class' CREATED, '/workspaces/2850-Physical-Fitness-Webapp/build/artifacts/CompiledJvmClassesArtifact/databasejvm/kotlin-output/com/physicalfitness/Recommendations$Companion.class' CREATED, '/workspaces/2850-Physical-Fitness-Webapp/build/artifacts/CompiledJvmClassesArtifact/databasejvm/kotlin-output/com/physicalfitness/GymworkTable.class' CREATED, '/workspaces/2850-Physical-Fitness-Webapp/build/artifacts/CompiledJvmClassesArtifact/databasejvm/kotlin-output/com/physicalfitness/Gymwork$Companion.class' CREATED, '/workspaces/2850-Physical-Fitness-Webapp/build/artifacts/CompiledJvmClassesArtifact/databasejvm/kotlin-output/com/physicalfitness/User.class' CREATED, '/workspaces/2850-Physical-Fitness-Webapp/build/artifacts/CompiledJvmClassesArtifact/databasejvm/kotlin-output/com/physicalfitness/RecommendationsTable.class' CREATED, '/workspaces/2850-Physical-Fitness-Webapp/build/artifacts/CompiledJvmClassesArtifact/databasejvm/kotlin-output/com/physicalfitness/SportsTable.class' CREATED, '/workspaces/2850-Physical-Fitness-Webapp/build/artifacts/CompiledJvmClassesArtifact/databasejvm/kotlin-output/com/physicalfitness/Biometrics.class' CREATED, '/workspaces/2850-Physical-Fitness-Webapp/build/artifacts/CompiledJvmClassesArtifact/databasejvm/kotlin-output/com/physicalfitness/PasswordHash.class' CREATED, '/workspaces/2850-Physical-Fitness-Webapp/build/artifacts/CompiledJvmClassesArtifact/databasejvm/kotlin-output/com/physicalfitness/Login$Companion.class' CREATED, '/workspaces/2850-Physical-Fitness-Webapp/build/artifacts/CompiledJvmClassesArtifact/databasejvm/kotlin-output/com/physicalfitness/WaterworkTable.class' CREATED, '/workspaces/2850-Physical-Fitness-Webapp/build/artifacts/CompiledJvmClassesArtifact/databasejvm/kotlin-output/com/physicalfitness/Recommendations.class' CREATED, '/workspaces/2850-Physical-Fitness-Webapp/build/artifacts/CompiledJvmClassesArtifact/databasejvm/kotlin-output/com/physicalfitness/Sports$Companion.class' CREATED, '/workspaces/2850-Physical-Fitness-Webapp/build/generated/database/jvm/src/apt/java' CREATED
00:48.994 DEBUG :server:compileJvm        JvmCompileTask            compile server -- main
00:48.996 DEBUG :server:compileJvm        ExtractKt                 Skipping extract to /home/codespace/.cache/JetBrains/Amper/extract.cache/b1fa834a91-amazon-corretto-21.0.1.12.1-linux-x64.tar.gz.720fe1.d since flag file /home/codespace/.cache/JetBrains/Amper/extract.cache/b1fa834a91-amazon-corretto-21.0.1.12.1-linux-x64.tar.gz.720fe1.d.flag is correct
00:48.999 DEBUG :server:compileJvm        StateKt                   [inc] state file is missing or empty at '/workspaces/2850-Physical-Fitness-Webapp/build/incremental.state/_server_compileJvm-49f71830a8' -> cache miss
00:48.999 DEBUG :server:compileJvm        IncrementalCache          [inc] building ':server:compileJvm'
00:49.002 INFO  :server:compileJvm        JvmCompileTask            Compiling module 'server' for platform 'jvm'...
00:49.003 DEBUG :database:jarJvm          StateKt                   [inc] state file is missing or empty at '/workspaces/2850-Physical-Fitness-Webapp/build/incremental.state/_database_jarJvm-240945cbdb' -> cache miss
00:49.003 DEBUG :database:jarJvm          IncrementalCache          [inc] building ':database:jarJvm'
00:49.005 DEBUG :server:compileJvm        KotlinBuildToolsApiKt     Compiling using the in-process strategy
00:49.006 DEBUG :server:compileJvm        KotlinBuildToolsApiKt     Using Kotlin home directory <no_path>
00:49.007 DEBUG :server:compileJvm        KotlinBuildToolsApiKt     Configuring the compilation environment
00:49.008 DEBUG :server:compileJvm        KotlinBuildToolsApiKt     Using JDK home directory /home/codespace/.cache/JetBrains/Amper/extract.cache/b1fa834a91-amazon-corretto-21.0.1.12.1-linux-x64.tar.gz.720fe1.d
00:49.041 DEBUG :database:jarJvm          IncrementalCache          [inc] finished ':database:jarJvm' in 37.568213ms
00:49.043 DEBUG :database:jarJvm          IncrementalCache          [inc] ':database:jarJvm' changes: '/workspaces/2850-Physical-Fitness-Webapp/build/tasks/_database_jarJvm/database-jvm.jar' CREATED
00:49.734 DEBUG :server:compileJvm        KotlinBuildToolsApiKt     Loading modules: [java.se, jdk.accessibility, jdk.attach, jdk.compiler, jdk.dynalink, jdk.httpserver, jdk.incubator.vector, jdk.jartool, jdk.javadoc, jdk.jconsole, jdk.jdi, jdk.jfr, jdk.jshell, jdk.jsobject, jdk.management, jdk.management.jfr, jdk.net, jdk.nio.mapmode, jdk.sctp, jdk.security.auth, jdk.security.jgss, jdk.unsupported, jdk.unsupported.desktop, jdk.xml.dom, java.base, java.compiler, java.datatransfer, java.desktop, java.xml, java.instrument, java.logging, java.management, java.management.rmi, java.rmi, java.naming, java.net.http, java.prefs, java.scripting, java.security.jgss, java.security.sasl, java.sql, java.transaction.xa, java.sql.rowset, java.xml.crypto, jdk.internal.jvmstat, jdk.internal.opt, jdk.zipfs, jdk.management.agent, jdk.jdwp.agent, jdk.internal.ed, jdk.internal.le]
00:55.699 DEBUG :server:compileJvm        JvmCompileTask            Kotlin compiler finalization...
00:55.699 DEBUG :server:compileJvm        IncrementalCache          [inc] finished ':server:compileJvm' in 6.699866095s
00:55.716 DEBUG :server:compileJvm        IncrementalCache          [inc] ':server:compileJvm' changes: '/workspaces/2850-Physical-Fitness-Webapp/build/artifacts/CompiledJvmClassesArtifact/serverjvm/java-output' CREATED, '/workspaces/2850-Physical-Fitness-Webapp/build/artifacts/CompiledJvmClassesArtifact/serverjvm/kotlin-output/META-INF/main.kotlin_module' CREATED, '/workspaces/2850-Physical-Fitness-Webapp/build/artifacts/CompiledJvmClassesArtifact/serverjvm/kotlin-output/com/physicalfitness/RoutingKt$configureRouting$1$11.class' CREATED, '/workspaces/2850-Physical-Fitness-Webapp/build/artifacts/CompiledJvmClassesArtifact/serverjvm/kotlin-output/com/physicalfitness/RoutingKt$configureRouting$1$13.class' CREATED, '/workspaces/2850-Physical-Fitness-Webapp/build/artifacts/CompiledJvmClassesArtifact/serverjvm/kotlin-output/com/physicalfitness/RoutingKt$configureRouting$1$9.class' CREATED, '/workspaces/2850-Physical-Fitness-Webapp/build/artifacts/CompiledJvmClassesArtifact/serverjvm/kotlin-output/com/physicalfitness/RoutingKt$configureRouting$1$5.class' CREATED, '/workspaces/2850-Physical-Fitness-Webapp/build/artifacts/CompiledJvmClassesArtifact/serverjvm/kotlin-output/com/physicalfitness/RoutingKt$configureRouting$1$12.class' CREATED, '/workspaces/2850-Physical-Fitness-Webapp/build/artifacts/CompiledJvmClassesArtifact/serverjvm/kotlin-output/com/physicalfitness/RoutingKt$configureRouting$1$4.class' CREATED, '/workspaces/2850-Physical-Fitness-Webapp/build/artifacts/CompiledJvmClassesArtifact/serverjvm/kotlin-output/com/physicalfitness/RoutingKt$configureRouting$1$7.class' CREATED, '/workspaces/2850-Physical-Fitness-Webapp/build/artifacts/CompiledJvmClassesArtifact/serverjvm/kotlin-output/com/physicalfitness/RoutingKt$configureRouting$1$14.class' CREATED, '/workspaces/2850-Physical-Fitness-Webapp/build/artifacts/CompiledJvmClassesArtifact/serverjvm/kotlin-output/com/physicalfitness/ErrorsKt.class' CREATED, '/workspaces/2850-Physical-Fitness-Webapp/build/artifacts/CompiledJvmClassesArtifact/serverjvm/kotlin-output/com/physicalfitness/ApplicationKt$main$1.class' CREATED, '/workspaces/2850-Physical-Fitness-Webapp/build/artifacts/CompiledJvmClassesArtifact/serverjvm/kotlin-output/com/physicalfitness/RoutingKt$configureRouting$1$1.class' CREATED, '/workspaces/2850-Physical-Fitness-Webapp/build/artifacts/CompiledJvmClassesArtifact/serverjvm/kotlin-output/com/physicalfitness/RoutingKt$configureRouting$1$2.class' CREATED, '/workspaces/2850-Physical-Fitness-Webapp/build/artifacts/CompiledJvmClassesArtifact/serverjvm/kotlin-output/com/physicalfitness/ApplicationKt.class' CREATED, '/workspaces/2850-Physical-Fitness-Webapp/build/artifacts/CompiledJvmClassesArtifact/serverjvm/kotlin-output/com/physicalfitness/RoutingKt$configureRouting$1$3.class' CREATED, '/workspaces/2850-Physical-Fitness-Webapp/build/artifacts/CompiledJvmClassesArtifact/serverjvm/kotlin-output/com/physicalfitness/RoutingKt$configureRouting$1$15.class' CREATED, '/workspaces/2850-Physical-Fitness-Webapp/build/artifacts/CompiledJvmClassesArtifact/serverjvm/kotlin-output/com/physicalfitness/RoutingKt$configureRouting$1$8.class' CREATED, '/workspaces/2850-Physical-Fitness-Webapp/build/artifacts/CompiledJvmClassesArtifact/serverjvm/kotlin-output/com/physicalfitness/ErrorsKt$configureErrorHandling$1$1.class' CREATED, '/workspaces/2850-Physical-Fitness-Webapp/build/artifacts/CompiledJvmClassesArtifact/serverjvm/kotlin-output/com/physicalfitness/ErrorsKt$configureErrorHandling$1$2.class' CREATED, '/workspaces/2850-Physical-Fitness-Webapp/build/artifacts/CompiledJvmClassesArtifact/serverjvm/kotlin-output/com/physicalfitness/RoutingKt$configureRouting$1$10.class' CREATED, '/workspaces/2850-Physical-Fitness-Webapp/build/artifacts/CompiledJvmClassesArtifact/serverjvm/kotlin-output/com/physicalfitness/RoutingKt$configureRouting$1$6.class' CREATED, '/workspaces/2850-Physical-Fitness-Webapp/build/artifacts/CompiledJvmClassesArtifact/serverjvm/kotlin-output/com/physicalfitness/RoutingKt.class' CREATED, '/workspaces/2850-Physical-Fitness-Webapp/build/generated/server/main/src/apt/java' CREATED
00:55.723 DEBUG :server:jarJvm            StateKt                   [inc] state file is missing or empty at '/workspaces/2850-Physical-Fitness-Webapp/build/incremental.state/_server_jarJvm-7d67d65cce' -> cache miss
00:55.723 DEBUG :server:jarJvm            IncrementalCache          [inc] building ':server:jarJvm'
00:55.887 DEBUG :server:jarJvm            IncrementalCache          [inc] finished ':server:jarJvm' in 163.183959ms
00:55.895 DEBUG :server:jarJvm            IncrementalCache          [inc] ':server:jarJvm' changes: '/workspaces/2850-Physical-Fitness-Webapp/build/tasks/_server_jarJvm/server-jvm.jar' CREATED
00:55.912 DEBUG :server:runJvm            ExtractKt                 Skipping extract to /home/codespace/.cache/JetBrains/Amper/extract.cache/b1fa834a91-amazon-corretto-21.0.1.12.1-linux-x64.tar.gz.720fe1.d since flag file /home/codespace/.cache/JetBrains/Amper/extract.cache/b1fa834a91-amazon-corretto-21.0.1.12.1-linux-x64.tar.gz.720fe1.d.flag is correct
00:55.940 DEBUG :server:runJvm            BuildPrimitives           [cmd] /home/codespace/.cache/JetBrains/Amper/extract.cache/b1fa834a91-amazon-corretto-21.0.1.12.1-linux-x64.tar.gz.720fe1.d/bin/java @/workspaces/2850-Physical-Fitness-Webapp/build/temp/java-args-10204616397761399879.txt
