JetBrains Amper version 0.9.2 (80094bb, 2025-12-11)
running on Windows 11 10.0 jvm arch amd64

00:01.738 DEBUG :database:resolveDependenciesJvm ResolveExternalDependenciesTask resolve dependencies database -- common jvm -- de.mkammerer:argon2-jvm:2.11 org.jetbrains.exposed:exposed-core:1.0.0-rc-4 org.jetbrains.exposed:exposed-dao:1.0.0-rc-4 org.jetbrains.exposed:exposed-jdbc:1.0.0-rc-4 org.jetbrains.kotlin:kotlin-stdlib:2.2.21 -- resolvePlatform=jvm nativeTarget=null wasmTarget=null
00:01.738 DEBUG :server:resolveDependenciesJvm ResolveExternalDependenciesTask resolve dependencies server -- main -- io.ktor:ktor-bom:3.2.3 io.ktor:ktor-server-core:3.2.3 io.ktor:ktor-server-netty:3.2.3 io.ktor:ktor-server-pebble:3.2.3 io.ktor:ktor-server-status-pages:3.2.3 org.jetbrains.exposed:exposed-core:1.0.0-rc-4 org.jetbrains.exposed:exposed-dao:1.0.0-rc-4 org.jetbrains.exposed:exposed-jdbc:1.0.0-rc-4 org.jetbrains.kotlin:kotlin-stdlib:2.2.21 -- resolvePlatform=jvm nativeTarget=null wasmTarget=null
00:01.746 DEBUG :database:resolveDependenciesJvm StateKt                   [inc] state file is missing or empty at 'C:\Users\19866\Desktop\2850\2850-Physical-Fitness-Webapp-frontend-backend-link\build\incremental.state\_database_resolveDependenciesJvm-ad77429442' -> cache miss
00:01.746 DEBUG :server:resolveDependenciesJvm StateKt                   [inc] state file is missing or empty at 'C:\Users\19866\Desktop\2850\2850-Physical-Fitness-Webapp-frontend-backend-link\build\incremental.state\_server_resolveDependenciesJvm-a6b66df74c' -> cache miss
00:01.746 DEBUG :server:resolveDependenciesJvm IncrementalCache          [inc] building ':server:resolveDependenciesJvm'
00:01.746 DEBUG :database:resolveDependenciesJvm IncrementalCache          [inc] building ':database:resolveDependenciesJvm'
00:01.754 DEBUG :database:resolveDependenciesJvm StateKt                   [inc] state file is missing or empty at 'C:\Users\19866\Desktop\2850\2850-Physical-Fitness-Webapp-frontend-backend-link\build\incremental.state\Module_dependencies_graph_C__Users_19866_Desktop_2-b6766977cc' -> cache miss
00:01.754 DEBUG :database:resolveDependenciesJvm IncrementalCache          [inc] building 'Module dependencies graph,C:\Users\19866\Desktop\2850\2850-Physical-Fitness-Webapp-frontend-backend-link\database,JVM,false,ResolutionConfigPlain(scope=COMPILE, platforms=[JVM], repositories=[https://repo1.maven.org/maven2]),false,true,NETWORK'
00:01.756 DEBUG :server:resolveDependenciesJvm StateKt                   [inc] state file is missing or empty at 'C:\Users\19866\Desktop\2850\2850-Physical-Fitness-Webapp-frontend-backend-link\build\incremental.state\Module_dependencies_graph_C__Users_19866_Desktop_2-8453acfc3e' -> cache miss
00:01.756 DEBUG :server:resolveDependenciesJvm IncrementalCache          [inc] building 'Module dependencies graph,C:\Users\19866\Desktop\2850\2850-Physical-Fitness-Webapp-frontend-backend-link\server,JVM,false,ResolutionConfigPlain(scope=COMPILE, platforms=[JVM], repositories=[https://repo1.maven.org/maven2]),false,true,NETWORK'
00:02.221 DEBUG :server:resolveDependenciesJvm DependencyFileImpl        Not found URL: https://repo1.maven.org/maven2/org/jetbrains/kotlin/kotlin-stdlib/2.2.21/kotlin-stdlib-2.2.21.pom.sha512
00:02.222 DEBUG :server:resolveDependenciesJvm DependencyFileImpl        Downloaded https://repo1.maven.org/maven2/org/jetbrains/exposed/exposed-core/1.0.0-rc-4/exposed-core-1.0.0-rc-4.pom.sha512 for the dependency org.jetbrains.exposed:exposed-core:1.0.0-rc-4
00:02.222 DEBUG :server:resolveDependenciesJvm DependencyFileImpl        Downloaded https://repo1.maven.org/maven2/io/ktor/ktor-bom/3.2.3/ktor-bom-3.2.3.pom.sha512 for the dependency io.ktor:ktor-bom:3.2.3
00:02.222 DEBUG :server:resolveDependenciesJvm DependencyFileImpl        Downloaded https://repo1.maven.org/maven2/io/ktor/ktor-server-netty/3.2.3/ktor-server-netty-3.2.3.pom.sha512 for the dependency io.ktor:ktor-server-netty:3.2.3
00:02.222 DEBUG :server:resolveDependenciesJvm DependencyFileImpl        Downloaded https://repo1.maven.org/maven2/org/jetbrains/exposed/exposed-dao/1.0.0-rc-4/exposed-dao-1.0.0-rc-4.pom.sha512 for the dependency org.jetbrains.exposed:exposed-dao:1.0.0-rc-4
00:02.228 DEBUG :server:resolveDependenciesJvm DependencyFileImpl        Downloaded https://repo1.maven.org/maven2/ch/qos/logback/logback-classic/1.5.22/logback-classic-1.5.22.pom.sha512 for the dependency ch.qos.logback:logback-classic:1.5.22
00:02.242 DEBUG :server:resolveDependenciesJvm DependencyFileImpl        Downloaded https://repo1.maven.org/maven2/io/ktor/ktor-server-status-pages/3.2.3/ktor-server-status-pages-3.2.3.pom.sha512 for the dependency io.ktor:ktor-server-status-pages:3.2.3
00:02.248 DEBUG :server:resolveDependenciesJvm DependencyFileImpl        Downloaded https://repo1.maven.org/maven2/org/jetbrains/exposed/exposed-jdbc/1.0.0-rc-4/exposed-jdbc-1.0.0-rc-4.pom.sha512 for the dependency org.jetbrains.exposed:exposed-jdbc:1.0.0-rc-4
00:02.256 DEBUG :server:resolveDependenciesJvm DependencyFileImpl        Downloaded https://repo1.maven.org/maven2/io/ktor/ktor-server-core/3.2.3/ktor-server-core-3.2.3.pom.sha512 for the dependency io.ktor:ktor-server-core:3.2.3
00:02.271 DEBUG :server:resolveDependenciesJvm DependencyFileImpl        Downloaded https://repo1.maven.org/maven2/io/ktor/ktor-server-netty/3.2.3/ktor-server-netty-3.2.3.pom for the dependency io.ktor:ktor-server-netty:3.2.3
00:02.272 DEBUG :server:resolveDependenciesJvm DependencyFileImpl        Downloaded https://repo1.maven.org/maven2/io/ktor/ktor-bom/3.2.3/ktor-bom-3.2.3.pom for the dependency io.ktor:ktor-bom:3.2.3
00:02.273 DEBUG :server:resolveDependenciesJvm DependencyFileImpl        Downloaded https://repo1.maven.org/maven2/org/jetbrains/exposed/exposed-core/1.0.0-rc-4/exposed-core-1.0.0-rc-4.pom for the dependency org.jetbrains.exposed:exposed-core:1.0.0-rc-4
00:02.274 DEBUG :server:resolveDependenciesJvm DependencyFileImpl        Downloaded https://repo1.maven.org/maven2/org/jetbrains/exposed/exposed-dao/1.0.0-rc-4/exposed-dao-1.0.0-rc-4.pom for the dependency org.jetbrains.exposed:exposed-dao:1.0.0-rc-4
00:02.285 DEBUG :server:resolveDependenciesJvm DependencyFileImpl        Downloaded https://repo1.maven.org/maven2/ch/qos/logback/logback-classic/1.5.22/logback-classic-1.5.22.pom for the dependency ch.qos.logback:logback-classic:1.5.22
00:02.295 DEBUG :server:resolveDependenciesJvm DependencyFileImpl        Downloaded https://repo1.maven.org/maven2/org/jetbrains/exposed/exposed-jdbc/1.0.0-rc-4/exposed-jdbc-1.0.0-rc-4.pom for the dependency org.jetbrains.exposed:exposed-jdbc:1.0.0-rc-4
00:02.307 DEBUG :server:resolveDependenciesJvm DependencyFileImpl        Downloaded https://repo1.maven.org/maven2/io/ktor/ktor-server-status-pages/3.2.3/ktor-server-status-pages-3.2.3.pom for the dependency io.ktor:ktor-server-status-pages:3.2.3
00:02.308 DEBUG :server:resolveDependenciesJvm DependencyFileImpl        Downloaded https://repo1.maven.org/maven2/org/jetbrains/exposed/exposed-dao/1.0.0-rc-4/exposed-dao-1.0.0-rc-4.module.sha512 for the dependency org.jetbrains.exposed:exposed-dao:1.0.0-rc-4
00:02.316 DEBUG :server:resolveDependenciesJvm DependencyFileImpl        Downloaded https://repo1.maven.org/maven2/io/ktor/ktor-bom/3.2.3/ktor-bom-3.2.3.module.sha512 for the dependency io.ktor:ktor-bom:3.2.3
00:02.323 DEBUG :server:resolveDependenciesJvm DependencyFileImpl        Downloaded https://repo1.maven.org/maven2/io/ktor/ktor-server-core/3.2.3/ktor-server-core-3.2.3.pom for the dependency io.ktor:ktor-server-core:3.2.3
00:02.327 DEBUG :server:resolveDependenciesJvm DependencyFileImpl        Downloaded https://repo1.maven.org/maven2/org/jetbrains/exposed/exposed-core/1.0.0-rc-4/exposed-core-1.0.0-rc-4.module.sha512 for the dependency org.jetbrains.exposed:exposed-core:1.0.0-rc-4
00:02.331 DEBUG :server:resolveDependenciesJvm DependencyFileImpl        Downloaded https://repo1.maven.org/maven2/org/jetbrains/exposed/exposed-jdbc/1.0.0-rc-4/exposed-jdbc-1.0.0-rc-4.module.sha512 for the dependency org.jetbrains.exposed:exposed-jdbc:1.0.0-rc-4
00:02.337 DEBUG :server:resolveDependenciesJvm DependencyFileImpl        Downloaded https://repo1.maven.org/maven2/org/jetbrains/exposed/exposed-dao/1.0.0-rc-4/exposed-dao-1.0.0-rc-4.module for the dependency org.jetbrains.exposed:exposed-dao:1.0.0-rc-4
00:02.369 DEBUG :server:resolveDependenciesJvm DependencyFileImpl        Downloaded https://repo1.maven.org/maven2/org/jetbrains/exposed/exposed-core/1.0.0-rc-4/exposed-core-1.0.0-rc-4.module for the dependency org.jetbrains.exposed:exposed-core:1.0.0-rc-4
00:02.369 DEBUG :server:resolveDependenciesJvm DependencyFileImpl        Downloaded https://repo1.maven.org/maven2/io/ktor/ktor-bom/3.2.3/ktor-bom-3.2.3.module for the dependency io.ktor:ktor-bom:3.2.3
00:02.372 DEBUG :server:resolveDependenciesJvm DependencyFileImpl        Downloaded https://repo1.maven.org/maven2/io/ktor/ktor-server-config-yaml/3.2.3/ktor-server-config-yaml-3.2.3.pom.sha512 for the dependency io.ktor:ktor-server-config-yaml:3.2.3
00:02.373 DEBUG :server:resolveDependenciesJvm DependencyFileImpl        Downloaded https://repo1.maven.org/maven2/io/ktor/ktor-server-core/3.2.3/ktor-server-core-3.2.3.module.sha512 for the dependency io.ktor:ktor-server-core:3.2.3
00:02.387 DEBUG :server:resolveDependenciesJvm DependencyFileImpl        Downloaded https://repo1.maven.org/maven2/org/jetbrains/exposed/exposed-jdbc/1.0.0-rc-4/exposed-jdbc-1.0.0-rc-4.module for the dependency org.jetbrains.exposed:exposed-jdbc:1.0.0-rc-4
00:02.393 DEBUG :server:resolveDependenciesJvm DependencyFileImpl        Downloaded https://repo1.maven.org/maven2/ch/qos/logback/logback-parent/1.5.22/logback-parent-1.5.22.pom.sha512 for the dependency ch.qos.logback:logback-parent:1.5.22
00:02.399 DEBUG :server:resolveDependenciesJvm DependencyFileImpl        Downloaded https://repo1.maven.org/maven2/io/ktor/ktor-server-core/3.2.3/ktor-server-core-3.2.3.module for the dependency io.ktor:ktor-server-core:3.2.3
00:02.431 DEBUG :server:resolveDependenciesJvm DependencyFileImpl        Not found URL: https://repo1.maven.org/maven2/com/h2database/h2/2.4.240/h2-2.4.240.pom.sha512
00:02.450 DEBUG :server:resolveDependenciesJvm DependencyFileImpl        Downloaded https://repo1.maven.org/maven2/ch/qos/logback/logback-parent/1.5.22/logback-parent-1.5.22.pom for the dependency ch.qos.logback:logback-parent:1.5.22
00:02.469 DEBUG :database:resolveDependenciesJvm DependencyFileImpl        Downloaded https://repo1.maven.org/maven2/org/jetbrains/kotlinx/kotlinx-coroutines-core/1.10.2/kotlinx-coroutines-core-1.10.2.pom.sha512 for the dependency org.jetbrains.kotlinx:kotlinx-coroutines-core:1.10.2
00:02.496 DEBUG :server:resolveDependenciesJvm DependencyFileImpl        Downloaded https://repo1.maven.org/maven2/ch/qos/logback/logback-core/1.5.22/logback-core-1.5.22.pom.sha512 for the dependency ch.qos.logback:logback-core:1.5.22
00:02.504 DEBUG :server:resolveDependenciesJvm DependencyFileImpl        Downloaded https://repo1.maven.org/maven2/io/ktor/ktor-server-core-jvm/3.2.3/ktor-server-core-jvm-3.2.3.pom.sha512 for the dependency io.ktor:ktor-server-core-jvm:3.2.3
00:02.510 DEBUG :server:resolveDependenciesJvm DependencyFileImpl        Downloaded https://repo1.maven.org/maven2/io/ktor/ktor-server-pebble/3.2.3/ktor-server-pebble-3.2.3.pom.sha512 for the dependency io.ktor:ktor-server-pebble:3.2.3
00:02.517 DEBUG :database:resolveDependenciesJvm DependencyFileImpl        Downloaded https://repo1.maven.org/maven2/org/jetbrains/kotlinx/kotlinx-coroutines-core/1.10.2/kotlinx-coroutines-core-1.10.2.pom for the dependency org.jetbrains.kotlinx:kotlinx-coroutines-core:1.10.2
00:02.523 DEBUG :server:resolveDependenciesJvm DependencyFileImpl        Not found URL: https://maven.google.com/com/h2database/h2/2.4.240/h2-2.4.240.pom.sha512
00:02.532 DEBUG :server:resolveDependenciesJvm DependencyFileImpl        Downloaded https://repo1.maven.org/maven2/ch/qos/logback/logback-core/1.5.22/logback-core-1.5.22.pom for the dependency ch.qos.logback:logback-core:1.5.22
00:02.533 DEBUG :database:resolveDependenciesJvm DependencyFileImpl        Downloaded https://repo1.maven.org/maven2/de/mkammerer/argon2-jvm/2.11/argon2-jvm-2.11.pom.sha512 for the dependency de.mkammerer:argon2-jvm:2.11
00:02.541 DEBUG :server:resolveDependenciesJvm DependencyFileImpl        Downloaded https://repo1.maven.org/maven2/io/ktor/ktor-server-core-jvm/3.2.3/ktor-server-core-jvm-3.2.3.pom for the dependency io.ktor:ktor-server-core-jvm:3.2.3
00:02.561 DEBUG :database:resolveDependenciesJvm DependencyFileImpl        Downloaded https://repo1.maven.org/maven2/org/jetbrains/kotlinx/kotlinx-coroutines-core/1.10.2/kotlinx-coroutines-core-1.10.2.module.sha512 for the dependency org.jetbrains.kotlinx:kotlinx-coroutines-core:1.10.2
00:02.565 DEBUG :database:resolveDependenciesJvm DependencyFileImpl        Downloaded https://repo1.maven.org/maven2/de/mkammerer/argon2-jvm/2.11/argon2-jvm-2.11.pom for the dependency de.mkammerer:argon2-jvm:2.11
00:02.585 DEBUG :server:resolveDependenciesJvm DependencyFileImpl        Downloaded https://repo1.maven.org/maven2/io/ktor/ktor-server-core-jvm/3.2.3/ktor-server-core-jvm-3.2.3.module.sha512 for the dependency io.ktor:ktor-server-core-jvm:3.2.3
00:02.588 DEBUG :database:resolveDependenciesJvm DependencyFileImpl        Downloaded https://repo1.maven.org/maven2/org/jetbrains/kotlinx/kotlinx-coroutines-core/1.10.2/kotlinx-coroutines-core-1.10.2.module for the dependency org.jetbrains.kotlinx:kotlinx-coroutines-core:1.10.2
00:02.592 DEBUG :database:resolveDependenciesJvm DependencyFileImpl        Not found URL: https://repo1.maven.org/maven2/org/jetbrains/kotlinx/kotlinx-datetime-jvm/0.7.1-0.6.x-compat/kotlinx-datetime-jvm-0.7.1-0.6.x-compat.pom.sha512
00:02.613 DEBUG :server:resolveDependenciesJvm DependencyFileImpl        Downloaded https://repo1.maven.org/maven2/io/ktor/ktor-server-core-jvm/3.2.3/ktor-server-core-jvm-3.2.3.module for the dependency io.ktor:ktor-server-core-jvm:3.2.3
00:02.613 DEBUG :server:resolveDependenciesJvm DependencyFileImpl        Downloaded https://repo1.maven.org/maven2/io/ktor/ktor-server-config-yaml/3.2.3/ktor-server-config-yaml-3.2.3.pom for the dependency io.ktor:ktor-server-config-yaml:3.2.3
00:02.622 DEBUG :database:resolveDependenciesJvm DependencyFileImpl        Not found URL: https://repo1.maven.org/maven2/org/slf4j/slf4j-api/2.0.9/slf4j-api-2.0.9.pom.sha512
00:02.637 DEBUG :server:resolveDependenciesJvm DependencyFileImpl        Not found URL: https://maven.pkg.jetbrains.space/public/p/compose/dev/com/h2database/h2/2.4.240/h2-2.4.240.pom.sha512
00:02.648 DEBUG :server:resolveDependenciesJvm DependencyFileImpl        Downloaded https://repo1.maven.org/maven2/io/ktor/ktor-server-config-yaml/3.2.3/ktor-server-config-yaml-3.2.3.module.sha512 for the dependency io.ktor:ktor-server-config-yaml:3.2.3
00:02.650 DEBUG :database:resolveDependenciesJvm DependencyFileImpl        Downloaded https://repo1.maven.org/maven2/org/jetbrains/kotlinx/kotlinx-coroutines-core-jvm/1.10.2/kotlinx-coroutines-core-jvm-1.10.2.pom.sha512 for the dependency org.jetbrains.kotlinx:kotlinx-coroutines-core-jvm:1.10.2
00:02.658 DEBUG :server:resolveDependenciesJvm DependencyFileImpl        Downloaded https://repo1.maven.org/maven2/io/ktor/ktor-server-netty/3.2.3/ktor-server-netty-3.2.3.module.sha512 for the dependency io.ktor:ktor-server-netty:3.2.3
00:02.663 DEBUG :database:resolveDependenciesJvm DependencyFileImpl        Not found URL: https://repo1.maven.org/maven2/org/jetbrains/kotlin/kotlin-reflect/2.1.0/kotlin-reflect-2.1.0.pom.sha512
00:02.674 DEBUG :database:resolveDependenciesJvm DependencyFileImpl        Not found URL: https://maven.google.com/org/jetbrains/kotlinx/kotlinx-datetime-jvm/0.7.1-0.6.x-compat/kotlinx-datetime-jvm-0.7.1-0.6.x-compat.pom.sha512
00:02.674 DEBUG :server:resolveDependenciesJvm DependencyFileImpl        Downloaded https://repo1.maven.org/maven2/io/ktor/ktor-utils/3.2.3/ktor-utils-3.2.3.pom.sha512 for the dependency io.ktor:ktor-utils:3.2.3
00:02.681 DEBUG :server:resolveDependenciesJvm DependencyFileImpl        Downloaded https://repo1.maven.org/maven2/io/ktor/ktor-http/3.2.3/ktor-http-3.2.3.pom.sha512 for the dependency io.ktor:ktor-http:3.2.3
00:02.689 DEBUG :server:resolveDependenciesJvm DependencyFileImpl        Downloaded https://repo1.maven.org/maven2/io/ktor/ktor-events/3.2.3/ktor-events-3.2.3.pom.sha512 for the dependency io.ktor:ktor-events:3.2.3
00:02.698 DEBUG :server:resolveDependenciesJvm DependencyFileImpl        Downloaded https://repo1.maven.org/maven2/io/ktor/ktor-serialization/3.2.3/ktor-serialization-3.2.3.pom.sha512 for the dependency io.ktor:ktor-serialization:3.2.3
00:02.703 DEBUG :database:resolveDependenciesJvm DependencyFileImpl        Not found URL: https://maven.google.com/org/slf4j/slf4j-api/2.0.9/slf4j-api-2.0.9.pom.sha512
00:02.703 DEBUG :server:resolveDependenciesJvm DependencyFileImpl        Downloaded https://repo1.maven.org/maven2/io/ktor/ktor-server-pebble/3.2.3/ktor-server-pebble-3.2.3.pom for the dependency io.ktor:ktor-server-pebble:3.2.3
00:02.708 DEBUG :server:resolveDependenciesJvm DependencyFileImpl        Downloaded https://repo1.maven.org/maven2/io/ktor/ktor-websockets/3.2.3/ktor-websockets-3.2.3.pom.sha512 for the dependency io.ktor:ktor-websockets:3.2.3
00:02.723 DEBUG :database:resolveDependenciesJvm DependencyFileImpl        Downloaded https://repo1.maven.org/maven2/org/jetbrains/kotlinx/kotlinx-coroutines-core-jvm/1.10.2/kotlinx-coroutines-core-jvm-1.10.2.pom for the dependency org.jetbrains.kotlinx:kotlinx-coroutines-core-jvm:1.10.2
00:02.740 DEBUG :server:resolveDependenciesJvm DependencyFileImpl        Downloaded https://repo1.maven.org/maven2/io/ktor/ktor-server-config-yaml/3.2.3/ktor-server-config-yaml-3.2.3.module for the dependency io.ktor:ktor-server-config-yaml:3.2.3
00:02.741 DEBUG :database:resolveDependenciesJvm DependencyFileImpl        Not found URL: https://maven.pkg.jetbrains.space/public/p/compose/dev/org/jetbrains/kotlinx/kotlinx-datetime-jvm/0.7.1-0.6.x-compat/kotlinx-datetime-jvm-0.7.1-0.6.x-compat.pom.sha512
00:02.743 DEBUG :server:resolveDependenciesJvm DependencyFileImpl        Downloaded https://repo1.maven.org/maven2/io/ktor/ktor-utils/3.2.3/ktor-utils-3.2.3.pom for the dependency io.ktor:ktor-utils:3.2.3
00:02.763 DEBUG :server:resolveDependenciesJvm DependencyFileImpl        Downloaded https://repo1.maven.org/maven2/io/ktor/ktor-http/3.2.3/ktor-http-3.2.3.pom for the dependency io.ktor:ktor-http:3.2.3
00:02.763 DEBUG :server:resolveDependenciesJvm DependencyFileImpl        Downloaded https://repo1.maven.org/maven2/io/ktor/ktor-events/3.2.3/ktor-events-3.2.3.pom for the dependency io.ktor:ktor-events:3.2.3
00:02.766 DEBUG :server:resolveDependenciesJvm DependencyFileImpl        Downloaded https://repo1.maven.org/maven2/io/ktor/ktor-serialization/3.2.3/ktor-serialization-3.2.3.pom for the dependency io.ktor:ktor-serialization:3.2.3
00:02.770 DEBUG :database:resolveDependenciesJvm DependencyFileImpl        Not found URL: https://maven.google.com/org/jetbrains/kotlin/kotlin-reflect/2.1.0/kotlin-reflect-2.1.0.pom.sha512
00:02.786 DEBUG :server:resolveDependenciesJvm DependencyFileImpl        Downloaded https://repo1.maven.org/maven2/io/ktor/ktor-websockets/3.2.3/ktor-websockets-3.2.3.pom for the dependency io.ktor:ktor-websockets:3.2.3
00:02.791 DEBUG :database:resolveDependenciesJvm DependencyFileImpl        Downloaded https://repo1.maven.org/maven2/org/jetbrains/kotlinx/kotlinx-coroutines-core-jvm/1.10.2/kotlinx-coroutines-core-jvm-1.10.2.module.sha512 for the dependency org.jetbrains.kotlinx:kotlinx-coroutines-core-jvm:1.10.2
00:02.794 DEBUG :database:resolveDependenciesJvm DependencyFileImpl        Not found URL: https://maven.pkg.jetbrains.space/public/p/compose/dev/org/slf4j/slf4j-api/2.0.9/slf4j-api-2.0.9.pom.sha512
00:02.797 DEBUG :server:resolveDependenciesJvm DependencyFileImpl        Downloaded https://repo1.maven.org/maven2/io/ktor/ktor-server-pebble/3.2.3/ktor-server-pebble-3.2.3.module.sha512 for the dependency io.ktor:ktor-server-pebble:3.2.3
00:02.810 DEBUG :database:resolveDependenciesJvm DependencyFileImpl        Downloaded https://repo1.maven.org/maven2/de/mkammerer/argon2-jvm/2.11/argon2-jvm-2.11.module.sha512 for the dependency de.mkammerer:argon2-jvm:2.11
00:02.815 DEBUG :server:resolveDependenciesJvm DependencyFileImpl        Downloaded https://repo1.maven.org/maven2/io/ktor/ktor-utils/3.2.3/ktor-utils-3.2.3.module.sha512 for the dependency io.ktor:ktor-utils:3.2.3
00:02.819 DEBUG :server:resolveDependenciesJvm DependencyFileImpl        Downloaded https://repo1.maven.org/maven2/io/ktor/ktor-http-cio/3.2.3/ktor-http-cio-3.2.3.pom.sha512 for the dependency io.ktor:ktor-http-cio:3.2.3
00:02.823 DEBUG :server:resolveDependenciesJvm DependencyFileImpl        Downloaded https://repo1.maven.org/maven2/io/ktor/ktor-server-config-yaml-jvm/3.2.3/ktor-server-config-yaml-jvm-3.2.3.pom.sha512 for the dependency io.ktor:ktor-server-config-yaml-jvm:3.2.3
00:02.838 DEBUG :server:resolveDependenciesJvm DependencyFileImpl        Downloaded https://repo1.maven.org/maven2/io/ktor/ktor-events/3.2.3/ktor-events-3.2.3.module.sha512 for the dependency io.ktor:ktor-events:3.2.3
00:02.839 DEBUG :server:resolveDependenciesJvm DependencyFileImpl        Not found URL: https://repo1.maven.org/maven2/com/typesafe/config/1.4.3/config-1.4.3.pom.sha512
00:02.845 DEBUG :server:resolveDependenciesJvm DependencyFileImpl        Downloaded https://repo1.maven.org/maven2/io/ktor/ktor-http/3.2.3/ktor-http-3.2.3.module.sha512 for the dependency io.ktor:ktor-http:3.2.3
00:02.845 DEBUG :database:resolveDependenciesJvm DependencyFileImpl        Not found URL: https://maven.pkg.jetbrains.space/public/p/compose/dev/org/jetbrains/kotlin/kotlin-reflect/2.1.0/kotlin-reflect-2.1.0.pom.sha512
00:02.855 DEBUG :server:resolveDependenciesJvm DependencyFileImpl        Downloaded https://repo1.maven.org/maven2/io/ktor/ktor-serialization/3.2.3/ktor-serialization-3.2.3.module.sha512 for the dependency io.ktor:ktor-serialization:3.2.3
00:02.860 DEBUG :database:resolveDependenciesJvm DependencyFileImpl        Downloaded https://repo1.maven.org/maven2/org/jetbrains/kotlinx/kotlinx-coroutines-core-jvm/1.10.2/kotlinx-coroutines-core-jvm-1.10.2.module for the dependency org.jetbrains.kotlinx:kotlinx-coroutines-core-jvm:1.10.2
00:02.866 DEBUG :server:resolveDependenciesJvm DependencyFileImpl        Downloaded https://repo1.maven.org/maven2/io/ktor/ktor-server-pebble/3.2.3/ktor-server-pebble-3.2.3.module for the dependency io.ktor:ktor-server-pebble:3.2.3
00:02.872 DEBUG :server:resolveDependenciesJvm DependencyFileImpl        Downloaded https://repo1.maven.org/maven2/io/ktor/ktor-websockets/3.2.3/ktor-websockets-3.2.3.module.sha512 for the dependency io.ktor:ktor-websockets:3.2.3
00:02.872 DEBUG :server:resolveDependenciesJvm DependencyFileImpl        Not found URL: https://repo1.maven.org/maven2/org/fusesource/jansi/jansi/2.4.2/jansi-2.4.2.pom.sha512
00:02.877 DEBUG :database:resolveDependenciesJvm DependencyFileImpl        Downloaded https://repo1.maven.org/maven2/de/mkammerer/argon2-jvm/2.11/argon2-jvm-2.11.module for the dependency de.mkammerer:argon2-jvm:2.11
00:02.886 DEBUG :server:resolveDependenciesJvm DependencyFileImpl        Downloaded https://repo1.maven.org/maven2/io/ktor/ktor-utils/3.2.3/ktor-utils-3.2.3.module for the dependency io.ktor:ktor-utils:3.2.3
00:02.890 DEBUG :server:resolveDependenciesJvm DependencyFileImpl        Downloaded https://repo1.maven.org/maven2/io/ktor/ktor-http-cio/3.2.3/ktor-http-cio-3.2.3.pom for the dependency io.ktor:ktor-http-cio:3.2.3
00:02.903 DEBUG :server:resolveDependenciesJvm DependencyFileImpl        Downloaded https://repo1.maven.org/maven2/io/ktor/ktor-events/3.2.3/ktor-events-3.2.3.module for the dependency io.ktor:ktor-events:3.2.3
00:02.917 DEBUG :server:resolveDependenciesJvm DependencyFileImpl        Downloaded https://repo1.maven.org/maven2/io/ktor/ktor-http/3.2.3/ktor-http-3.2.3.module for the dependency io.ktor:ktor-http:3.2.3
00:02.923 DEBUG :server:resolveDependenciesJvm DependencyFileImpl        Not found URL: https://repo1.maven.org/maven2/com/h2database/h2/2.4.240/h2-2.4.240.pom.sha256
00:02.926 DEBUG :server:resolveDependenciesJvm DependencyFileImpl        Downloaded https://repo1.maven.org/maven2/io/ktor/ktor-serialization/3.2.3/ktor-serialization-3.2.3.module for the dependency io.ktor:ktor-serialization:3.2.3
00:02.934 DEBUG :server:resolveDependenciesJvm DependencyFileImpl        Downloaded https://repo1.maven.org/maven2/io/ktor/ktor-server-netty/3.2.3/ktor-server-netty-3.2.3.module for the dependency io.ktor:ktor-server-netty:3.2.3
00:02.941 DEBUG :database:resolveDependenciesJvm DependencyFileImpl        Not found URL: https://repo1.maven.org/maven2/org/jetbrains/annotations/23.0.0/annotations-23.0.0.pom.sha512
00:02.950 DEBUG :server:resolveDependenciesJvm DependencyFileImpl        Downloaded https://repo1.maven.org/maven2/io/ktor/ktor-websockets/3.2.3/ktor-websockets-3.2.3.module for the dependency io.ktor:ktor-websockets:3.2.3
00:02.951 DEBUG :server:resolveDependenciesJvm DependencyFileImpl        Not found URL: https://maven.google.com/com/typesafe/config/1.4.3/config-1.4.3.pom.sha512
00:02.957 DEBUG :database:resolveDependenciesJvm DependencyFileImpl        Downloaded https://repo1.maven.org/maven2/org/jetbrains/kotlinx/kotlinx-coroutines-bom/1.10.2/kotlinx-coroutines-bom-1.10.2.pom.sha512 for the dependency org.jetbrains.kotlinx:kotlinx-coroutines-bom:1.10.2
00:02.973 DEBUG :server:resolveDependenciesJvm DependencyFileImpl        Downloaded https://repo1.maven.org/maven2/io/ktor/ktor-utils-jvm/3.2.3/ktor-utils-jvm-3.2.3.pom.sha512 for the dependency io.ktor:ktor-utils-jvm:3.2.3
00:02.978 DEBUG :server:resolveDependenciesJvm DependencyFileImpl        Downloaded https://repo1.maven.org/maven2/io/ktor/ktor-events-jvm/3.2.3/ktor-events-jvm-3.2.3.pom.sha512 for the dependency io.ktor:ktor-events-jvm:3.2.3
00:02.981 DEBUG :server:resolveDependenciesJvm DependencyFileImpl        Downloaded https://repo1.maven.org/maven2/io/ktor/ktor-server-status-pages/3.2.3/ktor-server-status-pages-3.2.3.module.sha512 for the dependency io.ktor:ktor-server-status-pages:3.2.3
00:03.000 DEBUG :server:resolveDependenciesJvm DependencyFileImpl        Not found URL: https://maven.google.com/org/fusesource/jansi/jansi/2.4.2/jansi-2.4.2.pom.sha512
00:03.001 DEBUG :database:resolveDependenciesJvm DependencyFileImpl        Not found URL: https://repo1.maven.org/maven2/org/jetbrains/kotlinx/kotlinx-datetime-jvm/0.7.1-0.6.x-compat/kotlinx-datetime-jvm-0.7.1-0.6.x-compat.pom.sha256
00:03.004 DEBUG :server:resolveDependenciesJvm DependencyFileImpl        Downloaded https://repo1.maven.org/maven2/io/ktor/ktor-http-cio/3.2.3/ktor-http-cio-3.2.3.module.sha512 for the dependency io.ktor:ktor-http-cio:3.2.3
00:03.013 DEBUG :server:resolveDependenciesJvm DependencyFileImpl        Downloaded https://repo1.maven.org/maven2/io/ktor/ktor-http-jvm/3.2.3/ktor-http-jvm-3.2.3.pom.sha512 for the dependency io.ktor:ktor-http-jvm:3.2.3
00:03.022 DEBUG :server:resolveDependenciesJvm DependencyFileImpl        Downloaded https://repo1.maven.org/maven2/io/ktor/ktor-serialization-jvm/3.2.3/ktor-serialization-jvm-3.2.3.pom.sha512 for the dependency io.ktor:ktor-serialization-jvm:3.2.3
00:03.037 DEBUG :server:resolveDependenciesJvm DependencyFileImpl        Downloaded https://repo1.maven.org/maven2/io/ktor/ktor-server-config-yaml-jvm/3.2.3/ktor-server-config-yaml-jvm-3.2.3.pom for the dependency io.ktor:ktor-server-config-yaml-jvm:3.2.3
00:03.043 DEBUG :server:resolveDependenciesJvm DependencyFileImpl        Not found URL: https://maven.google.com/com/h2database/h2/2.4.240/h2-2.4.240.pom.sha256
00:03.045 DEBUG :server:resolveDependenciesJvm DependencyFileImpl        Downloaded https://repo1.maven.org/maven2/io/ktor/ktor-websockets-jvm/3.2.3/ktor-websockets-jvm-3.2.3.pom.sha512 for the dependency io.ktor:ktor-websockets-jvm:3.2.3
00:03.049 DEBUG :database:resolveDependenciesJvm DependencyFileImpl        Not found URL: https://maven.google.com/org/jetbrains/annotations/23.0.0/annotations-23.0.0.pom.sha512
00:03.053 DEBUG :server:resolveDependenciesJvm DependencyFileImpl        Not found URL: https://maven.pkg.jetbrains.space/public/p/compose/dev/com/typesafe/config/1.4.3/config-1.4.3.pom.sha512
00:03.054 DEBUG :database:resolveDependenciesJvm DependencyFileImpl        Not found URL: https://repo1.maven.org/maven2/org/slf4j/slf4j-api/2.0.9/slf4j-api-2.0.9.pom.sha256
00:03.059 DEBUG :database:resolveDependenciesJvm DependencyFileImpl        Downloaded https://repo1.maven.org/maven2/org/jetbrains/kotlinx/kotlinx-coroutines-bom/1.10.2/kotlinx-coroutines-bom-1.10.2.pom for the dependency org.jetbrains.kotlinx:kotlinx-coroutines-bom:1.10.2
00:03.070 DEBUG :server:resolveDependenciesJvm DependencyFileImpl        Downloaded https://repo1.maven.org/maven2/io/ktor/ktor-utils-jvm/3.2.3/ktor-utils-jvm-3.2.3.pom for the dependency io.ktor:ktor-utils-jvm:3.2.3
00:03.073 DEBUG :server:resolveDependenciesJvm DependencyFileImpl        Downloaded https://repo1.maven.org/maven2/io/ktor/ktor-events-jvm/3.2.3/ktor-events-jvm-3.2.3.pom for the dependency io.ktor:ktor-events-jvm:3.2.3
00:03.082 DEBUG :server:resolveDependenciesJvm DependencyFileImpl        Downloaded https://repo1.maven.org/maven2/io/ktor/ktor-http-cio/3.2.3/ktor-http-cio-3.2.3.module for the dependency io.ktor:ktor-http-cio:3.2.3
00:03.089 DEBUG :server:resolveDependenciesJvm DependencyFileImpl        Not found URL: https://maven.pkg.jetbrains.space/public/p/compose/dev/org/fusesource/jansi/jansi/2.4.2/jansi-2.4.2.pom.sha512
00:03.097 DEBUG :server:resolveDependenciesJvm DependencyFileImpl        Downloaded https://repo1.maven.org/maven2/io/ktor/ktor-serialization-jvm/3.2.3/ktor-serialization-jvm-3.2.3.pom for the dependency io.ktor:ktor-serialization-jvm:3.2.3
00:03.097 DEBUG :server:resolveDependenciesJvm DependencyFileImpl        Downloaded https://repo1.maven.org/maven2/io/ktor/ktor-http-jvm/3.2.3/ktor-http-jvm-3.2.3.pom for the dependency io.ktor:ktor-http-jvm:3.2.3
00:03.111 DEBUG :database:resolveDependenciesJvm DependencyFileImpl        Not found URL: https://repo1.maven.org/maven2/org/jetbrains/kotlin/kotlin-reflect/2.1.0/kotlin-reflect-2.1.0.pom.sha256
00:03.113 DEBUG :server:resolveDependenciesJvm DependencyFileImpl        Downloaded https://repo1.maven.org/maven2/io/ktor/ktor-server-config-yaml-jvm/3.2.3/ktor-server-config-yaml-jvm-3.2.3.module.sha512 for the dependency io.ktor:ktor-server-config-yaml-jvm:3.2.3
00:03.113 DEBUG :server:resolveDependenciesJvm DependencyFileImpl        Not found URL: https://maven.pkg.jetbrains.space/public/p/compose/dev/com/h2database/h2/2.4.240/h2-2.4.240.pom.sha256
00:03.117 DEBUG :server:resolveDependenciesJvm DependencyFileImpl        Downloaded https://repo1.maven.org/maven2/io/ktor/ktor-websockets-jvm/3.2.3/ktor-websockets-jvm-3.2.3.pom for the dependency io.ktor:ktor-websockets-jvm:3.2.3
00:03.126 DEBUG :database:resolveDependenciesJvm DependencyFileImpl        Not found URL: https://maven.pkg.jetbrains.space/public/p/compose/dev/org/jetbrains/annotations/23.0.0/annotations-23.0.0.pom.sha512
00:03.136 DEBUG :server:resolveDependenciesJvm DependencyFileImpl        Downloaded https://repo1.maven.org/maven2/io/ktor/ktor-utils-jvm/3.2.3/ktor-utils-jvm-3.2.3.module.sha512 for the dependency io.ktor:ktor-utils-jvm:3.2.3
00:03.137 DEBUG :server:resolveDependenciesJvm DependencyFileImpl        Downloaded https://repo1.maven.org/maven2/io/ktor/ktor-events-jvm/3.2.3/ktor-events-jvm-3.2.3.module.sha512 for the dependency io.ktor:ktor-events-jvm:3.2.3
00:03.149 DEBUG :database:resolveDependenciesJvm DependencyFileImpl        Not found URL: https://maven.google.com/org/jetbrains/kotlinx/kotlinx-datetime-jvm/0.7.1-0.6.x-compat/kotlinx-datetime-jvm-0.7.1-0.6.x-compat.pom.sha256
00:03.165 DEBUG :server:resolveDependenciesJvm DependencyFileImpl        Downloaded https://repo1.maven.org/maven2/io/ktor/ktor-serialization-jvm/3.2.3/ktor-serialization-jvm-3.2.3.module.sha512 for the dependency io.ktor:ktor-serialization-jvm:3.2.3
00:03.171 DEBUG :server:resolveDependenciesJvm DependencyFileImpl        Downloaded https://repo1.maven.org/maven2/io/ktor/ktor-http-jvm/3.2.3/ktor-http-jvm-3.2.3.module.sha512 for the dependency io.ktor:ktor-http-jvm:3.2.3
00:03.179 DEBUG :server:resolveDependenciesJvm DependencyFileImpl        Downloaded https://repo1.maven.org/maven2/io/ktor/ktor-http-cio-jvm/3.2.3/ktor-http-cio-jvm-3.2.3.pom.sha512 for the dependency io.ktor:ktor-http-cio-jvm:3.2.3
00:03.188 DEBUG :database:resolveDependenciesJvm DependencyFileImpl        Not found URL: https://maven.google.com/org/slf4j/slf4j-api/2.0.9/slf4j-api-2.0.9.pom.sha256
00:03.191 DEBUG :server:resolveDependenciesJvm DependencyFileImpl        Downloaded https://repo1.maven.org/maven2/com/h2database/h2/2.4.240/h2-2.4.240.pom.sha1 for the dependency com.h2database:h2:2.4.240
00:03.202 DEBUG :server:resolveDependenciesJvm DependencyFileImpl        Downloaded https://repo1.maven.org/maven2/io/ktor/ktor-server-config-yaml-jvm/3.2.3/ktor-server-config-yaml-jvm-3.2.3.module for the dependency io.ktor:ktor-server-config-yaml-jvm:3.2.3
00:03.211 DEBUG :server:resolveDependenciesJvm DependencyFileImpl        Downloaded https://repo1.maven.org/maven2/io/ktor/ktor-websockets-jvm/3.2.3/ktor-websockets-jvm-3.2.3.module.sha512 for the dependency io.ktor:ktor-websockets-jvm:3.2.3
00:03.220 DEBUG :database:resolveDependenciesJvm DependencyFileImpl        Not found URL: https://repo1.maven.org/maven2/org/jetbrains/annotations/23.0.0/annotations-23.0.0.pom.sha256
00:03.222 DEBUG :server:resolveDependenciesJvm DependencyFileImpl        Downloaded https://repo1.maven.org/maven2/io/ktor/ktor-utils-jvm/3.2.3/ktor-utils-jvm-3.2.3.module for the dependency io.ktor:ktor-utils-jvm:3.2.3
00:03.228 DEBUG :server:resolveDependenciesJvm DependencyFileImpl        Downloaded https://repo1.maven.org/maven2/io/ktor/ktor-server-status-pages/3.2.3/ktor-server-status-pages-3.2.3.module for the dependency io.ktor:ktor-server-status-pages:3.2.3
00:03.229 DEBUG :server:resolveDependenciesJvm DependencyFileImpl        Downloaded https://repo1.maven.org/maven2/io/ktor/ktor-server-netty-jvm/3.2.3/ktor-server-netty-jvm-3.2.3.pom.sha512 for the dependency io.ktor:ktor-server-netty-jvm:3.2.3
00:03.232 DEBUG :server:resolveDependenciesJvm DependencyFileImpl        Downloaded https://repo1.maven.org/maven2/io/ktor/ktor-events-jvm/3.2.3/ktor-events-jvm-3.2.3.module for the dependency io.ktor:ktor-events-jvm:3.2.3
00:03.233 DEBUG :server:resolveDependenciesJvm DependencyFileImpl        Downloaded https://repo1.maven.org/maven2/io/ktor/ktor-server-pebble-jvm/3.2.3/ktor-server-pebble-jvm-3.2.3.pom.sha512 for the dependency io.ktor:ktor-server-pebble-jvm:3.2.3
00:03.246 DEBUG :server:resolveDependenciesJvm DependencyFileImpl        Downloaded https://repo1.maven.org/maven2/io/ktor/ktor-serialization-jvm/3.2.3/ktor-serialization-jvm-3.2.3.module for the dependency io.ktor:ktor-serialization-jvm:3.2.3
00:03.248 DEBUG :server:resolveDependenciesJvm DependencyFileImpl        Downloaded https://repo1.maven.org/maven2/io/ktor/ktor-http-jvm/3.2.3/ktor-http-jvm-3.2.3.module for the dependency io.ktor:ktor-http-jvm:3.2.3
00:03.249 DEBUG :server:resolveDependenciesJvm DependencyFileImpl        Downloaded https://repo1.maven.org/maven2/io/ktor/ktor-http-cio-jvm/3.2.3/ktor-http-cio-jvm-3.2.3.pom for the dependency io.ktor:ktor-http-cio-jvm:3.2.3
00:03.253 DEBUG :server:resolveDependenciesJvm DependencyFileImpl        Downloaded https://repo1.maven.org/maven2/com/h2database/h2/2.4.240/h2-2.4.240.pom for the dependency com.h2database:h2:2.4.240
00:03.259 DEBUG :database:resolveDependenciesJvm DependencyFileImpl        Not found URL: https://maven.pkg.jetbrains.space/public/p/compose/dev/org/jetbrains/kotlinx/kotlinx-datetime-jvm/0.7.1-0.6.x-compat/kotlinx-datetime-jvm-0.7.1-0.6.x-compat.pom.sha256
00:03.268 DEBUG :database:resolveDependenciesJvm DependencyFileImpl        Not found URL: https://maven.pkg.jetbrains.space/public/p/compose/dev/org/slf4j/slf4j-api/2.0.9/slf4j-api-2.0.9.pom.sha256
00:03.268 DEBUG :server:resolveDependenciesJvm DependencyFileImpl        Downloaded https://repo1.maven.org/maven2/io/ktor/ktor-websockets-jvm/3.2.3/ktor-websockets-jvm-3.2.3.module for the dependency io.ktor:ktor-websockets-jvm:3.2.3
00:03.272 DEBUG :database:resolveDependenciesJvm DependencyFileImpl        Downloaded https://repo1.maven.org/maven2/de/mkammerer/argon2-jvm-nolibs/2.11/argon2-jvm-nolibs-2.11.pom.sha512 for the dependency de.mkammerer:argon2-jvm-nolibs:2.11
00:03.273 DEBUG :server:resolveDependenciesJvm DependencyFileImpl        Downloaded https://repo1.maven.org/maven2/com/charleskorn/kaml/kaml/0.77.1/kaml-0.77.1.pom.sha512 for the dependency com.charleskorn.kaml:kaml:0.77.1
00:03.280 DEBUG :database:resolveDependenciesJvm DependencyFileImpl        Not found URL: https://maven.google.com/org/jetbrains/kotlin/kotlin-reflect/2.1.0/kotlin-reflect-2.1.0.pom.sha256
00:03.284 DEBUG :server:resolveDependenciesJvm DependencyFileImpl        Not found URL: https://repo1.maven.org/maven2/com/typesafe/config/1.4.3/config-1.4.3.pom.sha256
00:03.288 DEBUG :server:resolveDependenciesJvm DependencyFileImpl        Downloaded https://repo1.maven.org/maven2/io/ktor/ktor-server-netty-jvm/3.2.3/ktor-server-netty-jvm-3.2.3.pom for the dependency io.ktor:ktor-server-netty-jvm:3.2.3
00:03.288 DEBUG :server:resolveDependenciesJvm DependencyFileImpl        Downloaded https://repo1.maven.org/maven2/io/ktor/ktor-server-pebble-jvm/3.2.3/ktor-server-pebble-jvm-3.2.3.pom for the dependency io.ktor:ktor-server-pebble-jvm:3.2.3
00:03.293 DEBUG :server:resolveDependenciesJvm DependencyFileImpl        Downloaded https://repo1.maven.org/maven2/io/ktor/ktor-server-status-pages-jvm/3.2.3/ktor-server-status-pages-jvm-3.2.3.pom.sha512 for the dependency io.ktor:ktor-server-status-pages-jvm:3.2.3
00:03.301 DEBUG :server:resolveDependenciesJvm DependencyFileImpl        Downloaded https://repo1.maven.org/maven2/io/ktor/ktor-http-cio-jvm/3.2.3/ktor-http-cio-jvm-3.2.3.module.sha512 for the dependency io.ktor:ktor-http-cio-jvm:3.2.3
00:03.307 DEBUG :database:resolveDependenciesJvm DependencyFileImpl        Downloaded https://repo1.maven.org/maven2/org/slf4j/slf4j-api/2.0.9/slf4j-api-2.0.9.pom.sha1 for the dependency org.slf4j:slf4j-api:2.0.9
00:03.309 DEBUG :database:resolveDependenciesJvm DependencyFileImpl        Downloaded https://repo1.maven.org/maven2/org/jetbrains/kotlinx/kotlinx-datetime-jvm/0.7.1-0.6.x-compat/kotlinx-datetime-jvm-0.7.1-0.6.x-compat.pom.sha1 for the dependency org.jetbrains.kotlinx:kotlinx-datetime-jvm:0.7.1-0.6.x-compat
00:03.311 DEBUG :server:resolveDependenciesJvm DependencyFileImpl        Downloaded https://repo1.maven.org/maven2/io/ktor/ktor-io/3.2.3/ktor-io-3.2.3.pom.sha512 for the dependency io.ktor:ktor-io:3.2.3
00:03.312 DEBUG :database:resolveDependenciesJvm DependencyFileImpl        Downloaded https://repo1.maven.org/maven2/de/mkammerer/argon2-jvm-nolibs/2.11/argon2-jvm-nolibs-2.11.pom for the dependency de.mkammerer:argon2-jvm-nolibs:2.11
00:03.317 DEBUG :database:resolveDependenciesJvm DependencyFileImpl        Not found URL: https://maven.google.com/org/jetbrains/annotations/23.0.0/annotations-23.0.0.pom.sha256
00:03.328 DEBUG :server:resolveDependenciesJvm DependencyFileImpl        Downloaded https://repo1.maven.org/maven2/io/ktor/ktor-server-netty-jvm/3.2.3/ktor-server-netty-jvm-3.2.3.module.sha512 for the dependency io.ktor:ktor-server-netty-jvm:3.2.3
00:03.333 DEBUG :database:resolveDependenciesJvm DependencyFileImpl        Not found URL: https://maven.pkg.jetbrains.space/public/p/compose/dev/org/jetbrains/kotlin/kotlin-reflect/2.1.0/kotlin-reflect-2.1.0.pom.sha256
00:03.333 DEBUG :server:resolveDependenciesJvm DependencyFileImpl        Downloaded https://repo1.maven.org/maven2/io/ktor/ktor-server-status-pages-jvm/3.2.3/ktor-server-status-pages-jvm-3.2.3.pom for the dependency io.ktor:ktor-server-status-pages-jvm:3.2.3
00:03.338 DEBUG :server:resolveDependenciesJvm DependencyFileImpl        Downloaded https://repo1.maven.org/maven2/io/ktor/ktor-http-cio-jvm/3.2.3/ktor-http-cio-jvm-3.2.3.module for the dependency io.ktor:ktor-http-cio-jvm:3.2.3
00:03.346 DEBUG :database:resolveDependenciesJvm DependencyFileImpl        Downloaded https://repo1.maven.org/maven2/org/slf4j/slf4j-api/2.0.9/slf4j-api-2.0.9.pom for the dependency org.slf4j:slf4j-api:2.0.9
00:03.354 DEBUG :server:resolveDependenciesJvm DependencyFileImpl        Downloaded https://repo1.maven.org/maven2/io/ktor/ktor-io/3.2.3/ktor-io-3.2.3.pom for the dependency io.ktor:ktor-io:3.2.3
00:03.355 DEBUG :database:resolveDependenciesJvm DependencyFileImpl        Downloaded https://repo1.maven.org/maven2/org/jetbrains/kotlinx/kotlinx-datetime-jvm/0.7.1-0.6.x-compat/kotlinx-datetime-jvm-0.7.1-0.6.x-compat.pom for the dependency org.jetbrains.kotlinx:kotlinx-datetime-jvm:0.7.1-0.6.x-compat
00:03.368 DEBUG :database:resolveDependenciesJvm DependencyFileImpl        Not found URL: https://maven.pkg.jetbrains.space/public/p/compose/dev/org/jetbrains/annotations/23.0.0/annotations-23.0.0.pom.sha256
00:03.370 DEBUG :server:resolveDependenciesJvm DependencyFileImpl        Not found URL: https://repo1.maven.org/maven2/org/fusesource/jansi/jansi/2.4.2/jansi-2.4.2.pom.sha256
00:03.371 DEBUG :server:resolveDependenciesJvm DependencyFileImpl        Not found URL: https://maven.google.com/com/typesafe/config/1.4.3/config-1.4.3.pom.sha256
00:03.374 DEBUG :server:resolveDependenciesJvm DependencyFileImpl        Downloaded https://repo1.maven.org/maven2/io/ktor/ktor-server-netty-jvm/3.2.3/ktor-server-netty-jvm-3.2.3.module for the dependency io.ktor:ktor-server-netty-jvm:3.2.3
00:03.375 DEBUG :database:resolveDependenciesJvm DependencyFileImpl        Downloaded https://repo1.maven.org/maven2/org/jetbrains/kotlin/kotlin-reflect/2.1.0/kotlin-reflect-2.1.0.pom.sha1 for the dependency org.jetbrains.kotlin:kotlin-reflect:2.1.0
00:03.388 DEBUG :server:resolveDependenciesJvm DependencyFileImpl        Downloaded https://repo1.maven.org/maven2/io/ktor/ktor-network/3.2.3/ktor-network-3.2.3.pom.sha512 for the dependency io.ktor:ktor-network:3.2.3
00:03.391 DEBUG :server:resolveDependenciesJvm DependencyFileImpl        Downloaded https://repo1.maven.org/maven2/io/ktor/ktor-io/3.2.3/ktor-io-3.2.3.module.sha512 for the dependency io.ktor:ktor-io:3.2.3
00:03.395 DEBUG :database:resolveDependenciesJvm DependencyFileImpl        Downloaded https://repo1.maven.org/maven2/org/jetbrains/annotations/23.0.0/annotations-23.0.0.pom.sha1 for the dependency org.jetbrains:annotations:23.0.0
00:03.417 DEBUG :database:resolveDependenciesJvm DependencyFileImpl        Downloaded https://repo1.maven.org/maven2/org/jetbrains/kotlin/kotlin-reflect/2.1.0/kotlin-reflect-2.1.0.pom for the dependency org.jetbrains.kotlin:kotlin-reflect:2.1.0
00:03.422 DEBUG :server:resolveDependenciesJvm DependencyFileImpl        Not found URL: https://maven.pkg.jetbrains.space/public/p/compose/dev/com/typesafe/config/1.4.3/config-1.4.3.pom.sha256
00:03.442 DEBUG :server:resolveDependenciesJvm DependencyFileImpl        Downloaded https://repo1.maven.org/maven2/io/netty/netty-transport-native-kqueue/4.2.2.Final/netty-transport-native-kqueue-4.2.2.Final.pom.sha512 for the dependency io.netty:netty-transport-native-kqueue:4.2.2.Final
00:03.462 DEBUG :server:resolveDependenciesJvm DependencyFileImpl        Downloaded https://repo1.maven.org/maven2/com/charleskorn/kaml/kaml/0.77.1/kaml-0.77.1.pom for the dependency com.charleskorn.kaml:kaml:0.77.1
00:03.480 DEBUG :server:resolveDependenciesJvm DependencyFileImpl        Not found URL: https://maven.google.com/org/fusesource/jansi/jansi/2.4.2/jansi-2.4.2.pom.sha256
00:03.483 DEBUG :server:resolveDependenciesJvm DependencyFileImpl        Downloaded https://repo1.maven.org/maven2/io/netty/netty-transport-native-epoll/4.2.2.Final/netty-transport-native-epoll-4.2.2.Final.pom.sha512 for the dependency io.netty:netty-transport-native-epoll:4.2.2.Final
00:03.502 DEBUG :server:resolveDependenciesJvm DependencyFileImpl        Downloaded https://repo1.maven.org/maven2/io/ktor/ktor-network/3.2.3/ktor-network-3.2.3.pom for the dependency io.ktor:ktor-network:3.2.3
00:03.506 DEBUG :server:resolveDependenciesJvm DependencyFileImpl        Downloaded https://repo1.maven.org/maven2/io/ktor/ktor-io/3.2.3/ktor-io-3.2.3.module for the dependency io.ktor:ktor-io:3.2.3
00:03.524 DEBUG :database:resolveDependenciesJvm DependencyFileImpl        Downloaded https://repo1.maven.org/maven2/org/jetbrains/annotations/23.0.0/annotations-23.0.0.pom for the dependency org.jetbrains:annotations:23.0.0
00:03.526 DEBUG :server:resolveDependenciesJvm DependencyFileImpl        Downloaded https://repo1.maven.org/maven2/com/typesafe/config/1.4.3/config-1.4.3.pom.sha1 for the dependency com.typesafe:config:1.4.3
00:03.531 DEBUG :server:resolveDependenciesJvm DependencyFileImpl        Not found URL: https://repo1.maven.org/maven2/net/mamoe/yamlkt/yamlkt/0.13.0/yamlkt-0.13.0.pom.sha512
00:03.555 DEBUG :server:resolveDependenciesJvm DependencyFileImpl        Downloaded https://repo1.maven.org/maven2/io/ktor/ktor-server-pebble-jvm/3.2.3/ktor-server-pebble-jvm-3.2.3.module.sha512 for the dependency io.ktor:ktor-server-pebble-jvm:3.2.3
00:03.555 DEBUG :server:resolveDependenciesJvm DependencyFileImpl        Downloaded https://repo1.maven.org/maven2/io/ktor/ktor-server-status-pages-jvm/3.2.3/ktor-server-status-pages-jvm-3.2.3.module.sha512 for the dependency io.ktor:ktor-server-status-pages-jvm:3.2.3
00:03.557 DEBUG :server:resolveDependenciesJvm DependencyFileImpl        Downloaded https://repo1.maven.org/maven2/org/jetbrains/kotlinx/kotlinx-serialization-core/1.8.1/kotlinx-serialization-core-1.8.1.pom.sha512 for the dependency org.jetbrains.kotlinx:kotlinx-serialization-core:1.8.1
00:03.557 DEBUG :server:resolveDependenciesJvm DependencyFileImpl        Downloaded https://repo1.maven.org/maven2/io/netty/netty-transport-native-kqueue/4.2.2.Final/netty-transport-native-kqueue-4.2.2.Final.pom for the dependency io.netty:netty-transport-native-kqueue:4.2.2.Final
00:03.577 DEBUG :database:resolveDependenciesJvm DependencyFileImpl        Not found URL: https://repo1.maven.org/maven2/org/jetbrains/kotlinx/kotlinx-datetime-jvm/0.7.1-0.6.x-compat/kotlinx-datetime-jvm-0.7.1-0.6.x-compat.module.sha512
00:03.577 DEBUG :server:resolveDependenciesJvm DependencyFileImpl        Downloaded https://repo1.maven.org/maven2/io/netty/netty-transport-native-epoll/4.2.2.Final/netty-transport-native-epoll-4.2.2.Final.pom for the dependency io.netty:netty-transport-native-epoll:4.2.2.Final
00:03.578 DEBUG :server:resolveDependenciesJvm DependencyFileImpl        Downloaded https://repo1.maven.org/maven2/io/ktor/ktor-network/3.2.3/ktor-network-3.2.3.module.sha512 for the dependency io.ktor:ktor-network:3.2.3
00:03.585 DEBUG :database:resolveDependenciesJvm DependencyFileImpl        Not found URL: https://repo1.maven.org/maven2/org/slf4j/slf4j-parent/2.0.9/slf4j-parent-2.0.9.pom.sha512
00:03.590 DEBUG :server:resolveDependenciesJvm DependencyFileImpl        Not found URL: https://maven.pkg.jetbrains.space/public/p/compose/dev/org/fusesource/jansi/jansi/2.4.2/jansi-2.4.2.pom.sha256
00:03.598 DEBUG :server:resolveDependenciesJvm DependencyFileImpl        Downloaded https://repo1.maven.org/maven2/com/typesafe/config/1.4.3/config-1.4.3.pom for the dependency com.typesafe:config:1.4.3
00:03.600 DEBUG :server:resolveDependenciesJvm DependencyFileImpl        Downloaded https://repo1.maven.org/maven2/io/ktor/ktor-io-jvm/3.2.3/ktor-io-jvm-3.2.3.pom.sha512 for the dependency io.ktor:ktor-io-jvm:3.2.3
00:03.605 DEBUG :server:resolveDependenciesJvm DependencyFileImpl        Downloaded https://repo1.maven.org/maven2/io/ktor/ktor-server-pebble-jvm/3.2.3/ktor-server-pebble-jvm-3.2.3.module for the dependency io.ktor:ktor-server-pebble-jvm:3.2.3
00:03.609 DEBUG :server:resolveDependenciesJvm DependencyFileImpl        Downloaded https://repo1.maven.org/maven2/org/jetbrains/kotlinx/kotlinx-serialization-core/1.8.1/kotlinx-serialization-core-1.8.1.pom for the dependency org.jetbrains.kotlinx:kotlinx-serialization-core:1.8.1
00:03.613 DEBUG :server:resolveDependenciesJvm DependencyFileImpl        Downloaded https://repo1.maven.org/maven2/io/ktor/ktor-server-status-pages-jvm/3.2.3/ktor-server-status-pages-jvm-3.2.3.module for the dependency io.ktor:ktor-server-status-pages-jvm:3.2.3
00:03.619 DEBUG :server:resolveDependenciesJvm DependencyFileImpl        Downloaded https://repo1.maven.org/maven2/io/netty/netty-parent/4.2.2.Final/netty-parent-4.2.2.Final.pom.sha512 for the dependency io.netty:netty-parent:4.2.2.Final
00:03.620 DEBUG :server:resolveDependenciesJvm DependencyFileImpl        Downloaded https://repo1.maven.org/maven2/io/netty/netty-codec-http2/4.2.2.Final/netty-codec-http2-4.2.2.Final.pom.sha512 for the dependency io.netty:netty-codec-http2:4.2.2.Final
00:03.626 DEBUG :server:resolveDependenciesJvm DependencyFileImpl        Downloaded https://repo1.maven.org/maven2/io/ktor/ktor-network/3.2.3/ktor-network-3.2.3.module for the dependency io.ktor:ktor-network:3.2.3
00:03.632 DEBUG :server:resolveDependenciesJvm DependencyFileImpl        Downloaded https://repo1.maven.org/maven2/org/fusesource/jansi/jansi/2.4.2/jansi-2.4.2.pom.sha1 for the dependency org.fusesource.jansi:jansi:2.4.2
00:03.637 DEBUG :server:resolveDependenciesJvm DependencyFileImpl        Downloaded https://repo1.maven.org/maven2/io/ktor/ktor-io-jvm/3.2.3/ktor-io-jvm-3.2.3.pom for the dependency io.ktor:ktor-io-jvm:3.2.3
00:03.651 DEBUG :server:resolveDependenciesJvm DependencyFileImpl        Not found URL: https://maven.google.com/net/mamoe/yamlkt/yamlkt/0.13.0/yamlkt-0.13.0.pom.sha512
00:03.655 DEBUG :server:resolveDependenciesJvm DependencyFileImpl        Not found URL: https://repo1.maven.org/maven2/org/eclipse/jetty/alpn/alpn-api/1.1.3.v20160715/alpn-api-1.1.3.v20160715.pom.sha512
00:03.655 DEBUG :server:resolveDependenciesJvm DependencyFileImpl        Downloaded https://repo1.maven.org/maven2/io/netty/netty-parent/4.2.2.Final/netty-parent-4.2.2.Final.pom for the dependency io.netty:netty-parent:4.2.2.Final
00:03.655 DEBUG :server:resolveDependenciesJvm DependencyFileImpl        Downloaded https://repo1.maven.org/maven2/org/jetbrains/kotlinx/kotlinx-serialization-core/1.8.1/kotlinx-serialization-core-1.8.1.module.sha512 for the dependency org.jetbrains.kotlinx:kotlinx-serialization-core:1.8.1
00:03.658 DEBUG :server:resolveDependenciesJvm DependencyFileImpl        Downloaded https://repo1.maven.org/maven2/io/netty/netty-codec-http2/4.2.2.Final/netty-codec-http2-4.2.2.Final.pom for the dependency io.netty:netty-codec-http2:4.2.2.Final
00:03.667 DEBUG :database:resolveDependenciesJvm DependencyFileImpl        Downloaded https://repo1.maven.org/maven2/de/mkammerer/argon2-jvm-nolibs/2.11/argon2-jvm-nolibs-2.11.module.sha512 for the dependency de.mkammerer:argon2-jvm-nolibs:2.11
00:03.683 DEBUG :server:resolveDependenciesJvm DependencyFileImpl        Downloaded https://repo1.maven.org/maven2/io/ktor/ktor-io-jvm/3.2.3/ktor-io-jvm-3.2.3.module.sha512 for the dependency io.ktor:ktor-io-jvm:3.2.3
00:03.683 DEBUG :server:resolveDependenciesJvm DependencyFileImpl        Downloaded https://repo1.maven.org/maven2/io/ktor/ktor-network-jvm/3.2.3/ktor-network-jvm-3.2.3.pom.sha512 for the dependency io.ktor:ktor-network-jvm:3.2.3
00:03.685 DEBUG :server:resolveDependenciesJvm DependencyFileImpl        Downloaded https://repo1.maven.org/maven2/org/fusesource/jansi/jansi/2.4.2/jansi-2.4.2.pom for the dependency org.fusesource.jansi:jansi:2.4.2
00:03.686 DEBUG :server:resolveDependenciesJvm DependencyFileImpl        Not found URL: https://maven.pkg.jetbrains.space/public/p/compose/dev/net/mamoe/yamlkt/yamlkt/0.13.0/yamlkt-0.13.0.pom.sha512
00:03.694 DEBUG :database:resolveDependenciesJvm DependencyFileImpl        Not found URL: https://maven.google.com/org/jetbrains/kotlinx/kotlinx-datetime-jvm/0.7.1-0.6.x-compat/kotlinx-datetime-jvm-0.7.1-0.6.x-compat.module.sha512
00:03.696 DEBUG :server:resolveDependenciesJvm DependencyFileImpl        Downloaded https://repo1.maven.org/maven2/org/jetbrains/kotlinx/kotlinx-serialization-core/1.8.1/kotlinx-serialization-core-1.8.1.module for the dependency org.jetbrains.kotlinx:kotlinx-serialization-core:1.8.1
00:03.704 DEBUG :database:resolveDependenciesJvm DependencyFileImpl        Downloaded https://repo1.maven.org/maven2/de/mkammerer/argon2-jvm-nolibs/2.11/argon2-jvm-nolibs-2.11.module for the dependency de.mkammerer:argon2-jvm-nolibs:2.11
00:03.707 DEBUG :server:resolveDependenciesJvm DependencyFileImpl        Downloaded https://repo1.maven.org/maven2/io/ktor/ktor-network-jvm/3.2.3/ktor-network-jvm-3.2.3.pom for the dependency io.ktor:ktor-network-jvm:3.2.3
00:03.712 DEBUG :database:resolveDependenciesJvm DependencyFileImpl        Not found URL: https://maven.google.com/org/slf4j/slf4j-parent/2.0.9/slf4j-parent-2.0.9.pom.sha512
00:03.712 DEBUG :server:resolveDependenciesJvm DependencyFileImpl        Downloaded https://repo1.maven.org/maven2/io/ktor/ktor-io-jvm/3.2.3/ktor-io-jvm-3.2.3.module for the dependency io.ktor:ktor-io-jvm:3.2.3
00:03.729 DEBUG :server:resolveDependenciesJvm DependencyFileImpl        Not found URL: https://maven.google.com/org/eclipse/jetty/alpn/alpn-api/1.1.3.v20160715/alpn-api-1.1.3.v20160715.pom.sha512
00:03.731 DEBUG :server:resolveDependenciesJvm DependencyFileImpl        Downloaded https://repo1.maven.org/maven2/org/jetbrains/kotlinx/kotlinx-serialization-core-jvm/1.8.1/kotlinx-serialization-core-jvm-1.8.1.pom.sha512 for the dependency org.jetbrains.kotlinx:kotlinx-serialization-core-jvm:1.8.1
00:03.732 DEBUG :database:resolveDependenciesJvm DependencyFileImpl        Not found URL: https://maven.pkg.jetbrains.space/public/p/compose/dev/org/jetbrains/kotlinx/kotlinx-datetime-jvm/0.7.1-0.6.x-compat/kotlinx-datetime-jvm-0.7.1-0.6.x-compat.module.sha512
00:03.736 DEBUG :server:resolveDependenciesJvm DependencyFileImpl        Downloaded https://repo1.maven.org/maven2/io/ktor/ktor-network-jvm/3.2.3/ktor-network-jvm-3.2.3.module.sha512 for the dependency io.ktor:ktor-network-jvm:3.2.3
00:03.747 DEBUG :database:resolveDependenciesJvm DependencyFileImpl        Not found URL: https://maven.pkg.jetbrains.space/public/p/compose/dev/org/slf4j/slf4j-parent/2.0.9/slf4j-parent-2.0.9.pom.sha512
00:03.765 DEBUG :server:resolveDependenciesJvm DependencyFileImpl        Downloaded https://repo1.maven.org/maven2/org/jetbrains/kotlinx/kotlinx-io-core/0.7.0/kotlinx-io-core-0.7.0.pom.sha512 for the dependency org.jetbrains.kotlinx:kotlinx-io-core:0.7.0
00:03.765 DEBUG :server:resolveDependenciesJvm DependencyFileImpl        Not found URL: https://maven.pkg.jetbrains.space/public/p/compose/dev/org/eclipse/jetty/alpn/alpn-api/1.1.3.v20160715/alpn-api-1.1.3.v20160715.pom.sha512
00:03.767 DEBUG :server:resolveDependenciesJvm DependencyFileImpl        Downloaded https://repo1.maven.org/maven2/org/jetbrains/kotlinx/kotlinx-serialization-core-jvm/1.8.1/kotlinx-serialization-core-jvm-1.8.1.pom for the dependency org.jetbrains.kotlinx:kotlinx-serialization-core-jvm:1.8.1
00:03.784 DEBUG :server:resolveDependenciesJvm DependencyFileImpl        Downloaded https://repo1.maven.org/maven2/io/ktor/ktor-network-jvm/3.2.3/ktor-network-jvm-3.2.3.module for the dependency io.ktor:ktor-network-jvm:3.2.3
00:03.806 DEBUG :server:resolveDependenciesJvm DependencyFileImpl        Downloaded https://repo1.maven.org/maven2/org/jetbrains/kotlinx/kotlinx-io-core/0.7.0/kotlinx-io-core-0.7.0.pom for the dependency org.jetbrains.kotlinx:kotlinx-io-core:0.7.0
00:03.826 DEBUG :server:resolveDependenciesJvm DependencyFileImpl        Downloaded https://repo1.maven.org/maven2/com/charleskorn/kaml/kaml/0.77.1/kaml-0.77.1.module.sha512 for the dependency com.charleskorn.kaml:kaml:0.77.1
00:03.827 DEBUG :server:resolveDependenciesJvm DependencyFileImpl        Downloaded https://repo1.maven.org/maven2/org/jetbrains/kotlinx/kotlinx-serialization-core-jvm/1.8.1/kotlinx-serialization-core-jvm-1.8.1.module.sha512 for the dependency org.jetbrains.kotlinx:kotlinx-serialization-core-jvm:1.8.1
00:03.848 DEBUG :server:resolveDependenciesJvm DependencyFileImpl        Not found URL: https://repo1.maven.org/maven2/io/pebbletemplates/pebble/3.2.4/pebble-3.2.4.pom.sha512
00:03.851 DEBUG :server:resolveDependenciesJvm DependencyFileImpl        Downloaded https://repo1.maven.org/maven2/org/jetbrains/kotlinx/kotlinx-io-core/0.7.0/kotlinx-io-core-0.7.0.module.sha512 for the dependency org.jetbrains.kotlinx:kotlinx-io-core:0.7.0
00:03.852 DEBUG :server:resolveDependenciesJvm DependencyFileImpl        Downloaded https://repo1.maven.org/maven2/com/charleskorn/kaml/kaml/0.77.1/kaml-0.77.1.module for the dependency com.charleskorn.kaml:kaml:0.77.1
00:03.869 DEBUG :server:resolveDependenciesJvm DependencyFileImpl        Downloaded https://repo1.maven.org/maven2/org/jetbrains/kotlinx/kotlinx-serialization-core-jvm/1.8.1/kotlinx-serialization-core-jvm-1.8.1.module for the dependency org.jetbrains.kotlinx:kotlinx-serialization-core-jvm:1.8.1
00:03.879 DEBUG :server:resolveDependenciesJvm DependencyFileImpl        Downloaded https://repo1.maven.org/maven2/org/jetbrains/kotlinx/kotlinx-io-core/0.7.0/kotlinx-io-core-0.7.0.module for the dependency org.jetbrains.kotlinx:kotlinx-io-core:0.7.0
00:03.891 DEBUG :server:resolveDependenciesJvm DependencyFileImpl        Downloaded https://repo1.maven.org/maven2/com/charleskorn/kaml/kaml-jvm/0.77.1/kaml-jvm-0.77.1.pom.sha512 for the dependency com.charleskorn.kaml:kaml-jvm:0.77.1
00:03.898 DEBUG :server:resolveDependenciesJvm DependencyFileImpl        Not found URL: https://repo1.maven.org/maven2/net/mamoe/yamlkt/yamlkt/0.13.0/yamlkt-0.13.0.pom.sha256
00:03.917 DEBUG :server:resolveDependenciesJvm DependencyFileImpl        Not found URL: https://repo1.maven.org/maven2/org/fusesource/fusesource-pom/1.12/fusesource-pom-1.12.pom.sha512
00:03.917 DEBUG :server:resolveDependenciesJvm DependencyFileImpl        Downloaded https://repo1.maven.org/maven2/org/jetbrains/kotlinx/kotlinx-serialization-bom/1.8.1/kotlinx-serialization-bom-1.8.1.pom.sha512 for the dependency org.jetbrains.kotlinx:kotlinx-serialization-bom:1.8.1
00:03.917 DEBUG :server:resolveDependenciesJvm DependencyFileImpl        Downloaded https://repo1.maven.org/maven2/org/jetbrains/kotlinx/kotlinx-io-core-jvm/0.7.0/kotlinx-io-core-jvm-0.7.0.pom.sha512 for the dependency org.jetbrains.kotlinx:kotlinx-io-core-jvm:0.7.0
00:03.917 DEBUG :server:resolveDependenciesJvm DependencyFileImpl        Not found URL: https://repo1.maven.org/maven2/org/sonatype/oss/oss-parent/9/oss-parent-9.pom.sha512
00:03.921 DEBUG :server:resolveDependenciesJvm DependencyFileImpl        Downloaded https://repo1.maven.org/maven2/com/charleskorn/kaml/kaml-jvm/0.77.1/kaml-jvm-0.77.1.pom for the dependency com.charleskorn.kaml:kaml-jvm:0.77.1
00:03.940 DEBUG :server:resolveDependenciesJvm DependencyFileImpl        Not found URL: https://maven.google.com/io/pebbletemplates/pebble/3.2.4/pebble-3.2.4.pom.sha512
00:03.943 DEBUG :database:resolveDependenciesJvm DependencyFileImpl        Not found URL: https://repo1.maven.org/maven2/org/jetbrains/kotlinx/kotlinx-datetime-jvm/0.7.1-0.6.x-compat/kotlinx-datetime-jvm-0.7.1-0.6.x-compat.module.sha256
00:03.946 DEBUG :server:resolveDependenciesJvm DependencyFileImpl        Downloaded https://repo1.maven.org/maven2/org/jetbrains/kotlinx/kotlinx-serialization-bom/1.8.1/kotlinx-serialization-bom-1.8.1.pom for the dependency org.jetbrains.kotlinx:kotlinx-serialization-bom:1.8.1
00:03.947 DEBUG :server:resolveDependenciesJvm DependencyFileImpl        Downloaded https://repo1.maven.org/maven2/org/jetbrains/kotlinx/kotlinx-io-core-jvm/0.7.0/kotlinx-io-core-jvm-0.7.0.pom for the dependency org.jetbrains.kotlinx:kotlinx-io-core-jvm:0.7.0
00:03.947 DEBUG :database:resolveDependenciesJvm DependencyFileImpl        Not found URL: https://repo1.maven.org/maven2/net/java/dev/jna/jna/5.8.0/jna-5.8.0.pom.sha512
00:03.976 DEBUG :server:resolveDependenciesJvm DependencyFileImpl        Not found URL: https://maven.pkg.jetbrains.space/public/p/compose/dev/io/pebbletemplates/pebble/3.2.4/pebble-3.2.4.pom.sha512
00:03.981 DEBUG :server:resolveDependenciesJvm DependencyFileImpl        Downloaded https://repo1.maven.org/maven2/com/charleskorn/kaml/kaml-jvm/0.77.1/kaml-jvm-0.77.1.module.sha512 for the dependency com.charleskorn.kaml:kaml-jvm:0.77.1
00:03.985 DEBUG :server:resolveDependenciesJvm DependencyFileImpl        Downloaded https://repo1.maven.org/maven2/org/jetbrains/kotlinx/kotlinx-io-core-jvm/0.7.0/kotlinx-io-core-jvm-0.7.0.module.sha512 for the dependency org.jetbrains.kotlinx:kotlinx-io-core-jvm:0.7.0
00:03.998 DEBUG :server:resolveDependenciesJvm DependencyFileImpl        Not found URL: https://repo1.maven.org/maven2/org/eclipse/jetty/alpn/alpn-api/1.1.3.v20160715/alpn-api-1.1.3.v20160715.pom.sha256
00:04.011 DEBUG :server:resolveDependenciesJvm DependencyFileImpl        Downloaded https://repo1.maven.org/maven2/org/jetbrains/kotlinx/kotlinx-io-core-jvm/0.7.0/kotlinx-io-core-jvm-0.7.0.module for the dependency org.jetbrains.kotlinx:kotlinx-io-core-jvm:0.7.0
00:04.020 DEBUG :server:resolveDependenciesJvm DependencyFileImpl        Downloaded https://repo1.maven.org/maven2/com/charleskorn/kaml/kaml-jvm/0.77.1/kaml-jvm-0.77.1.module for the dependency com.charleskorn.kaml:kaml-jvm:0.77.1
00:04.024 DEBUG :server:resolveDependenciesJvm DependencyFileImpl        Not found URL: https://maven.google.com/org/fusesource/fusesource-pom/1.12/fusesource-pom-1.12.pom.sha512
00:04.026 DEBUG :server:resolveDependenciesJvm DependencyFileImpl        Not found URL: https://maven.google.com/org/sonatype/oss/oss-parent/9/oss-parent-9.pom.sha512
00:04.026 DEBUG :database:resolveDependenciesJvm DependencyFileImpl        Not found URL: https://repo1.maven.org/maven2/org/slf4j/slf4j-parent/2.0.9/slf4j-parent-2.0.9.pom.sha256
00:04.037 DEBUG :database:resolveDependenciesJvm DependencyFileImpl        Not found URL: https://maven.google.com/org/jetbrains/kotlinx/kotlinx-datetime-jvm/0.7.1-0.6.x-compat/kotlinx-datetime-jvm-0.7.1-0.6.x-compat.module.sha256
00:04.042 DEBUG :server:resolveDependenciesJvm DependencyFileImpl        Not found URL: https://maven.google.com/net/mamoe/yamlkt/yamlkt/0.13.0/yamlkt-0.13.0.pom.sha256
00:04.047 DEBUG :server:resolveDependenciesJvm DependencyFileImpl        Downloaded https://repo1.maven.org/maven2/org/jetbrains/kotlinx/kotlinx-io-bytestring/0.7.0/kotlinx-io-bytestring-0.7.0.pom.sha512 for the dependency org.jetbrains.kotlinx:kotlinx-io-bytestring:0.7.0
00:04.050 DEBUG :database:resolveDependenciesJvm DependencyFileImpl        Not found URL: https://maven.google.com/net/java/dev/jna/jna/5.8.0/jna-5.8.0.pom.sha512
00:04.054 DEBUG :server:resolveDependenciesJvm DependencyFileImpl        Downloaded https://repo1.maven.org/maven2/it/krzeminski/snakeyaml-engine-kmp/3.1.1/snakeyaml-engine-kmp-3.1.1.pom.sha512 for the dependency it.krzeminski:snakeyaml-engine-kmp:3.1.1
00:04.059 DEBUG :server:resolveDependenciesJvm DependencyFileImpl        Not found URL: https://maven.pkg.jetbrains.space/public/p/compose/dev/org/fusesource/fusesource-pom/1.12/fusesource-pom-1.12.pom.sha512
00:04.061 DEBUG :server:resolveDependenciesJvm DependencyFileImpl        Not found URL: https://maven.pkg.jetbrains.space/public/p/compose/dev/org/sonatype/oss/oss-parent/9/oss-parent-9.pom.sha512
00:04.069 DEBUG :server:resolveDependenciesJvm DependencyFileImpl        Downloaded https://repo1.maven.org/maven2/org/jetbrains/kotlinx/kotlinx-io-bytestring/0.7.0/kotlinx-io-bytestring-0.7.0.pom for the dependency org.jetbrains.kotlinx:kotlinx-io-bytestring:0.7.0
00:04.072 DEBUG :server:resolveDependenciesJvm DependencyFileImpl        Downloaded https://repo1.maven.org/maven2/com/squareup/okio/okio/3.11.0/okio-3.11.0.pom.sha512 for the dependency com.squareup.okio:okio:3.11.0
00:04.077 DEBUG :database:resolveDependenciesJvm DependencyFileImpl        Not found URL: https://maven.pkg.jetbrains.space/public/p/compose/dev/org/jetbrains/kotlinx/kotlinx-datetime-jvm/0.7.1-0.6.x-compat/kotlinx-datetime-jvm-0.7.1-0.6.x-compat.module.sha256
00:04.079 DEBUG :server:resolveDependenciesJvm DependencyFileImpl        Not found URL: https://maven.pkg.jetbrains.space/public/p/compose/dev/net/mamoe/yamlkt/yamlkt/0.13.0/yamlkt-0.13.0.pom.sha256
00:04.082 DEBUG :server:resolveDependenciesJvm DependencyFileImpl        Downloaded https://repo1.maven.org/maven2/it/krzeminski/snakeyaml-engine-kmp/3.1.1/snakeyaml-engine-kmp-3.1.1.pom for the dependency it.krzeminski:snakeyaml-engine-kmp:3.1.1
00:04.084 DEBUG :server:resolveDependenciesJvm DependencyFileImpl        Not found URL: https://maven.google.com/org/eclipse/jetty/alpn/alpn-api/1.1.3.v20160715/alpn-api-1.1.3.v20160715.pom.sha256
00:04.085 DEBUG :database:resolveDependenciesJvm DependencyFileImpl        Not found URL: https://maven.pkg.jetbrains.space/public/p/compose/dev/net/java/dev/jna/jna/5.8.0/jna-5.8.0.pom.sha512
00:04.096 DEBUG :server:resolveDependenciesJvm DependencyFileImpl        Downloaded https://repo1.maven.org/maven2/com/squareup/okio/okio/3.11.0/okio-3.11.0.pom for the dependency com.squareup.okio:okio:3.11.0
00:04.100 DEBUG :server:resolveDependenciesJvm DependencyFileImpl        Downloaded https://repo1.maven.org/maven2/org/jetbrains/kotlinx/kotlinx-io-bytestring/0.7.0/kotlinx-io-bytestring-0.7.0.module.sha512 for the dependency org.jetbrains.kotlinx:kotlinx-io-bytestring:0.7.0
00:04.100 DEBUG :database:resolveDependenciesJvm DependencyFileImpl        Downloaded https://repo1.maven.org/maven2/org/jetbrains/kotlinx/kotlinx-datetime-jvm/0.7.1-0.6.x-compat/kotlinx-datetime-jvm-0.7.1-0.6.x-compat.module.sha1 for the dependency org.jetbrains.kotlinx:kotlinx-datetime-jvm:0.7.1-0.6.x-compat
00:04.103 DEBUG :server:resolveDependenciesJvm DependencyFileImpl        Downloaded https://repo1.maven.org/maven2/net/mamoe/yamlkt/yamlkt/0.13.0/yamlkt-0.13.0.pom.sha1 for the dependency net.mamoe.yamlkt:yamlkt:0.13.0
00:04.108 DEBUG :server:resolveDependenciesJvm DependencyFileImpl        Downloaded https://repo1.maven.org/maven2/it/krzeminski/snakeyaml-engine-kmp/3.1.1/snakeyaml-engine-kmp-3.1.1.module.sha512 for the dependency it.krzeminski:snakeyaml-engine-kmp:3.1.1
00:04.113 DEBUG :database:resolveDependenciesJvm DependencyFileImpl        Not found URL: https://maven.google.com/org/slf4j/slf4j-parent/2.0.9/slf4j-parent-2.0.9.pom.sha256
00:04.118 DEBUG :server:resolveDependenciesJvm DependencyFileImpl        Not found URL: https://maven.pkg.jetbrains.space/public/p/compose/dev/org/eclipse/jetty/alpn/alpn-api/1.1.3.v20160715/alpn-api-1.1.3.v20160715.pom.sha256
00:04.126 DEBUG :server:resolveDependenciesJvm DependencyFileImpl        Downloaded https://repo1.maven.org/maven2/com/squareup/okio/okio/3.11.0/okio-3.11.0.module.sha512 for the dependency com.squareup.okio:okio:3.11.0
00:04.126 DEBUG :server:resolveDependenciesJvm DependencyFileImpl        Downloaded https://repo1.maven.org/maven2/org/jetbrains/kotlinx/kotlinx-io-bytestring/0.7.0/kotlinx-io-bytestring-0.7.0.module for the dependency org.jetbrains.kotlinx:kotlinx-io-bytestring:0.7.0
00:04.127 DEBUG :database:resolveDependenciesJvm DependencyFileImpl        Downloaded https://repo1.maven.org/maven2/org/jetbrains/kotlinx/kotlinx-datetime-jvm/0.7.1-0.6.x-compat/kotlinx-datetime-jvm-0.7.1-0.6.x-compat.module for the dependency org.jetbrains.kotlinx:kotlinx-datetime-jvm:0.7.1-0.6.x-compat
00:04.128 DEBUG :server:resolveDependenciesJvm DependencyFileImpl        Downloaded https://repo1.maven.org/maven2/net/mamoe/yamlkt/yamlkt/0.13.0/yamlkt-0.13.0.pom for the dependency net.mamoe.yamlkt:yamlkt:0.13.0
00:04.141 DEBUG :server:resolveDependenciesJvm DependencyFileImpl        Downloaded https://repo1.maven.org/maven2/it/krzeminski/snakeyaml-engine-kmp/3.1.1/snakeyaml-engine-kmp-3.1.1.module for the dependency it.krzeminski:snakeyaml-engine-kmp:3.1.1
00:04.152 DEBUG :server:resolveDependenciesJvm DependencyFileImpl        Downloaded https://repo1.maven.org/maven2/org/eclipse/jetty/alpn/alpn-api/1.1.3.v20160715/alpn-api-1.1.3.v20160715.pom.sha1 for the dependency org.eclipse.jetty.alpn:alpn-api:1.1.3.v20160715
00:04.153 DEBUG :database:resolveDependenciesJvm DependencyFileImpl        Not found URL: https://maven.pkg.jetbrains.space/public/p/compose/dev/org/slf4j/slf4j-parent/2.0.9/slf4j-parent-2.0.9.pom.sha256
00:04.156 DEBUG :server:resolveDependenciesJvm DependencyFileImpl        Downloaded https://repo1.maven.org/maven2/com/squareup/okio/okio/3.11.0/okio-3.11.0.module for the dependency com.squareup.okio:okio:3.11.0
00:04.166 DEBUG :server:resolveDependenciesJvm DependencyFileImpl        Downloaded https://repo1.maven.org/maven2/org/jetbrains/kotlinx/kotlinx-io-bytestring-jvm/0.7.0/kotlinx-io-bytestring-jvm-0.7.0.pom.sha512 for the dependency org.jetbrains.kotlinx:kotlinx-io-bytestring-jvm:0.7.0
00:04.170 DEBUG :server:resolveDependenciesJvm DependencyFileImpl        Downloaded https://repo1.maven.org/maven2/it/krzeminski/snakeyaml-engine-kmp-jvm/3.1.1/snakeyaml-engine-kmp-jvm-3.1.1.pom.sha512 for the dependency it.krzeminski:snakeyaml-engine-kmp-jvm:3.1.1
00:04.174 DEBUG :server:resolveDependenciesJvm DependencyFileImpl        Downloaded https://repo1.maven.org/maven2/org/eclipse/jetty/alpn/alpn-api/1.1.3.v20160715/alpn-api-1.1.3.v20160715.pom for the dependency org.eclipse.jetty.alpn:alpn-api:1.1.3.v20160715
00:04.174 DEBUG :database:resolveDependenciesJvm DependencyFileImpl        Downloaded https://repo1.maven.org/maven2/org/slf4j/slf4j-parent/2.0.9/slf4j-parent-2.0.9.pom.sha1 for the dependency org.slf4j:slf4j-parent:2.0.9
00:04.183 DEBUG :server:resolveDependenciesJvm DependencyFileImpl        Downloaded https://repo1.maven.org/maven2/com/squareup/okio/okio-jvm/3.11.0/okio-jvm-3.11.0.pom.sha512 for the dependency com.squareup.okio:okio-jvm:3.11.0
00:04.187 DEBUG :server:resolveDependenciesJvm DependencyFileImpl        Downloaded https://repo1.maven.org/maven2/org/jetbrains/kotlinx/kotlinx-io-bytestring-jvm/0.7.0/kotlinx-io-bytestring-jvm-0.7.0.pom for the dependency org.jetbrains.kotlinx:kotlinx-io-bytestring-jvm:0.7.0
00:04.193 DEBUG :server:resolveDependenciesJvm DependencyFileImpl        Downloaded https://repo1.maven.org/maven2/it/krzeminski/snakeyaml-engine-kmp-jvm/3.1.1/snakeyaml-engine-kmp-jvm-3.1.1.pom for the dependency it.krzeminski:snakeyaml-engine-kmp-jvm:3.1.1
00:04.196 DEBUG :database:resolveDependenciesJvm DependencyFileImpl        Downloaded https://repo1.maven.org/maven2/org/slf4j/slf4j-parent/2.0.9/slf4j-parent-2.0.9.pom for the dependency org.slf4j:slf4j-parent:2.0.9
00:04.203 DEBUG :server:resolveDependenciesJvm DependencyFileImpl        Downloaded https://repo1.maven.org/maven2/com/squareup/okio/okio-jvm/3.11.0/okio-jvm-3.11.0.pom for the dependency com.squareup.okio:okio-jvm:3.11.0
00:04.214 DEBUG :server:resolveDependenciesJvm DependencyFileImpl        Downloaded https://repo1.maven.org/maven2/org/jetbrains/kotlinx/kotlinx-io-bytestring-jvm/0.7.0/kotlinx-io-bytestring-jvm-0.7.0.module.sha512 for the dependency org.jetbrains.kotlinx:kotlinx-io-bytestring-jvm:0.7.0
00:04.218 DEBUG :server:resolveDependenciesJvm DependencyFileImpl        Downloaded https://repo1.maven.org/maven2/it/krzeminski/snakeyaml-engine-kmp-jvm/3.1.1/snakeyaml-engine-kmp-jvm-3.1.1.module.sha512 for the dependency it.krzeminski:snakeyaml-engine-kmp-jvm:3.1.1
00:04.218 DEBUG :server:resolveDependenciesJvm DependencyFileImpl        Not found URL: https://repo1.maven.org/maven2/io/pebbletemplates/pebble/3.2.4/pebble-3.2.4.pom.sha256
00:04.227 DEBUG :server:resolveDependenciesJvm DependencyFileImpl        Downloaded https://repo1.maven.org/maven2/com/squareup/okio/okio-jvm/3.11.0/okio-jvm-3.11.0.module.sha512 for the dependency com.squareup.okio:okio-jvm:3.11.0
00:04.240 DEBUG :server:resolveDependenciesJvm DependencyFileImpl        Downloaded https://repo1.maven.org/maven2/it/krzeminski/snakeyaml-engine-kmp-jvm/3.1.1/snakeyaml-engine-kmp-jvm-3.1.1.module for the dependency it.krzeminski:snakeyaml-engine-kmp-jvm:3.1.1
00:04.240 DEBUG :server:resolveDependenciesJvm DependencyFileImpl        Downloaded https://repo1.maven.org/maven2/org/jetbrains/kotlinx/kotlinx-io-bytestring-jvm/0.7.0/kotlinx-io-bytestring-jvm-0.7.0.module for the dependency org.jetbrains.kotlinx:kotlinx-io-bytestring-jvm:0.7.0
00:04.275 DEBUG :server:resolveDependenciesJvm DependencyFileImpl        Downloaded https://repo1.maven.org/maven2/net/thauvin/erik/urlencoder/urlencoder-lib/1.6.0/urlencoder-lib-1.6.0.pom.sha512 for the dependency net.thauvin.erik.urlencoder:urlencoder-lib:1.6.0
00:04.283 DEBUG :server:resolveDependenciesJvm DependencyFileImpl        Not found URL: https://repo1.maven.org/maven2/org/sonatype/oss/oss-parent/9/oss-parent-9.pom.sha256
00:04.294 DEBUG :server:resolveDependenciesJvm DependencyFileImpl        Not found URL: https://repo1.maven.org/maven2/org/fusesource/fusesource-pom/1.12/fusesource-pom-1.12.pom.sha256
00:04.295 DEBUG :server:resolveDependenciesJvm DependencyFileImpl        Not found URL: https://maven.google.com/io/pebbletemplates/pebble/3.2.4/pebble-3.2.4.pom.sha256
00:04.299 DEBUG :server:resolveDependenciesJvm DependencyFileImpl        Downloaded https://repo1.maven.org/maven2/net/thauvin/erik/urlencoder/urlencoder-lib/1.6.0/urlencoder-lib-1.6.0.pom for the dependency net.thauvin.erik.urlencoder:urlencoder-lib:1.6.0
00:04.325 DEBUG :database:resolveDependenciesJvm DependencyFileImpl        Not found URL: https://repo1.maven.org/maven2/net/java/dev/jna/jna/5.8.0/jna-5.8.0.pom.sha256
00:04.325 DEBUG :server:resolveDependenciesJvm DependencyFileImpl        Downloaded https://repo1.maven.org/maven2/net/thauvin/erik/urlencoder/urlencoder-lib/1.6.0/urlencoder-lib-1.6.0.module.sha512 for the dependency net.thauvin.erik.urlencoder:urlencoder-lib:1.6.0
00:04.329 DEBUG :server:resolveDependenciesJvm DependencyFileImpl        Not found URL: https://maven.pkg.jetbrains.space/public/p/compose/dev/io/pebbletemplates/pebble/3.2.4/pebble-3.2.4.pom.sha256
00:04.350 DEBUG :server:resolveDependenciesJvm DependencyFileImpl        Downloaded https://repo1.maven.org/maven2/net/thauvin/erik/urlencoder/urlencoder-lib/1.6.0/urlencoder-lib-1.6.0.module for the dependency net.thauvin.erik.urlencoder:urlencoder-lib:1.6.0
00:04.351 DEBUG :server:resolveDependenciesJvm DependencyFileImpl        Downloaded https://repo1.maven.org/maven2/io/pebbletemplates/pebble/3.2.4/pebble-3.2.4.pom.sha1 for the dependency io.pebbletemplates:pebble:3.2.4
00:04.359 DEBUG :server:resolveDependenciesJvm DependencyFileImpl        Not found URL: https://repo1.maven.org/maven2/net/mamoe/yamlkt/yamlkt/0.13.0/yamlkt-0.13.0.module.sha512
00:04.375 DEBUG :server:resolveDependenciesJvm DependencyFileImpl        Downloaded https://repo1.maven.org/maven2/io/pebbletemplates/pebble/3.2.4/pebble-3.2.4.pom for the dependency io.pebbletemplates:pebble:3.2.4
00:04.384 DEBUG :server:resolveDependenciesJvm DependencyFileImpl        Not found URL: https://maven.google.com/org/sonatype/oss/oss-parent/9/oss-parent-9.pom.sha256
00:04.384 DEBUG :server:resolveDependenciesJvm DependencyFileImpl        Downloaded https://repo1.maven.org/maven2/net/thauvin/erik/urlencoder/urlencoder-lib-jvm/1.6.0/urlencoder-lib-jvm-1.6.0.pom.sha512 for the dependency net.thauvin.erik.urlencoder:urlencoder-lib-jvm:1.6.0
00:04.401 DEBUG :server:resolveDependenciesJvm DependencyFileImpl        Not found URL: https://maven.google.com/org/fusesource/fusesource-pom/1.12/fusesource-pom-1.12.pom.sha256
00:04.403 DEBUG :database:resolveDependenciesJvm DependencyFileImpl        Not found URL: https://maven.google.com/net/java/dev/jna/jna/5.8.0/jna-5.8.0.pom.sha256
00:04.415 DEBUG :server:resolveDependenciesJvm DependencyFileImpl        Downloaded https://repo1.maven.org/maven2/net/thauvin/erik/urlencoder/urlencoder-lib-jvm/1.6.0/urlencoder-lib-jvm-1.6.0.pom for the dependency net.thauvin.erik.urlencoder:urlencoder-lib-jvm:1.6.0
00:04.419 DEBUG :server:resolveDependenciesJvm DependencyFileImpl        Not found URL: https://maven.pkg.jetbrains.space/public/p/compose/dev/org/sonatype/oss/oss-parent/9/oss-parent-9.pom.sha256
00:04.425 DEBUG :server:resolveDependenciesJvm DependencyFileImpl        Not found URL: https://maven.google.com/net/mamoe/yamlkt/yamlkt/0.13.0/yamlkt-0.13.0.module.sha512
00:04.432 DEBUG :database:resolveDependenciesJvm DependencyFileImpl        Not found URL: https://repo1.maven.org/maven2/org/slf4j/slf4j-bom/2.0.9/slf4j-bom-2.0.9.pom.sha512
00:04.433 DEBUG :server:resolveDependenciesJvm DependencyFileImpl        Not found URL: https://repo1.maven.org/maven2/org/eclipse/jetty/jetty-parent/21/jetty-parent-21.pom.sha512
00:04.439 DEBUG :server:resolveDependenciesJvm DependencyFileImpl        Not found URL: https://maven.pkg.jetbrains.space/public/p/compose/dev/org/fusesource/fusesource-pom/1.12/fusesource-pom-1.12.pom.sha256
00:04.439 DEBUG :database:resolveDependenciesJvm DependencyFileImpl        Not found URL: https://maven.pkg.jetbrains.space/public/p/compose/dev/net/java/dev/jna/jna/5.8.0/jna-5.8.0.pom.sha256
00:04.445 DEBUG :server:resolveDependenciesJvm DependencyFileImpl        Downloaded https://repo1.maven.org/maven2/org/sonatype/oss/oss-parent/9/oss-parent-9.pom.sha1 for the dependency org.sonatype.oss:oss-parent:9
00:04.448 DEBUG :server:resolveDependenciesJvm DependencyFileImpl        Downloaded https://repo1.maven.org/maven2/net/thauvin/erik/urlencoder/urlencoder-lib-jvm/1.6.0/urlencoder-lib-jvm-1.6.0.module.sha512 for the dependency net.thauvin.erik.urlencoder:urlencoder-lib-jvm:1.6.0
00:04.461 DEBUG :server:resolveDependenciesJvm DependencyFileImpl        Downloaded https://repo1.maven.org/maven2/org/fusesource/fusesource-pom/1.12/fusesource-pom-1.12.pom.sha1 for the dependency org.fusesource:fusesource-pom:1.12
00:04.463 DEBUG :server:resolveDependenciesJvm DependencyFileImpl        Not found URL: https://maven.pkg.jetbrains.space/public/p/compose/dev/net/mamoe/yamlkt/yamlkt/0.13.0/yamlkt-0.13.0.module.sha512
00:04.463 DEBUG :database:resolveDependenciesJvm DependencyFileImpl        Downloaded https://repo1.maven.org/maven2/net/java/dev/jna/jna/5.8.0/jna-5.8.0.pom.sha1 for the dependency net.java.dev.jna:jna:5.8.0
00:04.476 DEBUG :server:resolveDependenciesJvm DependencyFileImpl        Downloaded https://repo1.maven.org/maven2/org/sonatype/oss/oss-parent/9/oss-parent-9.pom for the dependency org.sonatype.oss:oss-parent:9
00:04.481 DEBUG :server:resolveDependenciesJvm DependencyFileImpl        Downloaded https://repo1.maven.org/maven2/net/thauvin/erik/urlencoder/urlencoder-lib-jvm/1.6.0/urlencoder-lib-jvm-1.6.0.module for the dependency net.thauvin.erik.urlencoder:urlencoder-lib-jvm:1.6.0
00:04.482 DEBUG :server:resolveDependenciesJvm DependencyFileImpl        Downloaded https://repo1.maven.org/maven2/org/fusesource/fusesource-pom/1.12/fusesource-pom-1.12.pom for the dependency org.fusesource:fusesource-pom:1.12
00:04.491 DEBUG :database:resolveDependenciesJvm DependencyFileImpl        Downloaded https://repo1.maven.org/maven2/net/java/dev/jna/jna/5.8.0/jna-5.8.0.pom for the dependency net.java.dev.jna:jna:5.8.0
00:04.515 DEBUG :database:resolveDependenciesJvm DependencyFileImpl        Not found URL: https://maven.google.com/org/slf4j/slf4j-bom/2.0.9/slf4j-bom-2.0.9.pom.sha512
00:04.522 DEBUG :server:resolveDependenciesJvm DependencyFileImpl        Downloaded https://repo1.maven.org/maven2/io/netty/netty-common/4.2.2.Final/netty-common-4.2.2.Final.pom.sha512 for the dependency io.netty:netty-common:4.2.2.Final
00:04.545 DEBUG :server:resolveDependenciesJvm DependencyFileImpl        Not found URL: https://maven.google.com/org/eclipse/jetty/jetty-parent/21/jetty-parent-21.pom.sha512
00:04.550 DEBUG :server:resolveDependenciesJvm DependencyFileImpl        Downloaded https://repo1.maven.org/maven2/io/netty/netty-handler/4.2.2.Final/netty-handler-4.2.2.Final.pom.sha512 for the dependency io.netty:netty-handler:4.2.2.Final
00:04.557 DEBUG :database:resolveDependenciesJvm DependencyFileImpl        Not found URL: https://maven.pkg.jetbrains.space/public/p/compose/dev/org/slf4j/slf4j-bom/2.0.9/slf4j-bom-2.0.9.pom.sha512
00:04.560 DEBUG :server:resolveDependenciesJvm DependencyFileImpl        Downloaded https://repo1.maven.org/maven2/io/netty/netty-buffer/4.2.2.Final/netty-buffer-4.2.2.Final.pom.sha512 for the dependency io.netty:netty-buffer:4.2.2.Final
00:04.582 DEBUG :server:resolveDependenciesJvm DependencyFileImpl        Downloaded https://repo1.maven.org/maven2/io/netty/netty-common/4.2.2.Final/netty-common-4.2.2.Final.pom for the dependency io.netty:netty-common:4.2.2.Final
00:04.601 DEBUG :server:resolveDependenciesJvm DependencyFileImpl        Not found URL: https://maven.pkg.jetbrains.space/public/p/compose/dev/org/eclipse/jetty/jetty-parent/21/jetty-parent-21.pom.sha512
00:04.603 DEBUG :server:resolveDependenciesJvm DependencyFileImpl        Downloaded https://repo1.maven.org/maven2/io/netty/netty-handler/4.2.2.Final/netty-handler-4.2.2.Final.pom for the dependency io.netty:netty-handler:4.2.2.Final
00:04.620 DEBUG :server:resolveDependenciesJvm DependencyFileImpl        Not found URL: https://repo1.maven.org/maven2/io/pebbletemplates/pebble-project/3.2.4/pebble-project-3.2.4.pom.sha512
00:04.623 DEBUG :server:resolveDependenciesJvm DependencyFileImpl        Downloaded https://repo1.maven.org/maven2/io/netty/netty-buffer/4.2.2.Final/netty-buffer-4.2.2.Final.pom for the dependency io.netty:netty-buffer:4.2.2.Final
00:04.683 DEBUG :server:resolveDependenciesJvm DependencyFileImpl        Downloaded https://repo1.maven.org/maven2/io/netty/netty-codec-base/4.2.2.Final/netty-codec-base-4.2.2.Final.pom.sha512 for the dependency io.netty:netty-codec-base:4.2.2.Final
00:04.691 DEBUG :server:resolveDependenciesJvm DependencyFileImpl        Downloaded https://repo1.maven.org/maven2/io/netty/netty-transport-native-unix-common/4.2.2.Final/netty-transport-native-unix-common-4.2.2.Final.pom.sha512 for the dependency io.netty:netty-transport-native-unix-common:4.2.2.Final
00:04.699 DEBUG :server:resolveDependenciesJvm DependencyFileImpl        Downloaded https://repo1.maven.org/maven2/io/netty/netty-transport/4.2.2.Final/netty-transport-4.2.2.Final.pom.sha512 for the dependency io.netty:netty-transport:4.2.2.Final
00:04.708 DEBUG :server:resolveDependenciesJvm DependencyFileImpl        Not found URL: https://repo1.maven.org/maven2/net/mamoe/yamlkt/yamlkt/0.13.0/yamlkt-0.13.0.module.sha256
00:04.711 DEBUG :server:resolveDependenciesJvm DependencyFileImpl        Not found URL: https://maven.google.com/io/pebbletemplates/pebble-project/3.2.4/pebble-project-3.2.4.pom.sha512
00:04.712 DEBUG :server:resolveDependenciesJvm DependencyFileImpl        Downloaded https://repo1.maven.org/maven2/io/netty/netty-resolver/4.2.2.Final/netty-resolver-4.2.2.Final.pom.sha512 for the dependency io.netty:netty-resolver:4.2.2.Final
00:04.713 DEBUG :server:resolveDependenciesJvm DependencyFileImpl        Downloaded https://repo1.maven.org/maven2/io/netty/netty-codec-base/4.2.2.Final/netty-codec-base-4.2.2.Final.pom for the dependency io.netty:netty-codec-base:4.2.2.Final
00:04.719 DEBUG :server:resolveDependenciesJvm DependencyFileImpl        Downloaded https://repo1.maven.org/maven2/io/netty/netty-transport-classes-kqueue/4.2.2.Final/netty-transport-classes-kqueue-4.2.2.Final.pom.sha512 for the dependency io.netty:netty-transport-classes-kqueue:4.2.2.Final
00:04.722 DEBUG :server:resolveDependenciesJvm DependencyFileImpl        Downloaded https://repo1.maven.org/maven2/io/netty/netty-transport-native-unix-common/4.2.2.Final/netty-transport-native-unix-common-4.2.2.Final.pom for the dependency io.netty:netty-transport-native-unix-common:4.2.2.Final
00:04.730 DEBUG :server:resolveDependenciesJvm DependencyFileImpl        Downloaded https://repo1.maven.org/maven2/io/netty/netty-transport/4.2.2.Final/netty-transport-4.2.2.Final.pom for the dependency io.netty:netty-transport:4.2.2.Final
00:04.736 DEBUG :server:resolveDependenciesJvm DependencyFileImpl        Downloaded https://repo1.maven.org/maven2/io/netty/netty-resolver/4.2.2.Final/netty-resolver-4.2.2.Final.pom for the dependency io.netty:netty-resolver:4.2.2.Final
00:04.736 DEBUG :server:resolveDependenciesJvm DependencyFileImpl        Downloaded https://repo1.maven.org/maven2/io/netty/netty-codec-http/4.2.2.Final/netty-codec-http-4.2.2.Final.pom.sha512 for the dependency io.netty:netty-codec-http:4.2.2.Final
00:04.739 DEBUG :server:resolveDependenciesJvm DependencyFileImpl        Downloaded https://repo1.maven.org/maven2/io/netty/netty-transport-classes-epoll/4.2.2.Final/netty-transport-classes-epoll-4.2.2.Final.pom.sha512 for the dependency io.netty:netty-transport-classes-epoll:4.2.2.Final
00:04.742 DEBUG :server:resolveDependenciesJvm DependencyFileImpl        Downloaded https://repo1.maven.org/maven2/io/netty/netty-transport-classes-kqueue/4.2.2.Final/netty-transport-classes-kqueue-4.2.2.Final.pom for the dependency io.netty:netty-transport-classes-kqueue:4.2.2.Final
00:04.748 DEBUG :server:resolveDependenciesJvm DependencyFileImpl        Not found URL: https://maven.pkg.jetbrains.space/public/p/compose/dev/io/pebbletemplates/pebble-project/3.2.4/pebble-project-3.2.4.pom.sha512
00:04.763 DEBUG :server:resolveDependenciesJvm DependencyFileImpl        Downloaded https://repo1.maven.org/maven2/io/netty/netty-codec-http/4.2.2.Final/netty-codec-http-4.2.2.Final.pom for the dependency io.netty:netty-codec-http:4.2.2.Final
00:04.766 DEBUG :server:resolveDependenciesJvm DependencyFileImpl        Downloaded https://repo1.maven.org/maven2/io/netty/netty-transport-classes-epoll/4.2.2.Final/netty-transport-classes-epoll-4.2.2.Final.pom for the dependency io.netty:netty-transport-classes-epoll:4.2.2.Final
00:04.793 DEBUG :server:resolveDependenciesJvm DependencyFileImpl        Not found URL: https://maven.google.com/net/mamoe/yamlkt/yamlkt/0.13.0/yamlkt-0.13.0.module.sha256
00:04.811 DEBUG :server:resolveDependenciesJvm DependencyFileImpl        Downloaded https://repo1.maven.org/maven2/io/netty/netty-codec-compression/4.2.2.Final/netty-codec-compression-4.2.2.Final.pom.sha512 for the dependency io.netty:netty-codec-compression:4.2.2.Final
00:04.830 DEBUG :server:resolveDependenciesJvm DependencyFileImpl        Not found URL: https://maven.pkg.jetbrains.space/public/p/compose/dev/net/mamoe/yamlkt/yamlkt/0.13.0/yamlkt-0.13.0.module.sha256
00:04.838 DEBUG :server:resolveDependenciesJvm DependencyFileImpl        Downloaded https://repo1.maven.org/maven2/io/netty/netty-codec-compression/4.2.2.Final/netty-codec-compression-4.2.2.Final.pom for the dependency io.netty:netty-codec-compression:4.2.2.Final
00:04.857 DEBUG :server:resolveDependenciesJvm DependencyFileImpl        Downloaded https://repo1.maven.org/maven2/net/mamoe/yamlkt/yamlkt/0.13.0/yamlkt-0.13.0.module.sha1 for the dependency net.mamoe.yamlkt:yamlkt:0.13.0
00:04.861 DEBUG :server:resolveDependenciesJvm DependencyFileImpl        Not found URL: https://repo1.maven.org/maven2/org/eclipse/jetty/jetty-parent/21/jetty-parent-21.pom.sha256
00:04.872 DEBUG :database:resolveDependenciesJvm DependencyFileImpl        Not found URL: https://repo1.maven.org/maven2/org/slf4j/slf4j-bom/2.0.9/slf4j-bom-2.0.9.pom.sha256
00:04.886 DEBUG :server:resolveDependenciesJvm DependencyFileImpl        Downloaded https://repo1.maven.org/maven2/net/mamoe/yamlkt/yamlkt/0.13.0/yamlkt-0.13.0.module for the dependency net.mamoe.yamlkt:yamlkt:0.13.0
00:04.936 DEBUG :server:resolveDependenciesJvm DependencyFileImpl        Not found URL: https://maven.google.com/org/eclipse/jetty/jetty-parent/21/jetty-parent-21.pom.sha256
00:04.970 DEBUG :server:resolveDependenciesJvm DependencyFileImpl        Not found URL: https://repo1.maven.org/maven2/io/pebbletemplates/pebble-project/3.2.4/pebble-project-3.2.4.pom.sha256
00:04.971 DEBUG :server:resolveDependenciesJvm DependencyFileImpl        Not found URL: https://maven.pkg.jetbrains.space/public/p/compose/dev/org/eclipse/jetty/jetty-parent/21/jetty-parent-21.pom.sha256
00:04.977 DEBUG :database:resolveDependenciesJvm DependencyFileImpl        Not found URL: https://maven.google.com/org/slf4j/slf4j-bom/2.0.9/slf4j-bom-2.0.9.pom.sha256
00:04.994 DEBUG :server:resolveDependenciesJvm DependencyFileImpl        Downloaded https://repo1.maven.org/maven2/org/eclipse/jetty/jetty-parent/21/jetty-parent-21.pom.sha1 for the dependency org.eclipse.jetty:jetty-parent:21
00:05.014 DEBUG :database:resolveDependenciesJvm DependencyFileImpl        Not found URL: https://maven.pkg.jetbrains.space/public/p/compose/dev/org/slf4j/slf4j-bom/2.0.9/slf4j-bom-2.0.9.pom.sha256
00:05.023 DEBUG :server:resolveDependenciesJvm DependencyFileImpl        Downloaded https://repo1.maven.org/maven2/org/eclipse/jetty/jetty-parent/21/jetty-parent-21.pom for the dependency org.eclipse.jetty:jetty-parent:21
00:05.043 DEBUG :database:resolveDependenciesJvm DependencyFileImpl        Downloaded https://repo1.maven.org/maven2/org/slf4j/slf4j-bom/2.0.9/slf4j-bom-2.0.9.pom.sha1 for the dependency org.slf4j:slf4j-bom:2.0.9
00:05.055 DEBUG :server:resolveDependenciesJvm DependencyFileImpl        Not found URL: https://maven.google.com/io/pebbletemplates/pebble-project/3.2.4/pebble-project-3.2.4.pom.sha256
00:05.067 DEBUG :database:resolveDependenciesJvm DependencyFileImpl        Downloaded https://repo1.maven.org/maven2/org/slf4j/slf4j-bom/2.0.9/slf4j-bom-2.0.9.pom for the dependency org.slf4j:slf4j-bom:2.0.9
00:05.092 DEBUG :server:resolveDependenciesJvm DependencyFileImpl        Not found URL: https://maven.pkg.jetbrains.space/public/p/compose/dev/io/pebbletemplates/pebble-project/3.2.4/pebble-project-3.2.4.pom.sha256
00:05.104 DEBUG :database:resolveDependenciesJvm DependencyFileImpl        Not found URL: https://repo1.maven.org/maven2/org/jetbrains/kotlin/kotlin-stdlib/2.2.21/kotlin-stdlib-2.2.21.pom.sha512
00:05.114 DEBUG :server:resolveDependenciesJvm DependencyFileImpl        Not found URL: https://repo1.maven.org/maven2/net/mamoe/yamlkt/yamlkt-jvm/0.13.0/yamlkt-jvm-0.13.0.pom.sha512
00:05.118 DEBUG :server:resolveDependenciesJvm DependencyFileImpl        Downloaded https://repo1.maven.org/maven2/io/pebbletemplates/pebble-project/3.2.4/pebble-project-3.2.4.pom.sha1 for the dependency io.pebbletemplates:pebble-project:3.2.4
00:05.147 DEBUG :server:resolveDependenciesJvm DependencyFileImpl        Downloaded https://repo1.maven.org/maven2/io/pebbletemplates/pebble-project/3.2.4/pebble-project-3.2.4.pom for the dependency io.pebbletemplates:pebble-project:3.2.4
00:05.174 DEBUG :database:resolveDependenciesJvm DependencyFileImpl        Not found URL: https://maven.google.com/org/jetbrains/kotlin/kotlin-stdlib/2.2.21/kotlin-stdlib-2.2.21.pom.sha512
00:05.203 DEBUG :server:resolveDependenciesJvm DependencyFileImpl        Not found URL: https://maven.google.com/net/mamoe/yamlkt/yamlkt-jvm/0.13.0/yamlkt-jvm-0.13.0.pom.sha512
00:05.204 DEBUG :database:resolveDependenciesJvm DependencyFileImpl        Not found URL: https://maven.pkg.jetbrains.space/public/p/compose/dev/org/jetbrains/kotlin/kotlin-stdlib/2.2.21/kotlin-stdlib-2.2.21.pom.sha512
00:05.227 DEBUG :database:resolveDependenciesJvm DependencyFileImpl        Not found URL: https://repo1.maven.org/maven2/org/jetbrains/kotlin/kotlin-stdlib/2.2.21/kotlin-stdlib-2.2.21.pom.sha256
00:05.240 DEBUG :server:resolveDependenciesJvm DependencyFileImpl        Not found URL: https://maven.pkg.jetbrains.space/public/p/compose/dev/net/mamoe/yamlkt/yamlkt-jvm/0.13.0/yamlkt-jvm-0.13.0.pom.sha512
00:05.306 DEBUG :database:resolveDependenciesJvm DependencyFileImpl        Not found URL: https://maven.google.com/org/jetbrains/kotlin/kotlin-stdlib/2.2.21/kotlin-stdlib-2.2.21.pom.sha256
00:05.342 DEBUG :database:resolveDependenciesJvm DependencyFileImpl        Not found URL: https://maven.pkg.jetbrains.space/public/p/compose/dev/org/jetbrains/kotlin/kotlin-stdlib/2.2.21/kotlin-stdlib-2.2.21.pom.sha256
00:05.369 DEBUG :database:resolveDependenciesJvm DependencyFileImpl        Downloaded https://repo1.maven.org/maven2/org/jetbrains/kotlin/kotlin-stdlib/2.2.21/kotlin-stdlib-2.2.21.pom.sha1 for the dependency org.jetbrains.kotlin:kotlin-stdlib:2.2.21
00:05.405 DEBUG :database:resolveDependenciesJvm DependencyFileImpl        Downloaded https://repo1.maven.org/maven2/org/jetbrains/kotlin/kotlin-stdlib/2.2.21/kotlin-stdlib-2.2.21.pom for the dependency org.jetbrains.kotlin:kotlin-stdlib:2.2.21
00:05.451 DEBUG :server:resolveDependenciesJvm DependencyFileImpl        Not found URL: https://repo1.maven.org/maven2/org/unbescape/unbescape/1.1.6.RELEASE/unbescape-1.1.6.RELEASE.pom.sha512
00:05.451 DEBUG :database:resolveDependenciesJvm DependencyFileImpl        Not found URL: https://repo1.maven.org/maven2/org/jetbrains/kotlin/kotlin-stdlib/2.2.21/kotlin-stdlib-2.2.21.module.sha512
00:05.492 DEBUG :server:resolveDependenciesJvm DependencyFileImpl        Not found URL: https://repo1.maven.org/maven2/net/mamoe/yamlkt/yamlkt-jvm/0.13.0/yamlkt-jvm-0.13.0.pom.sha256
00:05.532 DEBUG :database:resolveDependenciesJvm DependencyFileImpl        Not found URL: https://maven.google.com/org/jetbrains/kotlin/kotlin-stdlib/2.2.21/kotlin-stdlib-2.2.21.module.sha512
00:05.555 DEBUG :server:resolveDependenciesJvm DependencyFileImpl        Not found URL: https://maven.google.com/org/unbescape/unbescape/1.1.6.RELEASE/unbescape-1.1.6.RELEASE.pom.sha512
00:05.560 DEBUG :server:resolveDependenciesJvm DependencyFileImpl        Not found URL: https://maven.google.com/net/mamoe/yamlkt/yamlkt-jvm/0.13.0/yamlkt-jvm-0.13.0.pom.sha256
00:05.566 DEBUG :database:resolveDependenciesJvm DependencyFileImpl        Not found URL: https://maven.pkg.jetbrains.space/public/p/compose/dev/org/jetbrains/kotlin/kotlin-stdlib/2.2.21/kotlin-stdlib-2.2.21.module.sha512
00:05.589 DEBUG :database:resolveDependenciesJvm DependencyFileImpl        Not found URL: https://repo1.maven.org/maven2/org/jetbrains/kotlin/kotlin-stdlib/2.2.21/kotlin-stdlib-2.2.21.module.sha256
00:05.590 DEBUG :server:resolveDependenciesJvm DependencyFileImpl        Not found URL: https://maven.pkg.jetbrains.space/public/p/compose/dev/org/unbescape/unbescape/1.1.6.RELEASE/unbescape-1.1.6.RELEASE.pom.sha512
00:05.597 DEBUG :server:resolveDependenciesJvm DependencyFileImpl        Not found URL: https://maven.pkg.jetbrains.space/public/p/compose/dev/net/mamoe/yamlkt/yamlkt-jvm/0.13.0/yamlkt-jvm-0.13.0.pom.sha256
00:05.619 DEBUG :server:resolveDependenciesJvm DependencyFileImpl        Downloaded https://repo1.maven.org/maven2/net/mamoe/yamlkt/yamlkt-jvm/0.13.0/yamlkt-jvm-0.13.0.pom.sha1 for the dependency net.mamoe.yamlkt:yamlkt-jvm:0.13.0
00:05.644 DEBUG :server:resolveDependenciesJvm DependencyFileImpl        Downloaded https://repo1.maven.org/maven2/net/mamoe/yamlkt/yamlkt-jvm/0.13.0/yamlkt-jvm-0.13.0.pom for the dependency net.mamoe.yamlkt:yamlkt-jvm:0.13.0
00:05.679 DEBUG :database:resolveDependenciesJvm DependencyFileImpl        Not found URL: https://maven.google.com/org/jetbrains/kotlin/kotlin-stdlib/2.2.21/kotlin-stdlib-2.2.21.module.sha256
00:05.729 DEBUG :database:resolveDependenciesJvm DependencyFileImpl        Not found URL: https://maven.pkg.jetbrains.space/public/p/compose/dev/org/jetbrains/kotlin/kotlin-stdlib/2.2.21/kotlin-stdlib-2.2.21.module.sha256
00:05.752 DEBUG :database:resolveDependenciesJvm DependencyFileImpl        Downloaded https://repo1.maven.org/maven2/org/jetbrains/kotlin/kotlin-stdlib/2.2.21/kotlin-stdlib-2.2.21.module.sha1 for the dependency org.jetbrains.kotlin:kotlin-stdlib:2.2.21
00:05.777 DEBUG :database:resolveDependenciesJvm DependencyFileImpl        Downloaded https://repo1.maven.org/maven2/org/jetbrains/kotlin/kotlin-stdlib/2.2.21/kotlin-stdlib-2.2.21.module for the dependency org.jetbrains.kotlin:kotlin-stdlib:2.2.21
00:05.839 DEBUG :server:resolveDependenciesJvm DependencyFileImpl        Not found URL: https://repo1.maven.org/maven2/org/unbescape/unbescape/1.1.6.RELEASE/unbescape-1.1.6.RELEASE.pom.sha256
00:05.859 DEBUG :server:resolveDependenciesJvm DependencyFileImpl        Not found URL: https://repo1.maven.org/maven2/net/mamoe/yamlkt/yamlkt-jvm/0.13.0/yamlkt-jvm-0.13.0.module.sha512
00:05.870 DEBUG :database:resolveDependenciesJvm DependencyFileImpl        Downloaded https://repo1.maven.org/maven2/de/mkammerer/argon2-jvm-nolibs/2.11/argon2-jvm-nolibs-2.11.jar for the dependency de.mkammerer:argon2-jvm-nolibs:2.11
00:05.879 DEBUG :database:resolveDependenciesJvm DependencyFileImpl        Downloaded https://repo1.maven.org/maven2/org/jetbrains/exposed/exposed-dao/1.0.0-rc-4/exposed-dao-1.0.0-rc-4.jar for the dependency org.jetbrains.exposed:exposed-dao:1.0.0-rc-4
00:05.909 DEBUG :database:resolveDependenciesJvm DependencyFileImpl        Downloaded https://repo1.maven.org/maven2/org/jetbrains/exposed/exposed-jdbc/1.0.0-rc-4/exposed-jdbc-1.0.0-rc-4.jar for the dependency org.jetbrains.exposed:exposed-jdbc:1.0.0-rc-4
00:05.946 DEBUG :database:resolveDependenciesJvm DependencyFileImpl        Not found URL: https://repo1.maven.org/maven2/org/jetbrains/annotations/23.0.0/annotations-23.0.0.jar.sha512
00:05.952 DEBUG :database:resolveDependenciesJvm DependencyFileImpl        Downloaded https://repo1.maven.org/maven2/de/mkammerer/argon2-jvm/2.11/argon2-jvm-2.11.jar for the dependency de.mkammerer:argon2-jvm:2.11
00:05.965 DEBUG :database:resolveDependenciesJvm DependencyFileImpl        Downloaded https://repo1.maven.org/maven2/org/jetbrains/kotlinx/kotlinx-datetime-jvm/0.7.1-0.6.x-compat/kotlinx-datetime-jvm-0.7.1-0.6.x-compat.jar for the dependency org.jetbrains.kotlinx:kotlinx-datetime-jvm:0.7.1-0.6.x-compat
00:05.976 DEBUG :database:resolveDependenciesJvm DependencyFileImpl        Downloaded https://repo1.maven.org/maven2/org/jetbrains/exposed/exposed-core/1.0.0-rc-4/exposed-core-1.0.0-rc-4.jar for the dependency org.jetbrains.exposed:exposed-core:1.0.0-rc-4
00:06.020 DEBUG :server:resolveDependenciesJvm DependencyFileImpl        Not found URL: https://maven.google.com/org/unbescape/unbescape/1.1.6.RELEASE/unbescape-1.1.6.RELEASE.pom.sha256
00:06.045 DEBUG :database:resolveDependenciesJvm DependencyFileImpl        Not found URL: https://repo1.maven.org/maven2/net/java/dev/jna/jna/5.8.0/jna-5.8.0.jar.sha512
00:06.051 DEBUG :database:resolveDependenciesJvm DependencyFileImpl        Downloaded https://repo1.maven.org/maven2/org/jetbrains/kotlinx/kotlinx-coroutines-core-jvm/1.10.2/kotlinx-coroutines-core-jvm-1.10.2.jar for the dependency org.jetbrains.kotlinx:kotlinx-coroutines-core-jvm:1.10.2
00:06.054 DEBUG :server:resolveDependenciesJvm DependencyFileImpl        Not found URL: https://maven.google.com/net/mamoe/yamlkt/yamlkt-jvm/0.13.0/yamlkt-jvm-0.13.0.module.sha512
00:06.055 DEBUG :database:resolveDependenciesJvm DependencyFileImpl        Downloaded https://repo1.maven.org/maven2/org/jetbrains/kotlin/kotlin-stdlib/2.2.21/kotlin-stdlib-2.2.21.jar for the dependency org.jetbrains.kotlin:kotlin-stdlib:2.2.21
00:06.058 DEBUG :server:resolveDependenciesJvm DependencyFileImpl        Not found URL: https://maven.pkg.jetbrains.space/public/p/compose/dev/org/unbescape/unbescape/1.1.6.RELEASE/unbescape-1.1.6.RELEASE.pom.sha256
00:06.103 DEBUG :database:resolveDependenciesJvm DependencyFileImpl        Not found URL: https://maven.google.com/org/jetbrains/annotations/23.0.0/annotations-23.0.0.jar.sha512
00:06.107 DEBUG :server:resolveDependenciesJvm DependencyFileImpl        Downloaded https://repo1.maven.org/maven2/org/unbescape/unbescape/1.1.6.RELEASE/unbescape-1.1.6.RELEASE.pom.sha1 for the dependency org.unbescape:unbescape:1.1.6.RELEASE
00:06.110 DEBUG :server:resolveDependenciesJvm DependencyFileImpl        Not found URL: https://maven.pkg.jetbrains.space/public/p/compose/dev/net/mamoe/yamlkt/yamlkt-jvm/0.13.0/yamlkt-jvm-0.13.0.module.sha512
00:06.111 DEBUG :database:resolveDependenciesJvm DependencyFileImpl        Not found URL: https://repo1.maven.org/maven2/org/slf4j/slf4j-api/2.0.9/slf4j-api-2.0.9.jar.sha512
00:06.111 DEBUG :database:resolveDependenciesJvm DependencyFileImpl        Downloaded https://repo1.maven.org/maven2/org/jetbrains/kotlin/kotlin-stdlib/2.2.21/kotlin-stdlib-2.2.21-sources.jar for the dependency org.jetbrains.kotlin:kotlin-stdlib:2.2.21
00:06.111 DEBUG :database:resolveDependenciesJvm DependencyFileImpl        Not found URL: https://repo1.maven.org/maven2/org/jetbrains/kotlin/kotlin-reflect/2.1.0/kotlin-reflect-2.1.0.jar.sha512
00:06.121 DEBUG :database:resolveDependenciesJvm DependencyFileImpl        Not found URL: https://maven.google.com/net/java/dev/jna/jna/5.8.0/jna-5.8.0.jar.sha512
00:06.130 DEBUG :server:resolveDependenciesJvm DependencyFileImpl        Downloaded https://repo1.maven.org/maven2/org/unbescape/unbescape/1.1.6.RELEASE/unbescape-1.1.6.RELEASE.pom for the dependency org.unbescape:unbescape:1.1.6.RELEASE
00:06.137 DEBUG :database:resolveDependenciesJvm DependencyFileImpl        Not found URL: https://maven.pkg.jetbrains.space/public/p/compose/dev/org/jetbrains/annotations/23.0.0/annotations-23.0.0.jar.sha512
00:06.153 DEBUG :database:resolveDependenciesJvm DependencyFileImpl        Not found URL: https://maven.pkg.jetbrains.space/public/p/compose/dev/net/java/dev/jna/jna/5.8.0/jna-5.8.0.jar.sha512
00:06.178 DEBUG :database:resolveDependenciesJvm DependencyFileImpl        Not found URL: https://repo1.maven.org/maven2/org/jetbrains/annotations/23.0.0/annotations-23.0.0.jar.sha256
00:06.185 DEBUG :database:resolveDependenciesJvm DependencyFileImpl        Not found URL: https://maven.google.com/org/jetbrains/kotlin/kotlin-reflect/2.1.0/kotlin-reflect-2.1.0.jar.sha512
00:06.215 DEBUG :database:resolveDependenciesJvm DependencyFileImpl        Not found URL: https://maven.google.com/org/slf4j/slf4j-api/2.0.9/slf4j-api-2.0.9.jar.sha512
00:06.226 DEBUG :database:resolveDependenciesJvm DependencyFileImpl        Not found URL: https://maven.pkg.jetbrains.space/public/p/compose/dev/org/jetbrains/kotlin/kotlin-reflect/2.1.0/kotlin-reflect-2.1.0.jar.sha512
00:06.251 DEBUG :database:resolveDependenciesJvm DependencyFileImpl        Not found URL: https://maven.pkg.jetbrains.space/public/p/compose/dev/org/slf4j/slf4j-api/2.0.9/slf4j-api-2.0.9.jar.sha512
00:06.254 DEBUG :database:resolveDependenciesJvm DependencyFileImpl        Not found URL: https://maven.google.com/org/jetbrains/annotations/23.0.0/annotations-23.0.0.jar.sha256
00:06.292 DEBUG :database:resolveDependenciesJvm DependencyFileImpl        Not found URL: https://maven.pkg.jetbrains.space/public/p/compose/dev/org/jetbrains/annotations/23.0.0/annotations-23.0.0.jar.sha256
00:06.317 DEBUG :database:resolveDependenciesJvm DependencyFileImpl        Downloaded https://repo1.maven.org/maven2/org/jetbrains/annotations/23.0.0/annotations-23.0.0.jar.sha1 for the dependency org.jetbrains:annotations:23.0.0
00:06.336 DEBUG :server:resolveDependenciesJvm DependencyFileImpl        Not found URL: https://repo1.maven.org/maven2/net/mamoe/yamlkt/yamlkt-jvm/0.13.0/yamlkt-jvm-0.13.0.module.sha256
00:06.345 DEBUG :database:resolveDependenciesJvm DependencyFileImpl        Downloaded https://repo1.maven.org/maven2/org/jetbrains/annotations/23.0.0/annotations-23.0.0.jar for the dependency org.jetbrains:annotations:23.0.0
00:06.351 DEBUG :database:resolveDependenciesJvm DependencyFileImpl        Not found URL: https://repo1.maven.org/maven2/net/java/dev/jna/jna/5.8.0/jna-5.8.0.jar.sha256
00:06.399 DEBUG :server:resolveDependenciesJvm DependencyFileImpl        Not found URL: https://maven.google.com/net/mamoe/yamlkt/yamlkt-jvm/0.13.0/yamlkt-jvm-0.13.0.module.sha256
00:06.438 DEBUG :database:resolveDependenciesJvm DependencyFileImpl        Not found URL: https://maven.google.com/net/java/dev/jna/jna/5.8.0/jna-5.8.0.jar.sha256
00:06.439 DEBUG :server:resolveDependenciesJvm DependencyFileImpl        Not found URL: https://maven.pkg.jetbrains.space/public/p/compose/dev/net/mamoe/yamlkt/yamlkt-jvm/0.13.0/yamlkt-jvm-0.13.0.module.sha256
00:06.451 DEBUG :database:resolveDependenciesJvm DependencyFileImpl        Not found URL: https://repo1.maven.org/maven2/org/jetbrains/kotlin/kotlin-reflect/2.1.0/kotlin-reflect-2.1.0.jar.sha256
00:06.464 DEBUG :server:resolveDependenciesJvm DependencyFileImpl        Downloaded https://repo1.maven.org/maven2/net/mamoe/yamlkt/yamlkt-jvm/0.13.0/yamlkt-jvm-0.13.0.module.sha1 for the dependency net.mamoe.yamlkt:yamlkt-jvm:0.13.0
00:06.482 DEBUG :database:resolveDependenciesJvm DependencyFileImpl        Not found URL: https://maven.pkg.jetbrains.space/public/p/compose/dev/net/java/dev/jna/jna/5.8.0/jna-5.8.0.jar.sha256
00:06.502 DEBUG :server:resolveDependenciesJvm DependencyFileImpl        Downloaded https://repo1.maven.org/maven2/net/mamoe/yamlkt/yamlkt-jvm/0.13.0/yamlkt-jvm-0.13.0.module for the dependency net.mamoe.yamlkt:yamlkt-jvm:0.13.0
00:06.508 DEBUG :database:resolveDependenciesJvm DependencyFileImpl        Downloaded https://repo1.maven.org/maven2/net/java/dev/jna/jna/5.8.0/jna-5.8.0.jar.sha1 for the dependency net.java.dev.jna:jna:5.8.0
00:06.519 DEBUG :database:resolveDependenciesJvm DependencyFileImpl        Not found URL: https://repo1.maven.org/maven2/org/slf4j/slf4j-api/2.0.9/slf4j-api-2.0.9.jar.sha256
00:06.520 DEBUG :database:resolveDependenciesJvm DependencyFileImpl        Not found URL: https://maven.google.com/org/jetbrains/kotlin/kotlin-reflect/2.1.0/kotlin-reflect-2.1.0.jar.sha256
00:06.575 DEBUG :database:resolveDependenciesJvm DependencyFileImpl        Not found URL: https://maven.pkg.jetbrains.space/public/p/compose/dev/org/jetbrains/kotlin/kotlin-reflect/2.1.0/kotlin-reflect-2.1.0.jar.sha256
00:06.597 DEBUG :database:resolveDependenciesJvm DependencyFileImpl        Downloaded https://repo1.maven.org/maven2/net/java/dev/jna/jna/5.8.0/jna-5.8.0.jar for the dependency net.java.dev.jna:jna:5.8.0
00:06.607 DEBUG :database:resolveDependenciesJvm DependencyFileImpl        Downloaded https://repo1.maven.org/maven2/org/jetbrains/kotlin/kotlin-reflect/2.1.0/kotlin-reflect-2.1.0.jar.sha1 for the dependency org.jetbrains.kotlin:kotlin-reflect:2.1.0
00:06.619 DEBUG :database:resolveDependenciesJvm DependencyFileImpl        Not found URL: https://maven.google.com/org/slf4j/slf4j-api/2.0.9/slf4j-api-2.0.9.jar.sha256
00:06.675 DEBUG :database:resolveDependenciesJvm DependencyFileImpl        Not found URL: https://maven.pkg.jetbrains.space/public/p/compose/dev/org/slf4j/slf4j-api/2.0.9/slf4j-api-2.0.9.jar.sha256
00:06.745 DEBUG :database:resolveDependenciesJvm DependencyFileImpl        Downloaded https://repo1.maven.org/maven2/org/slf4j/slf4j-api/2.0.9/slf4j-api-2.0.9.jar.sha1 for the dependency org.slf4j:slf4j-api:2.0.9
00:06.745 DEBUG :database:resolveDependenciesJvm DependencyFileImpl        Downloaded https://repo1.maven.org/maven2/org/jetbrains/kotlin/kotlin-reflect/2.1.0/kotlin-reflect-2.1.0.jar for the dependency org.jetbrains.kotlin:kotlin-reflect:2.1.0
00:06.760 DEBUG :server:resolveDependenciesJvm DependencyFileImpl        Not found URL: https://repo1.maven.org/maven2/org/jetbrains/kotlin/kotlin-stdlib-jdk8/1.8.0/kotlin-stdlib-jdk8-1.8.0.pom.sha512
00:06.769 DEBUG :database:resolveDependenciesJvm DependencyFileImpl        Downloaded https://repo1.maven.org/maven2/org/slf4j/slf4j-api/2.0.9/slf4j-api-2.0.9.jar for the dependency org.slf4j:slf4j-api:2.0.9
00:06.838 DEBUG :server:resolveDependenciesJvm DependencyFileImpl        Not found URL: https://maven.google.com/org/jetbrains/kotlin/kotlin-stdlib-jdk8/1.8.0/kotlin-stdlib-jdk8-1.8.0.pom.sha512
00:06.876 DEBUG :server:resolveDependenciesJvm DependencyFileImpl        Not found URL: https://maven.pkg.jetbrains.space/public/p/compose/dev/org/jetbrains/kotlin/kotlin-stdlib-jdk8/1.8.0/kotlin-stdlib-jdk8-1.8.0.pom.sha512
00:06.885 DEBUG :database:resolveDependenciesJvm IncrementalCache          [inc] finished 'Module dependencies graph,C:\Users\19866\Desktop\2850\2850-Physical-Fitness-Webapp-frontend-backend-link\database,JVM,false,ResolutionConfigPlain(scope=COMPILE, platforms=[JVM], repositories=[https://repo1.maven.org/maven2]),false,true,NETWORK' in 5.130799500s
00:06.908 DEBUG :database:resolveDependenciesJvm IncrementalCache          [inc] 'Module dependencies graph,C:\Users\19866\Desktop\2850\2850-Physical-Fitness-Webapp-frontend-backend-link\database,JVM,false,ResolutionConfigPlain(scope=COMPILE, platforms=[JVM], repositories=[https://repo1.maven.org/maven2]),false,true,NETWORK' changes: 'C:\Users\19866\AppData\Local\JetBrains\Amper\.m2.cache\org\jetbrains\exposed\exposed-core\1.0.0-rc-4\exposed-core-1.0.0-rc-4.jar' CREATED, 'C:\Users\19866\AppData\Local\JetBrains\Amper\.m2.cache\org\jetbrains\exposed\exposed-dao\1.0.0-rc-4\exposed-dao-1.0.0-rc-4.jar' CREATED, 'C:\Users\19866\AppData\Local\JetBrains\Amper\.m2.cache\org\jetbrains\exposed\exposed-jdbc\1.0.0-rc-4\exposed-jdbc-1.0.0-rc-4.jar' CREATED, 'C:\Users\19866\AppData\Local\JetBrains\Amper\.m2.cache\de\mkammerer\argon2-jvm\2.11\argon2-jvm-2.11.jar' CREATED, 'C:\Users\19866\AppData\Local\JetBrains\Amper\.m2.cache\org\jetbrains\kotlin\kotlin-stdlib\2.2.21\kotlin-stdlib-2.2.21.jar' CREATED, 'C:\Users\19866\AppData\Local\JetBrains\Amper\.m2.cache\org\jetbrains\kotlin\kotlin-reflect\2.1.0\kotlin-reflect-2.1.0.jar' CREATED, 'C:\Users\19866\AppData\Local\JetBrains\Amper\.m2.cache\org\jetbrains\kotlinx\kotlinx-datetime-jvm\0.7.1-0.6.x-compat\kotlinx-datetime-jvm-0.7.1-0.6.x-compat.jar' CREATED, 'C:\Users\19866\AppData\Local\JetBrains\Amper\.m2.cache\org\slf4j\slf4j-api\2.0.9\slf4j-api-2.0.9.jar' CREATED, 'C:\Users\19866\AppData\Local\JetBrains\Amper\.m2.cache\de\mkammerer\argon2-jvm-nolibs\2.11\argon2-jvm-nolibs-2.11.jar' CREATED, 'C:\Users\19866\AppData\Local\JetBrains\Amper\.m2.cache\org\jetbrains\annotations\23.0.0\annotations-23.0.0.jar' CREATED, 'C:\Users\19866\AppData\Local\JetBrains\Amper\.m2.cache\org\jetbrains\kotlinx\kotlinx-coroutines-core-jvm\1.10.2\kotlinx-coroutines-core-jvm-1.10.2.jar' CREATED, 'C:\Users\19866\AppData\Local\JetBrains\Amper\.m2.cache\net\java\dev\jna\jna\5.8.0\jna-5.8.0.jar' CREATED
00:06.913 DEBUG :database:resolveDependenciesJvm IncrementalCache          [inc] finished ':database:resolveDependenciesJvm' in 5.167255300s
00:06.917 DEBUG :database:resolveDependenciesJvm IncrementalCache          [inc] ':database:resolveDependenciesJvm' changes: 'C:\Users\19866\AppData\Local\JetBrains\Amper\.m2.cache\de\mkammerer\argon2-jvm-nolibs\2.11\argon2-jvm-nolibs-2.11.jar' CREATED, 'C:\Users\19866\AppData\Local\JetBrains\Amper\.m2.cache\de\mkammerer\argon2-jvm\2.11\argon2-jvm-2.11.jar' CREATED, 'C:\Users\19866\AppData\Local\JetBrains\Amper\.m2.cache\net\java\dev\jna\jna\5.8.0\jna-5.8.0.jar' CREATED, 'C:\Users\19866\AppData\Local\JetBrains\Amper\.m2.cache\org\jetbrains\annotations\23.0.0\annotations-23.0.0.jar' CREATED, 'C:\Users\19866\AppData\Local\JetBrains\Amper\.m2.cache\org\jetbrains\exposed\exposed-core\1.0.0-rc-4\exposed-core-1.0.0-rc-4.jar' CREATED, 'C:\Users\19866\AppData\Local\JetBrains\Amper\.m2.cache\org\jetbrains\exposed\exposed-dao\1.0.0-rc-4\exposed-dao-1.0.0-rc-4.jar' CREATED, 'C:\Users\19866\AppData\Local\JetBrains\Amper\.m2.cache\org\jetbrains\exposed\exposed-jdbc\1.0.0-rc-4\exposed-jdbc-1.0.0-rc-4.jar' CREATED, 'C:\Users\19866\AppData\Local\JetBrains\Amper\.m2.cache\org\jetbrains\kotlinx\kotlinx-coroutines-core-jvm\1.10.2\kotlinx-coroutines-core-jvm-1.10.2.jar' CREATED, 'C:\Users\19866\AppData\Local\JetBrains\Amper\.m2.cache\org\jetbrains\kotlinx\kotlinx-datetime-jvm\0.7.1-0.6.x-compat\kotlinx-datetime-jvm-0.7.1-0.6.x-compat.jar' CREATED, 'C:\Users\19866\AppData\Local\JetBrains\Amper\.m2.cache\org\jetbrains\kotlin\kotlin-reflect\2.1.0\kotlin-reflect-2.1.0.jar' CREATED, 'C:\Users\19866\AppData\Local\JetBrains\Amper\.m2.cache\org\jetbrains\kotlin\kotlin-stdlib\2.2.21\kotlin-stdlib-2.2.21.jar' CREATED, 'C:\Users\19866\AppData\Local\JetBrains\Amper\.m2.cache\org\slf4j\slf4j-api\2.0.9\slf4j-api-2.0.9.jar' CREATED
00:06.919 DEBUG :database:resolveDependenciesJvm ResolveExternalDependenciesTask resolve dependencies database -- common jvm -- de.mkammerer:argon2-jvm:2.11 org.jetbrains.exposed:exposed-core:1.0.0-rc-4 org.jetbrains.exposed:exposed-dao:1.0.0-rc-4 org.jetbrains.exposed:exposed-jdbc:1.0.0-rc-4 org.jetbrains.kotlin:kotlin-stdlib:2.2.21 -- resolvePlatform=JVM nativeTarget=null
wasmTarget=null
https://repo1.maven.org/maven2 https://maven.google.com https://maven.pkg.jetbrains.space/public/p/compose/dev resolved to:
  .m2.cache\org\jetbrains\exposed\exposed-core\1.0.0-rc-4\exposed-core-1.0.0-rc-4.jar
  .m2.cache\org\jetbrains\exposed\exposed-dao\1.0.0-rc-4\exposed-dao-1.0.0-rc-4.jar
  .m2.cache\org\jetbrains\exposed\exposed-jdbc\1.0.0-rc-4\exposed-jdbc-1.0.0-rc-4.jar
  .m2.cache\de\mkammerer\argon2-jvm\2.11\argon2-jvm-2.11.jar
  .m2.cache\org\jetbrains\kotlin\kotlin-stdlib\2.2.21\kotlin-stdlib-2.2.21.jar
  .m2.cache\org\jetbrains\kotlin\kotlin-reflect\2.1.0\kotlin-reflect-2.1.0.jar
  .m2.cache\org\jetbrains\kotlinx\kotlinx-datetime-jvm\0.7.1-0.6.x-compat\kotlinx-datetime-jvm-0.7.1-0.6.x-compat.jar
  .m2.cache\org\slf4j\slf4j-api\2.0.9\slf4j-api-2.0.9.jar
  .m2.cache\de\mkammerer\argon2-jvm-nolibs\2.11\argon2-jvm-nolibs-2.11.jar
  .m2.cache\org\jetbrains\annotations\23.0.0\annotations-23.0.0.jar
  .m2.cache\org\jetbrains\kotlinx\kotlinx-coroutines-core-jvm\1.10.2\kotlinx-coroutines-core-jvm-1.10.2.jar
00:06.920 DEBUG :database:compileJvm      JvmCompileTask            compile database -- common jvm
00:06.972 INFO  :database:compileJvm      Downloader                Downloading https://corretto.aws/downloads/resources/21.0.1.12.1/amazon-corretto-21.0.1.12.1-windows-x64-jdk.zip to C:\Users\19866\AppData\Local\JetBrains\Amper\download.cache\5de2c13edf-amazon-corretto-21.0.1.12.1-windows-x64-jdk.zip
00:07.039 DEBUG :server:resolveDependenciesJvm DependencyFileImpl        Not found URL: https://repo1.maven.org/maven2/org/jetbrains/kotlin/kotlin-stdlib-jdk8/1.8.0/kotlin-stdlib-jdk8-1.8.0.pom.sha256
00:07.130 DEBUG :server:resolveDependenciesJvm DependencyFileImpl        Not found URL: https://maven.google.com/org/jetbrains/kotlin/kotlin-stdlib-jdk8/1.8.0/kotlin-stdlib-jdk8-1.8.0.pom.sha256
00:07.166 DEBUG :server:resolveDependenciesJvm DependencyFileImpl        Not found URL: https://maven.pkg.jetbrains.space/public/p/compose/dev/org/jetbrains/kotlin/kotlin-stdlib-jdk8/1.8.0/kotlin-stdlib-jdk8-1.8.0.pom.sha256
00:07.193 DEBUG :server:resolveDependenciesJvm DependencyFileImpl        Downloaded https://repo1.maven.org/maven2/org/jetbrains/kotlin/kotlin-stdlib-jdk8/1.8.0/kotlin-stdlib-jdk8-1.8.0.pom.sha1 for the dependency org.jetbrains.kotlin:kotlin-stdlib-jdk8:1.8.0
00:07.217 DEBUG :server:resolveDependenciesJvm DependencyFileImpl        Downloaded https://repo1.maven.org/maven2/org/jetbrains/kotlin/kotlin-stdlib-jdk8/1.8.0/kotlin-stdlib-jdk8-1.8.0.pom for the dependency org.jetbrains.kotlin:kotlin-stdlib-jdk8:1.8.0
00:07.453 DEBUG :server:resolveDependenciesJvm DependencyFileImpl        Not found URL: https://repo1.maven.org/maven2/org/jetbrains/kotlin/kotlin-stdlib-jdk7/1.8.0/kotlin-stdlib-jdk7-1.8.0.pom.sha512
00:07.558 DEBUG :server:resolveDependenciesJvm DependencyFileImpl        Not found URL: https://maven.google.com/org/jetbrains/kotlin/kotlin-stdlib-jdk7/1.8.0/kotlin-stdlib-jdk7-1.8.0.pom.sha512
00:07.597 DEBUG :server:resolveDependenciesJvm DependencyFileImpl        Not found URL: https://maven.pkg.jetbrains.space/public/p/compose/dev/org/jetbrains/kotlin/kotlin-stdlib-jdk7/1.8.0/kotlin-stdlib-jdk7-1.8.0.pom.sha512
00:07.766 DEBUG :server:resolveDependenciesJvm DependencyFileImpl        Not found URL: https://repo1.maven.org/maven2/org/jetbrains/kotlin/kotlin-stdlib-jdk7/1.8.0/kotlin-stdlib-jdk7-1.8.0.pom.sha256
00:07.857 DEBUG :server:resolveDependenciesJvm DependencyFileImpl        Not found URL: https://maven.google.com/org/jetbrains/kotlin/kotlin-stdlib-jdk7/1.8.0/kotlin-stdlib-jdk7-1.8.0.pom.sha256
00:07.899 DEBUG :server:resolveDependenciesJvm DependencyFileImpl        Not found URL: https://maven.pkg.jetbrains.space/public/p/compose/dev/org/jetbrains/kotlin/kotlin-stdlib-jdk7/1.8.0/kotlin-stdlib-jdk7-1.8.0.pom.sha256
00:07.922 DEBUG :server:resolveDependenciesJvm DependencyFileImpl        Downloaded https://repo1.maven.org/maven2/org/jetbrains/kotlin/kotlin-stdlib-jdk7/1.8.0/kotlin-stdlib-jdk7-1.8.0.pom.sha1 for the dependency org.jetbrains.kotlin:kotlin-stdlib-jdk7:1.8.0
00:07.947 DEBUG :server:resolveDependenciesJvm DependencyFileImpl        Downloaded https://repo1.maven.org/maven2/org/jetbrains/kotlin/kotlin-stdlib-jdk7/1.8.0/kotlin-stdlib-jdk7-1.8.0.pom for the dependency org.jetbrains.kotlin:kotlin-stdlib-jdk7:1.8.0
00:07.975 DEBUG :server:resolveDependenciesJvm DependencyFileImpl        Downloaded https://repo1.maven.org/maven2/com/squareup/okio/okio-jvm/3.11.0/okio-jvm-3.11.0.module for the dependency com.squareup.okio:okio-jvm:3.11.0
00:07.999 DEBUG :server:resolveDependenciesJvm DependencyFileImpl        Not found URL: https://repo1.maven.org/maven2/org/slf4j/slf4j-api/2.0.17/slf4j-api-2.0.17.pom.sha512
00:08.088 DEBUG :server:resolveDependenciesJvm DependencyFileImpl        Not found URL: https://maven.google.com/org/slf4j/slf4j-api/2.0.17/slf4j-api-2.0.17.pom.sha512
00:08.120 DEBUG :server:resolveDependenciesJvm DependencyFileImpl        Not found URL: https://maven.pkg.jetbrains.space/public/p/compose/dev/org/slf4j/slf4j-api/2.0.17/slf4j-api-2.0.17.pom.sha512
00:08.164 DEBUG :server:resolveDependenciesJvm DependencyFileImpl        Not found URL: https://repo1.maven.org/maven2/org/slf4j/slf4j-api/2.0.17/slf4j-api-2.0.17.pom.sha256
00:08.165 DEBUG :server:resolveDependenciesJvm DependencyFileImpl        Not found URL: https://repo1.maven.org/maven2/org/jetbrains/kotlin/kotlin-reflect/2.1.21/kotlin-reflect-2.1.21.pom.sha512
00:08.223 DEBUG :server:resolveDependenciesJvm DependencyFileImpl        Not found URL: https://maven.google.com/org/slf4j/slf4j-api/2.0.17/slf4j-api-2.0.17.pom.sha256
00:08.253 DEBUG :server:resolveDependenciesJvm DependencyFileImpl        Not found URL: https://maven.google.com/org/jetbrains/kotlin/kotlin-reflect/2.1.21/kotlin-reflect-2.1.21.pom.sha512
00:08.258 DEBUG :server:resolveDependenciesJvm DependencyFileImpl        Not found URL: https://maven.pkg.jetbrains.space/public/p/compose/dev/org/slf4j/slf4j-api/2.0.17/slf4j-api-2.0.17.pom.sha256
00:08.279 DEBUG :server:resolveDependenciesJvm DependencyFileImpl        Downloaded https://repo1.maven.org/maven2/org/slf4j/slf4j-api/2.0.17/slf4j-api-2.0.17.pom.sha1 for the dependency org.slf4j:slf4j-api:2.0.17
00:08.288 DEBUG :server:resolveDependenciesJvm DependencyFileImpl        Not found URL: https://maven.pkg.jetbrains.space/public/p/compose/dev/org/jetbrains/kotlin/kotlin-reflect/2.1.21/kotlin-reflect-2.1.21.pom.sha512
00:08.306 DEBUG :server:resolveDependenciesJvm DependencyFileImpl        Downloaded https://repo1.maven.org/maven2/org/slf4j/slf4j-api/2.0.17/slf4j-api-2.0.17.pom for the dependency org.slf4j:slf4j-api:2.0.17
00:08.332 DEBUG :server:resolveDependenciesJvm DependencyFileImpl        Not found URL: https://repo1.maven.org/maven2/org/jetbrains/kotlin/kotlin-reflect/2.1.21/kotlin-reflect-2.1.21.pom.sha256
00:08.347 DEBUG :server:resolveDependenciesJvm DependencyFileImpl        Not found URL: https://repo1.maven.org/maven2/org/slf4j/slf4j-parent/2.0.17/slf4j-parent-2.0.17.pom.sha512
00:08.436 DEBUG :server:resolveDependenciesJvm DependencyFileImpl        Not found URL: https://maven.google.com/org/jetbrains/kotlin/kotlin-reflect/2.1.21/kotlin-reflect-2.1.21.pom.sha256
00:08.464 DEBUG :server:resolveDependenciesJvm DependencyFileImpl        Not found URL: https://maven.google.com/org/slf4j/slf4j-parent/2.0.17/slf4j-parent-2.0.17.pom.sha512
00:08.472 DEBUG :server:resolveDependenciesJvm DependencyFileImpl        Not found URL: https://maven.pkg.jetbrains.space/public/p/compose/dev/org/jetbrains/kotlin/kotlin-reflect/2.1.21/kotlin-reflect-2.1.21.pom.sha256
00:08.497 DEBUG :server:resolveDependenciesJvm DependencyFileImpl        Downloaded https://repo1.maven.org/maven2/org/jetbrains/kotlin/kotlin-reflect/2.1.21/kotlin-reflect-2.1.21.pom.sha1 for the dependency org.jetbrains.kotlin:kotlin-reflect:2.1.21
00:08.504 DEBUG :server:resolveDependenciesJvm DependencyFileImpl        Not found URL: https://maven.pkg.jetbrains.space/public/p/compose/dev/org/slf4j/slf4j-parent/2.0.17/slf4j-parent-2.0.17.pom.sha512
00:08.525 DEBUG :server:resolveDependenciesJvm DependencyFileImpl        Downloaded https://repo1.maven.org/maven2/org/jetbrains/kotlin/kotlin-reflect/2.1.21/kotlin-reflect-2.1.21.pom for the dependency org.jetbrains.kotlin:kotlin-reflect:2.1.21
00:08.558 DEBUG :server:resolveDependenciesJvm DependencyFileImpl        Not found URL: https://repo1.maven.org/maven2/org/slf4j/slf4j-parent/2.0.17/slf4j-parent-2.0.17.pom.sha256
00:08.640 DEBUG :server:resolveDependenciesJvm DependencyFileImpl        Not found URL: https://maven.google.com/org/slf4j/slf4j-parent/2.0.17/slf4j-parent-2.0.17.pom.sha256
00:08.681 DEBUG :server:resolveDependenciesJvm DependencyFileImpl        Not found URL: https://maven.pkg.jetbrains.space/public/p/compose/dev/org/slf4j/slf4j-parent/2.0.17/slf4j-parent-2.0.17.pom.sha256
00:08.722 DEBUG :server:resolveDependenciesJvm DependencyFileImpl        Downloaded https://repo1.maven.org/maven2/org/slf4j/slf4j-parent/2.0.17/slf4j-parent-2.0.17.pom.sha1 for the dependency org.slf4j:slf4j-parent:2.0.17
00:08.763 DEBUG :server:resolveDependenciesJvm DependencyFileImpl        Downloaded https://repo1.maven.org/maven2/org/slf4j/slf4j-parent/2.0.17/slf4j-parent-2.0.17.pom for the dependency org.slf4j:slf4j-parent:2.0.17
00:08.840 DEBUG :server:resolveDependenciesJvm DependencyFileImpl        Not found URL: https://repo1.maven.org/maven2/org/slf4j/slf4j-bom/2.0.17/slf4j-bom-2.0.17.pom.sha512
00:08.901 DEBUG :server:resolveDependenciesJvm DependencyFileImpl        Not found URL: https://maven.google.com/org/slf4j/slf4j-bom/2.0.17/slf4j-bom-2.0.17.pom.sha512
00:08.944 DEBUG :server:resolveDependenciesJvm DependencyFileImpl        Not found URL: https://maven.pkg.jetbrains.space/public/p/compose/dev/org/slf4j/slf4j-bom/2.0.17/slf4j-bom-2.0.17.pom.sha512
00:08.988 DEBUG :server:resolveDependenciesJvm DependencyFileImpl        Not found URL: https://repo1.maven.org/maven2/org/slf4j/slf4j-bom/2.0.17/slf4j-bom-2.0.17.pom.sha256
00:09.084 DEBUG :server:resolveDependenciesJvm DependencyFileImpl        Not found URL: https://maven.google.com/org/slf4j/slf4j-bom/2.0.17/slf4j-bom-2.0.17.pom.sha256
00:09.127 DEBUG :server:resolveDependenciesJvm DependencyFileImpl        Not found URL: https://maven.pkg.jetbrains.space/public/p/compose/dev/org/slf4j/slf4j-bom/2.0.17/slf4j-bom-2.0.17.pom.sha256
00:09.172 DEBUG :server:resolveDependenciesJvm DependencyFileImpl        Downloaded https://repo1.maven.org/maven2/org/slf4j/slf4j-bom/2.0.17/slf4j-bom-2.0.17.pom.sha1 for the dependency org.slf4j:slf4j-bom:2.0.17
00:09.216 DEBUG :server:resolveDependenciesJvm DependencyFileImpl        Downloaded https://repo1.maven.org/maven2/org/slf4j/slf4j-bom/2.0.17/slf4j-bom-2.0.17.pom for the dependency org.slf4j:slf4j-bom:2.0.17
00:09.281 DEBUG :server:resolveDependenciesJvm DependencyFileImpl        Downloaded https://repo1.maven.org/maven2/io/ktor/ktor-serialization-jvm/3.2.3/ktor-serialization-jvm-3.2.3.jar for the dependency io.ktor:ktor-serialization-jvm:3.2.3
00:09.301 DEBUG :server:resolveDependenciesJvm DependencyFileImpl        Downloaded https://repo1.maven.org/maven2/io/ktor/ktor-utils-jvm/3.2.3/ktor-utils-jvm-3.2.3.jar for the dependency io.ktor:ktor-utils-jvm:3.2.3
00:09.302 DEBUG :server:resolveDependenciesJvm DependencyFileImpl        Downloaded https://repo1.maven.org/maven2/io/ktor/ktor-server-config-yaml-jvm/3.2.3/ktor-server-config-yaml-jvm-3.2.3.jar for the dependency io.ktor:ktor-server-config-yaml-jvm:3.2.3
00:09.316 DEBUG :server:resolveDependenciesJvm DependencyFileImpl        Downloaded https://repo1.maven.org/maven2/io/ktor/ktor-websockets-jvm/3.2.3/ktor-websockets-jvm-3.2.3.jar for the dependency io.ktor:ktor-websockets-jvm:3.2.3
00:09.320 DEBUG :server:resolveDependenciesJvm DependencyFileImpl        Downloaded https://repo1.maven.org/maven2/net/mamoe/yamlkt/yamlkt-jvm/0.13.0/yamlkt-jvm-0.13.0.jar for the dependency net.mamoe.yamlkt:yamlkt-jvm:0.13.0
00:09.383 DEBUG :server:resolveDependenciesJvm DependencyFileImpl        Downloaded https://repo1.maven.org/maven2/io/ktor/ktor-server-status-pages-jvm/3.2.3/ktor-server-status-pages-jvm-3.2.3.jar for the dependency io.ktor:ktor-server-status-pages-jvm:3.2.3
00:09.394 DEBUG :server:resolveDependenciesJvm DependencyFileImpl        Downloaded https://repo1.maven.org/maven2/io/ktor/ktor-http-jvm/3.2.3/ktor-http-jvm-3.2.3.jar for the dependency io.ktor:ktor-http-jvm:3.2.3
00:09.394 DEBUG :server:resolveDependenciesJvm DependencyFileImpl        Downloaded https://repo1.maven.org/maven2/io/ktor/ktor-network-jvm/3.2.3/ktor-network-jvm-3.2.3.jar for the dependency io.ktor:ktor-network-jvm:3.2.3
00:09.473 DEBUG :server:resolveDependenciesJvm DependencyFileImpl        Downloaded https://repo1.maven.org/maven2/org/jetbrains/kotlinx/kotlinx-io-bytestring-jvm/0.7.0/kotlinx-io-bytestring-jvm-0.7.0.jar for the dependency org.jetbrains.kotlinx:kotlinx-io-bytestring-jvm:0.7.0
00:09.506 DEBUG :server:resolveDependenciesJvm DependencyFileImpl        Downloaded https://repo1.maven.org/maven2/org/jetbrains/kotlinx/kotlinx-io-core-jvm/0.7.0/kotlinx-io-core-jvm-0.7.0.jar for the dependency org.jetbrains.kotlinx:kotlinx-io-core-jvm:0.7.0
00:09.517 DEBUG :server:resolveDependenciesJvm DependencyFileImpl        Downloaded https://repo1.maven.org/maven2/com/squareup/okio/okio-jvm/3.11.0/okio-jvm-3.11.0.jar for the dependency com.squareup.okio:okio-jvm:3.11.0
00:09.521 DEBUG :server:resolveDependenciesJvm DependencyFileImpl        Downloaded https://repo1.maven.org/maven2/net/thauvin/erik/urlencoder/urlencoder-lib-jvm/1.6.0/urlencoder-lib-jvm-1.6.0.jar for the dependency net.thauvin.erik.urlencoder:urlencoder-lib-jvm:1.6.0
00:09.521 DEBUG :server:resolveDependenciesJvm DependencyFileImpl        Downloaded https://repo1.maven.org/maven2/io/ktor/ktor-server-pebble-jvm/3.2.3/ktor-server-pebble-jvm-3.2.3.jar for the dependency io.ktor:ktor-server-pebble-jvm:3.2.3
00:09.521 DEBUG :server:resolveDependenciesJvm DependencyFileImpl        Downloaded https://repo1.maven.org/maven2/it/krzeminski/snakeyaml-engine-kmp-jvm/3.1.1/snakeyaml-engine-kmp-jvm-3.1.1.jar for the dependency it.krzeminski:snakeyaml-engine-kmp-jvm:3.1.1
00:09.531 DEBUG :server:resolveDependenciesJvm DependencyFileImpl        Downloaded https://repo1.maven.org/maven2/io/ktor/ktor-server-core-jvm/3.2.3/ktor-server-core-jvm-3.2.3.jar for the dependency io.ktor:ktor-server-core-jvm:3.2.3
00:09.545 DEBUG :server:resolveDependenciesJvm DependencyFileImpl        Downloaded https://repo1.maven.org/maven2/io/ktor/ktor-events-jvm/3.2.3/ktor-events-jvm-3.2.3.jar for the dependency io.ktor:ktor-events-jvm:3.2.3
00:09.566 DEBUG :server:resolveDependenciesJvm DependencyFileImpl        Downloaded https://repo1.maven.org/maven2/ch/qos/logback/logback-classic/1.5.22/logback-classic-1.5.22.jar.sha512 for the dependency ch.qos.logback:logback-classic:1.5.22
00:09.566 DEBUG :server:resolveDependenciesJvm DependencyFileImpl        Downloaded https://repo1.maven.org/maven2/io/netty/netty-codec-base/4.2.2.Final/netty-codec-base-4.2.2.Final.jar.sha512 for the dependency io.netty:netty-codec-base:4.2.2.Final
00:09.569 DEBUG :server:resolveDependenciesJvm DependencyFileImpl        Downloaded https://repo1.maven.org/maven2/io/netty/netty-codec-compression/4.2.2.Final/netty-codec-compression-4.2.2.Final.jar.sha512 for the dependency io.netty:netty-codec-compression:4.2.2.Final
00:09.569 DEBUG :server:resolveDependenciesJvm DependencyFileImpl        Downloaded https://repo1.maven.org/maven2/io/netty/netty-transport-native-epoll/4.2.2.Final/netty-transport-native-epoll-4.2.2.Final.jar.sha512 for the dependency io.netty:netty-transport-native-epoll:4.2.2.Final
00:09.598 DEBUG :server:resolveDependenciesJvm DependencyFileImpl        Downloaded https://repo1.maven.org/maven2/org/jetbrains/kotlinx/kotlinx-serialization-core-jvm/1.8.1/kotlinx-serialization-core-jvm-1.8.1.jar for the dependency org.jetbrains.kotlinx:kotlinx-serialization-core-jvm:1.8.1
00:09.623 DEBUG :server:resolveDependenciesJvm DependencyFileImpl        Downloaded https://repo1.maven.org/maven2/io/netty/netty-transport-native-unix-common/4.2.2.Final/netty-transport-native-unix-common-4.2.2.Final.jar.sha512 for the dependency io.netty:netty-transport-native-unix-common:4.2.2.Final
00:09.623 DEBUG :server:resolveDependenciesJvm DependencyFileImpl        Downloaded https://repo1.maven.org/maven2/io/netty/netty-transport-native-kqueue/4.2.2.Final/netty-transport-native-kqueue-4.2.2.Final.jar.sha512 for the dependency io.netty:netty-transport-native-kqueue:4.2.2.Final
00:09.623 DEBUG :server:resolveDependenciesJvm DependencyFileImpl        Downloaded https://repo1.maven.org/maven2/io/netty/netty-codec-http2/4.2.2.Final/netty-codec-http2-4.2.2.Final.jar.sha512 for the dependency io.netty:netty-codec-http2:4.2.2.Final
00:09.634 DEBUG :server:resolveDependenciesJvm DependencyFileImpl        Not found URL: https://repo1.maven.org/maven2/com/h2database/h2/2.4.240/h2-2.4.240.jar.sha512
00:09.644 DEBUG :server:resolveDependenciesJvm DependencyFileImpl        Downloaded https://repo1.maven.org/maven2/io/ktor/ktor-server-netty-jvm/3.2.3/ktor-server-netty-jvm-3.2.3.jar for the dependency io.ktor:ktor-server-netty-jvm:3.2.3
00:09.655 DEBUG :server:resolveDependenciesJvm DependencyFileImpl        Downloaded https://repo1.maven.org/maven2/ch/qos/logback/logback-core/1.5.22/logback-core-1.5.22.jar.sha512 for the dependency ch.qos.logback:logback-core:1.5.22
00:09.673 DEBUG :server:resolveDependenciesJvm DependencyFileImpl        Downloaded https://repo1.maven.org/maven2/io/netty/netty-buffer/4.2.2.Final/netty-buffer-4.2.2.Final.jar.sha512 for the dependency io.netty:netty-buffer:4.2.2.Final
00:09.676 DEBUG :server:resolveDependenciesJvm DependencyFileImpl        Not found URL: https://repo1.maven.org/maven2/io/pebbletemplates/pebble/3.2.4/pebble-3.2.4.jar.sha512
00:09.682 DEBUG :server:resolveDependenciesJvm DependencyFileImpl        Not found URL: https://repo1.maven.org/maven2/org/slf4j/slf4j-api/2.0.17/slf4j-api-2.0.17.jar.sha512
00:09.688 DEBUG :server:resolveDependenciesJvm DependencyFileImpl        Downloaded https://repo1.maven.org/maven2/io/netty/netty-resolver/4.2.2.Final/netty-resolver-4.2.2.Final.jar.sha512 for the dependency io.netty:netty-resolver:4.2.2.Final
00:09.692 DEBUG :server:resolveDependenciesJvm DependencyFileImpl        Downloaded https://repo1.maven.org/maven2/io/netty/netty-handler/4.2.2.Final/netty-handler-4.2.2.Final.jar.sha512 for the dependency io.netty:netty-handler:4.2.2.Final
00:09.719 DEBUG :server:resolveDependenciesJvm DependencyFileImpl        Downloaded https://repo1.maven.org/maven2/io/netty/netty-codec-http/4.2.2.Final/netty-codec-http-4.2.2.Final.jar.sha512 for the dependency io.netty:netty-codec-http:4.2.2.Final
00:09.728 DEBUG :server:resolveDependenciesJvm DependencyFileImpl        Downloaded https://repo1.maven.org/maven2/io/netty/netty-transport-classes-kqueue/4.2.2.Final/netty-transport-classes-kqueue-4.2.2.Final.jar.sha512 for the dependency io.netty:netty-transport-classes-kqueue:4.2.2.Final
00:09.761 DEBUG :server:resolveDependenciesJvm DependencyFileImpl        Not found URL: https://repo1.maven.org/maven2/org/eclipse/jetty/alpn/alpn-api/1.1.3.v20160715/alpn-api-1.1.3.v20160715.jar.sha512
00:09.766 DEBUG :server:resolveDependenciesJvm DependencyFileImpl        Not found URL: https://repo1.maven.org/maven2/com/typesafe/config/1.4.3/config-1.4.3.jar.sha512
00:09.775 DEBUG :server:resolveDependenciesJvm DependencyFileImpl        Downloaded https://repo1.maven.org/maven2/io/ktor/ktor-http-cio-jvm/3.2.3/ktor-http-cio-jvm-3.2.3.jar for the dependency io.ktor:ktor-http-cio-jvm:3.2.3
00:09.798 DEBUG :server:resolveDependenciesJvm DependencyFileImpl        Not found URL: https://repo1.maven.org/maven2/org/jetbrains/kotlin/kotlin-stdlib-jdk8/1.8.0/kotlin-stdlib-jdk8-1.8.0.jar.sha512
00:09.824 DEBUG :server:resolveDependenciesJvm DependencyFileImpl        Downloaded https://repo1.maven.org/maven2/io/netty/netty-codec-base/4.2.2.Final/netty-codec-base-4.2.2.Final.jar for the dependency io.netty:netty-codec-base:4.2.2.Final
00:09.847 DEBUG :server:resolveDependenciesJvm DependencyFileImpl        Downloaded https://repo1.maven.org/maven2/ch/qos/logback/logback-classic/1.5.22/logback-classic-1.5.22.jar for the dependency ch.qos.logback:logback-classic:1.5.22
00:09.873 DEBUG :server:resolveDependenciesJvm DependencyFileImpl        Downloaded https://repo1.maven.org/maven2/io/netty/netty-codec-compression/4.2.2.Final/netty-codec-compression-4.2.2.Final.jar for the dependency io.netty:netty-codec-compression:4.2.2.Final
00:09.875 DEBUG :server:resolveDependenciesJvm DependencyFileImpl        Downloaded https://repo1.maven.org/maven2/io/netty/netty-transport/4.2.2.Final/netty-transport-4.2.2.Final.jar.sha512 for the dependency io.netty:netty-transport:4.2.2.Final
00:09.887 DEBUG :server:resolveDependenciesJvm DependencyFileImpl        Downloaded https://repo1.maven.org/maven2/io/netty/netty-transport-native-epoll/4.2.2.Final/netty-transport-native-epoll-4.2.2.Final.jar for the dependency io.netty:netty-transport-native-epoll:4.2.2.Final
00:09.894 DEBUG :server:resolveDependenciesJvm DependencyFileImpl        Not found URL: https://repo1.maven.org/maven2/org/jetbrains/kotlin/kotlin-stdlib-jdk7/1.8.0/kotlin-stdlib-jdk7-1.8.0.jar.sha512
00:09.898 DEBUG :server:resolveDependenciesJvm DependencyFileImpl        Not found URL: https://repo1.maven.org/maven2/org/jetbrains/kotlin/kotlin-reflect/2.1.21/kotlin-reflect-2.1.21.jar.sha512
00:09.911 DEBUG :server:resolveDependenciesJvm DependencyFileImpl        Downloaded https://repo1.maven.org/maven2/io/netty/netty-transport-native-kqueue/4.2.2.Final/netty-transport-native-kqueue-4.2.2.Final.jar for the dependency io.netty:netty-transport-native-kqueue:4.2.2.Final
00:09.911 DEBUG :server:resolveDependenciesJvm DependencyFileImpl        Downloaded https://repo1.maven.org/maven2/com/charleskorn/kaml/kaml-jvm/0.77.1/kaml-jvm-0.77.1.jar for the dependency com.charleskorn.kaml:kaml-jvm:0.77.1
00:09.940 DEBUG :server:resolveDependenciesJvm DependencyFileImpl        Downloaded https://repo1.maven.org/maven2/io/netty/netty-codec-http2/4.2.2.Final/netty-codec-http2-4.2.2.Final.jar for the dependency io.netty:netty-codec-http2:4.2.2.Final
00:09.940 DEBUG :server:resolveDependenciesJvm DependencyFileImpl        Downloaded https://repo1.maven.org/maven2/io/netty/netty-transport-native-unix-common/4.2.2.Final/netty-transport-native-unix-common-4.2.2.Final.jar for the dependency io.netty:netty-transport-native-unix-common:4.2.2.Final
00:09.993 DEBUG :server:resolveDependenciesJvm DependencyFileImpl        Not found URL: https://repo1.maven.org/maven2/org/fusesource/jansi/jansi/2.4.2/jansi-2.4.2.jar.sha512
00:09.994 DEBUG :server:resolveDependenciesJvm DependencyFileImpl        Not found URL: https://repo1.maven.org/maven2/org/unbescape/unbescape/1.1.6.RELEASE/unbescape-1.1.6.RELEASE.jar.sha512
00:10.063 DEBUG :server:resolveDependenciesJvm DependencyFileImpl        Downloaded https://repo1.maven.org/maven2/io/netty/netty-transport-classes-epoll/4.2.2.Final/netty-transport-classes-epoll-4.2.2.Final.jar.sha512 for the dependency io.netty:netty-transport-classes-epoll:4.2.2.Final
00:10.066 DEBUG :server:resolveDependenciesJvm DependencyFileImpl        Not found URL: https://maven.google.com/com/h2database/h2/2.4.240/h2-2.4.240.jar.sha512
00:10.070 DEBUG :server:resolveDependenciesJvm DependencyFileImpl        Downloaded https://repo1.maven.org/maven2/ch/qos/logback/logback-core/1.5.22/logback-core-1.5.22.jar for the dependency ch.qos.logback:logback-core:1.5.22
00:10.070 DEBUG :server:resolveDependenciesJvm DependencyFileImpl        Downloaded https://repo1.maven.org/maven2/io/netty/netty-resolver/4.2.2.Final/netty-resolver-4.2.2.Final.jar for the dependency io.netty:netty-resolver:4.2.2.Final
00:10.070 DEBUG :server:resolveDependenciesJvm DependencyFileImpl        Downloaded https://repo1.maven.org/maven2/io/ktor/ktor-io-jvm/3.2.3/ktor-io-jvm-3.2.3.jar for the dependency io.ktor:ktor-io-jvm:3.2.3
00:10.071 DEBUG :server:resolveDependenciesJvm DependencyFileImpl        Downloaded https://repo1.maven.org/maven2/io/netty/netty-buffer/4.2.2.Final/netty-buffer-4.2.2.Final.jar for the dependency io.netty:netty-buffer:4.2.2.Final
00:10.142 DEBUG :server:resolveDependenciesJvm DependencyFileImpl        Not found URL: https://maven.google.com/io/pebbletemplates/pebble/3.2.4/pebble-3.2.4.jar.sha512
00:10.154 DEBUG :server:resolveDependenciesJvm DependencyFileImpl        Not found URL: https://maven.google.com/org/slf4j/slf4j-api/2.0.17/slf4j-api-2.0.17.jar.sha512
00:10.155 DEBUG :server:resolveDependenciesJvm DependencyFileImpl        Downloaded https://repo1.maven.org/maven2/io/netty/netty-handler/4.2.2.Final/netty-handler-4.2.2.Final.jar for the dependency io.netty:netty-handler:4.2.2.Final
00:10.176 DEBUG :server:resolveDependenciesJvm DependencyFileImpl        Downloaded https://repo1.maven.org/maven2/io/netty/netty-transport-classes-kqueue/4.2.2.Final/netty-transport-classes-kqueue-4.2.2.Final.jar for the dependency io.netty:netty-transport-classes-kqueue:4.2.2.Final
00:10.205 DEBUG :server:resolveDependenciesJvm DependencyFileImpl        Downloaded https://repo1.maven.org/maven2/io/netty/netty-codec-http/4.2.2.Final/netty-codec-http-4.2.2.Final.jar for the dependency io.netty:netty-codec-http:4.2.2.Final
00:10.205 DEBUG :server:resolveDependenciesJvm DependencyFileImpl        Downloaded https://repo1.maven.org/maven2/io/netty/netty-common/4.2.2.Final/netty-common-4.2.2.Final.jar.sha512 for the dependency io.netty:netty-common:4.2.2.Final
00:10.239 DEBUG :server:resolveDependenciesJvm DependencyFileImpl        Downloaded https://repo1.maven.org/maven2/io/netty/netty-transport/4.2.2.Final/netty-transport-4.2.2.Final.jar for the dependency io.netty:netty-transport:4.2.2.Final
00:10.261 DEBUG :server:resolveDependenciesJvm DependencyFileImpl        Not found URL: https://maven.google.com/com/typesafe/config/1.4.3/config-1.4.3.jar.sha512
00:10.279 DEBUG :server:resolveDependenciesJvm DependencyFileImpl        Not found URL: https://maven.google.com/org/eclipse/jetty/alpn/alpn-api/1.1.3.v20160715/alpn-api-1.1.3.v20160715.jar.sha512
00:10.279 DEBUG :server:resolveDependenciesJvm DependencyFileImpl        Downloaded https://repo1.maven.org/maven2/io/netty/netty-transport-classes-epoll/4.2.2.Final/netty-transport-classes-epoll-4.2.2.Final.jar for the dependency io.netty:netty-transport-classes-epoll:4.2.2.Final
00:10.286 DEBUG :server:resolveDependenciesJvm DependencyFileImpl        Not found URL: https://maven.pkg.jetbrains.space/public/p/compose/dev/com/h2database/h2/2.4.240/h2-2.4.240.jar.sha512
00:10.290 DEBUG :server:resolveDependenciesJvm DependencyFileImpl        Not found URL: https://maven.google.com/org/jetbrains/kotlin/kotlin-stdlib-jdk8/1.8.0/kotlin-stdlib-jdk8-1.8.0.jar.sha512
00:10.306 DEBUG :server:resolveDependenciesJvm DependencyFileImpl        Not found URL: https://maven.pkg.jetbrains.space/public/p/compose/dev/io/pebbletemplates/pebble/3.2.4/pebble-3.2.4.jar.sha512
00:10.317 DEBUG :server:resolveDependenciesJvm DependencyFileImpl        Not found URL: https://maven.google.com/org/jetbrains/kotlin/kotlin-stdlib-jdk7/1.8.0/kotlin-stdlib-jdk7-1.8.0.jar.sha512
00:10.324 DEBUG :server:resolveDependenciesJvm DependencyFileImpl        Not found URL: https://maven.pkg.jetbrains.space/public/p/compose/dev/org/slf4j/slf4j-api/2.0.17/slf4j-api-2.0.17.jar.sha512
00:10.324 DEBUG :server:resolveDependenciesJvm DependencyFileImpl        Not found URL: https://maven.google.com/org/jetbrains/kotlin/kotlin-reflect/2.1.21/kotlin-reflect-2.1.21.jar.sha512
00:10.336 DEBUG :server:resolveDependenciesJvm DependencyFileImpl        Not found URL: https://maven.google.com/org/unbescape/unbescape/1.1.6.RELEASE/unbescape-1.1.6.RELEASE.jar.sha512
00:10.371 DEBUG :server:resolveDependenciesJvm DependencyFileImpl        Downloaded https://repo1.maven.org/maven2/io/netty/netty-common/4.2.2.Final/netty-common-4.2.2.Final.jar for the dependency io.netty:netty-common:4.2.2.Final
00:10.372 DEBUG :server:resolveDependenciesJvm DependencyFileImpl        Not found URL: https://maven.google.com/org/fusesource/jansi/jansi/2.4.2/jansi-2.4.2.jar.sha512
00:10.372 DEBUG :server:resolveDependenciesJvm DependencyFileImpl        Not found URL: https://maven.pkg.jetbrains.space/public/p/compose/dev/com/typesafe/config/1.4.3/config-1.4.3.jar.sha512
00:10.374 DEBUG :server:resolveDependenciesJvm DependencyFileImpl        Not found URL: https://maven.pkg.jetbrains.space/public/p/compose/dev/org/eclipse/jetty/alpn/alpn-api/1.1.3.v20160715/alpn-api-1.1.3.v20160715.jar.sha512
00:10.385 DEBUG :server:resolveDependenciesJvm DependencyFileImpl        Not found URL: https://maven.pkg.jetbrains.space/public/p/compose/dev/org/jetbrains/kotlin/kotlin-stdlib-jdk8/1.8.0/kotlin-stdlib-jdk8-1.8.0.jar.sha512
00:10.385 DEBUG :server:resolveDependenciesJvm DependencyFileImpl        Not found URL: https://repo1.maven.org/maven2/org/slf4j/slf4j-api/2.0.17/slf4j-api-2.0.17.jar.sha256
00:10.390 DEBUG :server:resolveDependenciesJvm DependencyFileImpl        Not found URL: https://maven.pkg.jetbrains.space/public/p/compose/dev/org/jetbrains/kotlin/kotlin-stdlib-jdk7/1.8.0/kotlin-stdlib-jdk7-1.8.0.jar.sha512
00:10.394 DEBUG :server:resolveDependenciesJvm DependencyFileImpl        Not found URL: https://maven.pkg.jetbrains.space/public/p/compose/dev/org/jetbrains/kotlin/kotlin-reflect/2.1.21/kotlin-reflect-2.1.21.jar.sha512
00:10.414 DEBUG :server:resolveDependenciesJvm DependencyFileImpl        Not found URL: https://maven.pkg.jetbrains.space/public/p/compose/dev/org/fusesource/jansi/jansi/2.4.2/jansi-2.4.2.jar.sha512
00:10.415 DEBUG :server:resolveDependenciesJvm DependencyFileImpl        Not found URL: https://maven.pkg.jetbrains.space/public/p/compose/dev/org/unbescape/unbescape/1.1.6.RELEASE/unbescape-1.1.6.RELEASE.jar.sha512
00:10.422 DEBUG :server:resolveDependenciesJvm DependencyFileImpl        Not found URL: https://repo1.maven.org/maven2/org/jetbrains/kotlin/kotlin-reflect/2.1.21/kotlin-reflect-2.1.21.jar.sha256
00:10.467 DEBUG :server:resolveDependenciesJvm DependencyFileImpl        Not found URL: https://maven.google.com/org/slf4j/slf4j-api/2.0.17/slf4j-api-2.0.17.jar.sha256
00:10.520 DEBUG :server:resolveDependenciesJvm DependencyFileImpl        Not found URL: https://maven.pkg.jetbrains.space/public/p/compose/dev/org/slf4j/slf4j-api/2.0.17/slf4j-api-2.0.17.jar.sha256
00:10.527 DEBUG :server:resolveDependenciesJvm DependencyFileImpl        Not found URL: https://maven.google.com/org/jetbrains/kotlin/kotlin-reflect/2.1.21/kotlin-reflect-2.1.21.jar.sha256
00:10.545 DEBUG :server:resolveDependenciesJvm DependencyFileImpl        Not found URL: https://repo1.maven.org/maven2/io/pebbletemplates/pebble/3.2.4/pebble-3.2.4.jar.sha256
00:10.545 DEBUG :server:resolveDependenciesJvm DependencyFileImpl        Not found URL: https://repo1.maven.org/maven2/com/h2database/h2/2.4.240/h2-2.4.240.jar.sha256
00:10.574 DEBUG :server:resolveDependenciesJvm DependencyFileImpl        Downloaded https://repo1.maven.org/maven2/org/slf4j/slf4j-api/2.0.17/slf4j-api-2.0.17.jar.sha1 for the dependency org.slf4j:slf4j-api:2.0.17
00:10.585 DEBUG :server:resolveDependenciesJvm DependencyFileImpl        Not found URL: https://maven.pkg.jetbrains.space/public/p/compose/dev/org/jetbrains/kotlin/kotlin-reflect/2.1.21/kotlin-reflect-2.1.21.jar.sha256
00:10.603 DEBUG :server:resolveDependenciesJvm DependencyFileImpl        Not found URL: https://repo1.maven.org/maven2/org/jetbrains/kotlin/kotlin-stdlib-jdk8/1.8.0/kotlin-stdlib-jdk8-1.8.0.jar.sha256
00:10.603 DEBUG :server:resolveDependenciesJvm DependencyFileImpl        Not found URL: https://repo1.maven.org/maven2/org/jetbrains/kotlin/kotlin-stdlib-jdk7/1.8.0/kotlin-stdlib-jdk7-1.8.0.jar.sha256
00:10.605 DEBUG :server:resolveDependenciesJvm DependencyFileImpl        Not found URL: https://repo1.maven.org/maven2/org/eclipse/jetty/alpn/alpn-api/1.1.3.v20160715/alpn-api-1.1.3.v20160715.jar.sha256
00:10.616 DEBUG :server:resolveDependenciesJvm DependencyFileImpl        Downloaded https://repo1.maven.org/maven2/org/slf4j/slf4j-api/2.0.17/slf4j-api-2.0.17.jar for the dependency org.slf4j:slf4j-api:2.0.17
00:10.624 DEBUG :server:resolveDependenciesJvm DependencyFileImpl        Not found URL: https://repo1.maven.org/maven2/com/typesafe/config/1.4.3/config-1.4.3.jar.sha256
00:10.624 DEBUG :server:resolveDependenciesJvm DependencyFileImpl        Downloaded https://repo1.maven.org/maven2/org/jetbrains/kotlin/kotlin-reflect/2.1.21/kotlin-reflect-2.1.21.jar.sha1 for the dependency org.jetbrains.kotlin:kotlin-reflect:2.1.21
00:10.649 DEBUG :server:resolveDependenciesJvm DependencyFileImpl        Not found URL: https://maven.google.com/io/pebbletemplates/pebble/3.2.4/pebble-3.2.4.jar.sha256
00:10.649 DEBUG :server:resolveDependenciesJvm DependencyFileImpl        Not found URL: https://repo1.maven.org/maven2/org/fusesource/jansi/jansi/2.4.2/jansi-2.4.2.jar.sha256
00:10.651 DEBUG :server:resolveDependenciesJvm DependencyFileImpl        Not found URL: https://repo1.maven.org/maven2/org/unbescape/unbescape/1.1.6.RELEASE/unbescape-1.1.6.RELEASE.jar.sha256
00:10.662 DEBUG :server:resolveDependenciesJvm DependencyFileImpl        Not found URL: https://maven.google.com/com/h2database/h2/2.4.240/h2-2.4.240.jar.sha256
00:10.772 DEBUG :server:resolveDependenciesJvm DependencyFileImpl        Not found URL: https://maven.pkg.jetbrains.space/public/p/compose/dev/io/pebbletemplates/pebble/3.2.4/pebble-3.2.4.jar.sha256
00:10.783 DEBUG :server:resolveDependenciesJvm DependencyFileImpl        Not found URL: https://maven.pkg.jetbrains.space/public/p/compose/dev/com/h2database/h2/2.4.240/h2-2.4.240.jar.sha256
00:10.800 DEBUG :server:resolveDependenciesJvm DependencyFileImpl        Not found URL: https://maven.google.com/org/jetbrains/kotlin/kotlin-stdlib-jdk7/1.8.0/kotlin-stdlib-jdk7-1.8.0.jar.sha256
00:10.801 DEBUG :server:resolveDependenciesJvm DependencyFileImpl        Not found URL: https://maven.google.com/org/eclipse/jetty/alpn/alpn-api/1.1.3.v20160715/alpn-api-1.1.3.v20160715.jar.sha256
00:10.801 DEBUG :server:resolveDependenciesJvm DependencyFileImpl        Not found URL: https://maven.google.com/com/typesafe/config/1.4.3/config-1.4.3.jar.sha256
00:10.815 DEBUG :server:resolveDependenciesJvm DependencyFileImpl        Not found URL: https://maven.google.com/org/jetbrains/kotlin/kotlin-stdlib-jdk8/1.8.0/kotlin-stdlib-jdk8-1.8.0.jar.sha256
00:10.888 DEBUG :server:resolveDependenciesJvm DependencyFileImpl        Not found URL: https://maven.google.com/org/fusesource/jansi/jansi/2.4.2/jansi-2.4.2.jar.sha256
00:10.889 DEBUG :server:resolveDependenciesJvm DependencyFileImpl        Downloaded https://repo1.maven.org/maven2/io/pebbletemplates/pebble/3.2.4/pebble-3.2.4.jar.sha1 for the dependency io.pebbletemplates:pebble:3.2.4
00:10.896 DEBUG :server:resolveDependenciesJvm DependencyFileImpl        Not found URL: https://maven.google.com/org/unbescape/unbescape/1.1.6.RELEASE/unbescape-1.1.6.RELEASE.jar.sha256
00:10.897 DEBUG :server:resolveDependenciesJvm DependencyFileImpl        Downloaded https://repo1.maven.org/maven2/com/h2database/h2/2.4.240/h2-2.4.240.jar.sha1 for the dependency com.h2database:h2:2.4.240
00:10.926 DEBUG :server:resolveDependenciesJvm DependencyFileImpl        Not found URL: https://maven.pkg.jetbrains.space/public/p/compose/dev/org/eclipse/jetty/alpn/alpn-api/1.1.3.v20160715/alpn-api-1.1.3.v20160715.jar.sha256
00:10.926 DEBUG :server:resolveDependenciesJvm DependencyFileImpl        Not found URL: https://maven.pkg.jetbrains.space/public/p/compose/dev/org/jetbrains/kotlin/kotlin-stdlib-jdk8/1.8.0/kotlin-stdlib-jdk8-1.8.0.jar.sha256
00:10.931 DEBUG :server:resolveDependenciesJvm DependencyFileImpl        Not found URL: https://maven.pkg.jetbrains.space/public/p/compose/dev/com/typesafe/config/1.4.3/config-1.4.3.jar.sha256
00:10.964 DEBUG :server:resolveDependenciesJvm DependencyFileImpl        Not found URL: https://maven.pkg.jetbrains.space/public/p/compose/dev/org/jetbrains/kotlin/kotlin-stdlib-jdk7/1.8.0/kotlin-stdlib-jdk7-1.8.0.jar.sha256
00:10.966 DEBUG :server:resolveDependenciesJvm DependencyFileImpl        Downloaded https://repo1.maven.org/maven2/org/jetbrains/kotlin/kotlin-reflect/2.1.21/kotlin-reflect-2.1.21.jar for the dependency org.jetbrains.kotlin:kotlin-reflect:2.1.21
00:10.992 DEBUG :server:resolveDependenciesJvm DependencyFileImpl        Downloaded https://repo1.maven.org/maven2/io/pebbletemplates/pebble/3.2.4/pebble-3.2.4.jar for the dependency io.pebbletemplates:pebble:3.2.4
00:11.006 DEBUG :server:resolveDependenciesJvm DependencyFileImpl        Not found URL: https://maven.pkg.jetbrains.space/public/p/compose/dev/org/fusesource/jansi/jansi/2.4.2/jansi-2.4.2.jar.sha256
00:11.010 DEBUG :server:resolveDependenciesJvm DependencyFileImpl        Not found URL: https://maven.pkg.jetbrains.space/public/p/compose/dev/org/unbescape/unbescape/1.1.6.RELEASE/unbescape-1.1.6.RELEASE.jar.sha256
00:11.036 DEBUG :server:resolveDependenciesJvm DependencyFileImpl        Downloaded https://repo1.maven.org/maven2/org/jetbrains/kotlin/kotlin-stdlib-jdk8/1.8.0/kotlin-stdlib-jdk8-1.8.0.jar.sha1 for the dependency org.jetbrains.kotlin:kotlin-stdlib-jdk8:1.8.0
00:11.036 DEBUG :server:resolveDependenciesJvm DependencyFileImpl        Downloaded https://repo1.maven.org/maven2/org/eclipse/jetty/alpn/alpn-api/1.1.3.v20160715/alpn-api-1.1.3.v20160715.jar.sha1 for the dependency org.eclipse.jetty.alpn:alpn-api:1.1.3.v20160715
00:11.036 DEBUG :server:resolveDependenciesJvm DependencyFileImpl        Downloaded https://repo1.maven.org/maven2/com/typesafe/config/1.4.3/config-1.4.3.jar.sha1 for the dependency com.typesafe:config:1.4.3
00:11.076 DEBUG :server:resolveDependenciesJvm DependencyFileImpl        Downloaded https://repo1.maven.org/maven2/org/jetbrains/kotlin/kotlin-stdlib-jdk7/1.8.0/kotlin-stdlib-jdk7-1.8.0.jar.sha1 for the dependency org.jetbrains.kotlin:kotlin-stdlib-jdk7:1.8.0
00:11.100 DEBUG :server:resolveDependenciesJvm DependencyFileImpl        Downloaded https://repo1.maven.org/maven2/org/fusesource/jansi/jansi/2.4.2/jansi-2.4.2.jar.sha1 for the dependency org.fusesource.jansi:jansi:2.4.2
00:11.118 DEBUG :server:resolveDependenciesJvm DependencyFileImpl        Downloaded https://repo1.maven.org/maven2/org/unbescape/unbescape/1.1.6.RELEASE/unbescape-1.1.6.RELEASE.jar.sha1 for the dependency org.unbescape:unbescape:1.1.6.RELEASE
00:11.147 DEBUG :server:resolveDependenciesJvm DependencyFileImpl        Downloaded https://repo1.maven.org/maven2/org/jetbrains/kotlin/kotlin-stdlib-jdk8/1.8.0/kotlin-stdlib-jdk8-1.8.0.jar for the dependency org.jetbrains.kotlin:kotlin-stdlib-jdk8:1.8.0
00:11.147 DEBUG :server:resolveDependenciesJvm DependencyFileImpl        Downloaded https://repo1.maven.org/maven2/org/eclipse/jetty/alpn/alpn-api/1.1.3.v20160715/alpn-api-1.1.3.v20160715.jar for the dependency org.eclipse.jetty.alpn:alpn-api:1.1.3.v20160715
00:11.190 DEBUG :server:resolveDependenciesJvm DependencyFileImpl        Downloaded https://repo1.maven.org/maven2/org/jetbrains/kotlin/kotlin-stdlib-jdk7/1.8.0/kotlin-stdlib-jdk7-1.8.0.jar for the dependency org.jetbrains.kotlin:kotlin-stdlib-jdk7:1.8.0
00:11.197 DEBUG :server:resolveDependenciesJvm DependencyFileImpl        Downloaded https://repo1.maven.org/maven2/com/typesafe/config/1.4.3/config-1.4.3.jar for the dependency com.typesafe:config:1.4.3
00:11.249 DEBUG :server:resolveDependenciesJvm DependencyFileImpl        Downloaded https://repo1.maven.org/maven2/org/fusesource/jansi/jansi/2.4.2/jansi-2.4.2.jar for the dependency org.fusesource.jansi:jansi:2.4.2
00:11.267 DEBUG :server:resolveDependenciesJvm DependencyFileImpl        Downloaded https://repo1.maven.org/maven2/org/unbescape/unbescape/1.1.6.RELEASE/unbescape-1.1.6.RELEASE.jar for the dependency org.unbescape:unbescape:1.1.6.RELEASE
00:11.292 DEBUG :server:resolveDependenciesJvm DependencyFileImpl        Downloaded https://repo1.maven.org/maven2/com/h2database/h2/2.4.240/h2-2.4.240.jar for the dependency com.h2database:h2:2.4.240
00:11.492 DEBUG :server:resolveDependenciesJvm IncrementalCache          [inc] finished 'Module dependencies graph,C:\Users\19866\Desktop\2850\2850-Physical-Fitness-Webapp-frontend-backend-link\server,JVM,false,ResolutionConfigPlain(scope=COMPILE, platforms=[JVM], repositories=[https://repo1.maven.org/maven2]),false,true,NETWORK' in 9.735308500s
00:11.535 DEBUG :server:resolveDependenciesJvm IncrementalCache          [inc] 'Module dependencies graph,C:\Users\19866\Desktop\2850\2850-Physical-Fitness-Webapp-frontend-backend-link\server,JVM,false,ResolutionConfigPlain(scope=COMPILE, platforms=[JVM], repositories=[https://repo1.maven.org/maven2]),false,true,NETWORK' changes: 'C:\Users\19866\AppData\Local\JetBrains\Amper\.m2.cache\org\jetbrains\exposed\exposed-core\1.0.0-rc-4\exposed-core-1.0.0-rc-4.jar' CREATED, 'C:\Users\19866\AppData\Local\JetBrains\Amper\.m2.cache\org\jetbrains\exposed\exposed-jdbc\1.0.0-rc-4\exposed-jdbc-1.0.0-rc-4.jar' CREATED, 'C:\Users\19866\AppData\Local\JetBrains\Amper\.m2.cache\org\jetbrains\exposed\exposed-dao\1.0.0-rc-4\exposed-dao-1.0.0-rc-4.jar' CREATED, 'C:\Users\19866\AppData\Local\JetBrains\Amper\.m2.cache\org\jetbrains\kotlin\kotlin-stdlib\2.2.21\kotlin-stdlib-2.2.21.jar' CREATED, 'C:\Users\19866\AppData\Local\JetBrains\Amper\.m2.cache\com\h2database\h2\2.4.240\h2-2.4.240.jar' CREATED, 'C:\Users\19866\AppData\Local\JetBrains\Amper\.m2.cache\ch\qos\logback\logback-classic\1.5.22\logback-classic-1.5.22.jar' CREATED, 'C:\Users\19866\AppData\Local\JetBrains\Amper\.m2.cache\io\ktor\ktor-server-core-jvm\3.2.3\ktor-server-core-jvm-3.2.3.jar' CREATED, 'C:\Users\19866\AppData\Local\JetBrains\Amper\.m2.cache\io\ktor\ktor-server-status-pages-jvm\3.2.3\ktor-server-status-pages-jvm-3.2.3.jar' CREATED, 'C:\Users\19866\AppData\Local\JetBrains\Amper\.m2.cache\io\ktor\ktor-server-netty-jvm\3.2.3\ktor-server-netty-jvm-3.2.3.jar' CREATED, 'C:\Users\19866\AppData\Local\JetBrains\Amper\.m2.cache\io\ktor\ktor-server-pebble-jvm\3.2.3\ktor-server-pebble-jvm-3.2.3.jar' CREATED, 'C:\Users\19866\AppData\Local\JetBrains\Amper\.m2.cache\org\jetbrains\kotlin\kotlin-reflect\2.1.21\kotlin-reflect-2.1.21.jar' CREATED, 'C:\Users\19866\AppData\Local\JetBrains\Amper\.m2.cache\org\jetbrains\kotlinx\kotlinx-datetime-jvm\0.7.1-0.6.x-compat\kotlinx-datetime-jvm-0.7.1-0.6.x-compat.jar' CREATED, 'C:\Users\19866\AppData\Local\JetBrains\Amper\.m2.cache\org\slf4j\slf4j-api\2.0.17\slf4j-api-2.0.17.jar' CREATED, 'C:\Users\19866\AppData\Local\JetBrains\Amper\.m2.cache\org\jetbrains\annotations\23.0.0\annotations-23.0.0.jar' CREATED, 'C:\Users\19866\AppData\Local\JetBrains\Amper\.m2.cache\de\mkammerer\argon2-jvm\2.11\argon2-jvm-2.11.jar' CREATED, 'C:\Users\19866\AppData\Local\JetBrains\Amper\.m2.cache\io\ktor\ktor-server-config-yaml-jvm\3.2.3\ktor-server-config-yaml-jvm-3.2.3.jar' CREATED, 'C:\Users\19866\AppData\Local\JetBrains\Amper\.m2.cache\ch\qos\logback\logback-core\1.5.22\logback-core-1.5.22.jar' CREATED, 'C:\Users\19866\AppData\Local\JetBrains\Amper\.m2.cache\com\typesafe\config\1.4.3\config-1.4.3.jar' CREATED, 'C:\Users\19866\AppData\Local\JetBrains\Amper\.m2.cache\io\netty\netty-codec-http2\4.2.2.Final\netty-codec-http2-4.2.2.Final.jar' CREATED, 'C:\Users\19866\AppData\Local\JetBrains\Amper\.m2.cache\org\eclipse\jetty\alpn\alpn-api\1.1.3.v20160715\alpn-api-1.1.3.v20160715.jar' CREATED, 'C:\Users\19866\AppData\Local\JetBrains\Amper\.m2.cache\io\netty\netty-transport-native-kqueue\4.2.2.Final\netty-transport-native-kqueue-4.2.2.Final.jar' CREATED, 'C:\Users\19866\AppData\Local\JetBrains\Amper\.m2.cache\io\netty\netty-transport-native-epoll\4.2.2.Final\netty-transport-native-epoll-4.2.2.Final.jar' CREATED, 'C:\Users\19866\AppData\Local\JetBrains\Amper\.m2.cache\io\pebbletemplates\pebble\3.2.4\pebble-3.2.4.jar' CREATED, 'C:\Users\19866\AppData\Local\JetBrains\Amper\.m2.cache\org\jetbrains\kotlinx\kotlinx-coroutines-core-jvm\1.10.2\kotlinx-coroutines-core-jvm-1.10.2.jar' CREATED, 'C:\Users\19866\AppData\Local\JetBrains\Amper\.m2.cache\de\mkammerer\argon2-jvm-nolibs\2.11\argon2-jvm-nolibs-2.11.jar' CREATED, 'C:\Users\19866\AppData\Local\JetBrains\Amper\.m2.cache\org\fusesource\jansi\jansi\2.4.2\jansi-2.4.2.jar' CREATED, 'C:\Users\19866\AppData\Local\JetBrains\Amper\.m2.cache\io\ktor\ktor-utils-jvm\3.2.3\ktor-utils-jvm-3.2.3.jar' CREATED, 'C:\Users\19866\AppData\Local\JetBrains\Amper\.m2.cache\io\ktor\ktor-http-jvm\3.2.3\ktor-http-jvm-3.2.3.jar' CREATED, 'C:\Users\19866\AppData\Local\JetBrains\Amper\.m2.cache\io\ktor\ktor-serialization-jvm\3.2.3\ktor-serialization-jvm-3.2.3.jar' CREATED, 'C:\Users\19866\AppData\Local\JetBrains\Amper\.m2.cache\io\ktor\ktor-events-jvm\3.2.3\ktor-events-jvm-3.2.3.jar' CREATED, 'C:\Users\19866\AppData\Local\JetBrains\Amper\.m2.cache\io\ktor\ktor-http-cio-jvm\3.2.3\ktor-http-cio-jvm-3.2.3.jar' CREATED, 'C:\Users\19866\AppData\Local\JetBrains\Amper\.m2.cache\io\ktor\ktor-websockets-jvm\3.2.3\ktor-websockets-jvm-3.2.3.jar' CREATED, 'C:\Users\19866\AppData\Local\JetBrains\Amper\.m2.cache\io\netty\netty-common\4.2.2.Final\netty-common-4.2.2.Final.jar' CREATED, 'C:\Users\19866\AppData\Local\JetBrains\Amper\.m2.cache\io\netty\netty-buffer\4.2.2.Final\netty-buffer-4.2.2.Final.jar' CREATED, 'C:\Users\19866\AppData\Local\JetBrains\Amper\.m2.cache\io\netty\netty-transport\4.2.2.Final\netty-transport-4.2.2.Final.jar' CREATED, 'C:\Users\19866\AppData\Local\JetBrains\Amper\.m2.cache\io\netty\netty-codec-base\4.2.2.Final\netty-codec-base-4.2.2.Final.jar' CREATED, 'C:\Users\19866\AppData\Local\JetBrains\Amper\.m2.cache\io\netty\netty-handler\4.2.2.Final\netty-handler-4.2.2.Final.jar' CREATED, 'C:\Users\19866\AppData\Local\JetBrains\Amper\.m2.cache\io\netty\netty-codec-http\4.2.2.Final\netty-codec-http-4.2.2.Final.jar' CREATED, 'C:\Users\19866\AppData\Local\JetBrains\Amper\.m2.cache\io\netty\netty-transport-native-unix-common\4.2.2.Final\netty-transport-native-unix-common-4.2.2.Final.jar' CREATED, 'C:\Users\19866\AppData\Local\JetBrains\Amper\.m2.cache\io\netty\netty-transport-classes-kqueue\4.2.2.Final\netty-transport-classes-kqueue-4.2.2.Final.jar' CREATED, 'C:\Users\19866\AppData\Local\JetBrains\Amper\.m2.cache\io\netty\netty-transport-classes-epoll\4.2.2.Final\netty-transport-classes-epoll-4.2.2.Final.jar' CREATED, 'C:\Users\19866\AppData\Local\JetBrains\Amper\.m2.cache\org\unbescape\unbescape\1.1.6.RELEASE\unbescape-1.1.6.RELEASE.jar' CREATED, 'C:\Users\19866\AppData\Local\JetBrains\Amper\.m2.cache\net\java\dev\jna\jna\5.8.0\jna-5.8.0.jar' CREATED, 'C:\Users\19866\AppData\Local\JetBrains\Amper\.m2.cache\net\mamoe\yamlkt\yamlkt-jvm\0.13.0\yamlkt-jvm-0.13.0.jar' CREATED, 'C:\Users\19866\AppData\Local\JetBrains\Amper\.m2.cache\com\charleskorn\kaml\kaml-jvm\0.77.1\kaml-jvm-0.77.1.jar' CREATED, 'C:\Users\19866\AppData\Local\JetBrains\Amper\.m2.cache\io\netty\netty-resolver\4.2.2.Final\netty-resolver-4.2.2.Final.jar' CREATED, 'C:\Users\19866\AppData\Local\JetBrains\Amper\.m2.cache\io\netty\netty-codec-compression\4.2.2.Final\netty-codec-compression-4.2.2.Final.jar' CREATED, 'C:\Users\19866\AppData\Local\JetBrains\Amper\.m2.cache\org\jetbrains\kotlin\kotlin-stdlib-jdk8\1.8.0\kotlin-stdlib-jdk8-1.8.0.jar' CREATED, 'C:\Users\19866\AppData\Local\JetBrains\Amper\.m2.cache\io\ktor\ktor-io-jvm\3.2.3\ktor-io-jvm-3.2.3.jar' CREATED, 'C:\Users\19866\AppData\Local\JetBrains\Amper\.m2.cache\org\jetbrains\kotlinx\kotlinx-serialization-core-jvm\1.8.1\kotlinx-serialization-core-jvm-1.8.1.jar' CREATED, 'C:\Users\19866\AppData\Local\JetBrains\Amper\.m2.cache\io\ktor\ktor-network-jvm\3.2.3\ktor-network-jvm-3.2.3.jar' CREATED, 'C:\Users\19866\AppData\Local\JetBrains\Amper\.m2.cache\org\jetbrains\kotlin\kotlin-stdlib-jdk7\1.8.0\kotlin-stdlib-jdk7-1.8.0.jar' CREATED, 'C:\Users\19866\AppData\Local\JetBrains\Amper\.m2.cache\it\krzeminski\snakeyaml-engine-kmp-jvm\3.1.1\snakeyaml-engine-kmp-jvm-3.1.1.jar' CREATED, 'C:\Users\19866\AppData\Local\JetBrains\Amper\.m2.cache\com\squareup\okio\okio-jvm\3.11.0\okio-jvm-3.11.0.jar' CREATED, 'C:\Users\19866\AppData\Local\JetBrains\Amper\.m2.cache\org\jetbrains\kotlinx\kotlinx-io-core-jvm\0.7.0\kotlinx-io-core-jvm-0.7.0.jar' CREATED, 'C:\Users\19866\AppData\Local\JetBrains\Amper\.m2.cache\net\thauvin\erik\urlencoder\urlencoder-lib-jvm\1.6.0\urlencoder-lib-jvm-1.6.0.jar' CREATED, 'C:\Users\19866\AppData\Local\JetBrains\Amper\.m2.cache\org\jetbrains\kotlinx\kotlinx-io-bytestring-jvm\0.7.0\kotlinx-io-bytestring-jvm-0.7.0.jar' CREATED
00:11.546 DEBUG :server:resolveDependenciesJvm IncrementalCache          [inc] finished ':server:resolveDependenciesJvm' in 9.800041100s
00:11.558 DEBUG :server:resolveDependenciesJvm IncrementalCache          [inc] ':server:resolveDependenciesJvm' changes: 'C:\Users\19866\AppData\Local\JetBrains\Amper\.m2.cache\ch\qos\logback\logback-classic\1.5.22\logback-classic-1.5.22.jar' CREATED, 'C:\Users\19866\AppData\Local\JetBrains\Amper\.m2.cache\ch\qos\logback\logback-core\1.5.22\logback-core-1.5.22.jar' CREATED, 'C:\Users\19866\AppData\Local\JetBrains\Amper\.m2.cache\com\charleskorn\kaml\kaml-jvm\0.77.1\kaml-jvm-0.77.1.jar' CREATED, 'C:\Users\19866\AppData\Local\JetBrains\Amper\.m2.cache\com\h2database\h2\2.4.240\h2-2.4.240.jar' CREATED, 'C:\Users\19866\AppData\Local\JetBrains\Amper\.m2.cache\com\squareup\okio\okio-jvm\3.11.0\okio-jvm-3.11.0.jar' CREATED, 'C:\Users\19866\AppData\Local\JetBrains\Amper\.m2.cache\com\typesafe\config\1.4.3\config-1.4.3.jar' CREATED, 'C:\Users\19866\AppData\Local\JetBrains\Amper\.m2.cache\de\mkammerer\argon2-jvm-nolibs\2.11\argon2-jvm-nolibs-2.11.jar' CREATED, 'C:\Users\19866\AppData\Local\JetBrains\Amper\.m2.cache\de\mkammerer\argon2-jvm\2.11\argon2-jvm-2.11.jar' CREATED, 'C:\Users\19866\AppData\Local\JetBrains\Amper\.m2.cache\io\ktor\ktor-events-jvm\3.2.3\ktor-events-jvm-3.2.3.jar' CREATED, 'C:\Users\19866\AppData\Local\JetBrains\Amper\.m2.cache\io\ktor\ktor-http-cio-jvm\3.2.3\ktor-http-cio-jvm-3.2.3.jar' CREATED, 'C:\Users\19866\AppData\Local\JetBrains\Amper\.m2.cache\io\ktor\ktor-http-jvm\3.2.3\ktor-http-jvm-3.2.3.jar' CREATED, 'C:\Users\19866\AppData\Local\JetBrains\Amper\.m2.cache\io\ktor\ktor-io-jvm\3.2.3\ktor-io-jvm-3.2.3.jar' CREATED, 'C:\Users\19866\AppData\Local\JetBrains\Amper\.m2.cache\io\ktor\ktor-network-jvm\3.2.3\ktor-network-jvm-3.2.3.jar' CREATED, 'C:\Users\19866\AppData\Local\JetBrains\Amper\.m2.cache\io\ktor\ktor-serialization-jvm\3.2.3\ktor-serialization-jvm-3.2.3.jar' CREATED, 'C:\Users\19866\AppData\Local\JetBrains\Amper\.m2.cache\io\ktor\ktor-server-config-yaml-jvm\3.2.3\ktor-server-config-yaml-jvm-3.2.3.jar' CREATED, 'C:\Users\19866\AppData\Local\JetBrains\Amper\.m2.cache\io\ktor\ktor-server-core-jvm\3.2.3\ktor-server-core-jvm-3.2.3.jar' CREATED, 'C:\Users\19866\AppData\Local\JetBrains\Amper\.m2.cache\io\ktor\ktor-server-netty-jvm\3.2.3\ktor-server-netty-jvm-3.2.3.jar' CREATED, 'C:\Users\19866\AppData\Local\JetBrains\Amper\.m2.cache\io\ktor\ktor-server-pebble-jvm\3.2.3\ktor-server-pebble-jvm-3.2.3.jar' CREATED, 'C:\Users\19866\AppData\Local\JetBrains\Amper\.m2.cache\io\ktor\ktor-server-status-pages-jvm\3.2.3\ktor-server-status-pages-jvm-3.2.3.jar' CREATED, 'C:\Users\19866\AppData\Local\JetBrains\Amper\.m2.cache\io\ktor\ktor-utils-jvm\3.2.3\ktor-utils-jvm-3.2.3.jar' CREATED, 'C:\Users\19866\AppData\Local\JetBrains\Amper\.m2.cache\io\ktor\ktor-websockets-jvm\3.2.3\ktor-websockets-jvm-3.2.3.jar' CREATED, 'C:\Users\19866\AppData\Local\JetBrains\Amper\.m2.cache\io\netty\netty-buffer\4.2.2.Final\netty-buffer-4.2.2.Final.jar' CREATED, 'C:\Users\19866\AppData\Local\JetBrains\Amper\.m2.cache\io\netty\netty-codec-base\4.2.2.Final\netty-codec-base-4.2.2.Final.jar' CREATED, 'C:\Users\19866\AppData\Local\JetBrains\Amper\.m2.cache\io\netty\netty-codec-compression\4.2.2.Final\netty-codec-compression-4.2.2.Final.jar' CREATED, 'C:\Users\19866\AppData\Local\JetBrains\Amper\.m2.cache\io\netty\netty-codec-http2\4.2.2.Final\netty-codec-http2-4.2.2.Final.jar' CREATED, 'C:\Users\19866\AppData\Local\JetBrains\Amper\.m2.cache\io\netty\netty-codec-http\4.2.2.Final\netty-codec-http-4.2.2.Final.jar' CREATED, 'C:\Users\19866\AppData\Local\JetBrains\Amper\.m2.cache\io\netty\netty-common\4.2.2.Final\netty-common-4.2.2.Final.jar' CREATED, 'C:\Users\19866\AppData\Local\JetBrains\Amper\.m2.cache\io\netty\netty-handler\4.2.2.Final\netty-handler-4.2.2.Final.jar' CREATED, 'C:\Users\19866\AppData\Local\JetBrains\Amper\.m2.cache\io\netty\netty-resolver\4.2.2.Final\netty-resolver-4.2.2.Final.jar' CREATED, 'C:\Users\19866\AppData\Local\JetBrains\Amper\.m2.cache\io\netty\netty-transport-classes-epoll\4.2.2.Final\netty-transport-classes-epoll-4.2.2.Final.jar' CREATED, 'C:\Users\19866\AppData\Local\JetBrains\Amper\.m2.cache\io\netty\netty-transport-classes-kqueue\4.2.2.Final\netty-transport-classes-kqueue-4.2.2.Final.jar' CREATED, 'C:\Users\19866\AppData\Local\JetBrains\Amper\.m2.cache\io\netty\netty-transport-native-epoll\4.2.2.Final\netty-transport-native-epoll-4.2.2.Final.jar' CREATED, 'C:\Users\19866\AppData\Local\JetBrains\Amper\.m2.cache\io\netty\netty-transport-native-kqueue\4.2.2.Final\netty-transport-native-kqueue-4.2.2.Final.jar' CREATED, 'C:\Users\19866\AppData\Local\JetBrains\Amper\.m2.cache\io\netty\netty-transport-native-unix-common\4.2.2.Final\netty-transport-native-unix-common-4.2.2.Final.jar' CREATED, 'C:\Users\19866\AppData\Local\JetBrains\Amper\.m2.cache\io\netty\netty-transport\4.2.2.Final\netty-transport-4.2.2.Final.jar' CREATED, 'C:\Users\19866\AppData\Local\JetBrains\Amper\.m2.cache\io\pebbletemplates\pebble\3.2.4\pebble-3.2.4.jar' CREATED, 'C:\Users\19866\AppData\Local\JetBrains\Amper\.m2.cache\it\krzeminski\snakeyaml-engine-kmp-jvm\3.1.1\snakeyaml-engine-kmp-jvm-3.1.1.jar' CREATED, 'C:\Users\19866\AppData\Local\JetBrains\Amper\.m2.cache\net\java\dev\jna\jna\5.8.0\jna-5.8.0.jar' CREATED, 'C:\Users\19866\AppData\Local\JetBrains\Amper\.m2.cache\net\mamoe\yamlkt\yamlkt-jvm\0.13.0\yamlkt-jvm-0.13.0.jar' CREATED, 'C:\Users\19866\AppData\Local\JetBrains\Amper\.m2.cache\net\thauvin\erik\urlencoder\urlencoder-lib-jvm\1.6.0\urlencoder-lib-jvm-1.6.0.jar' CREATED, 'C:\Users\19866\AppData\Local\JetBrains\Amper\.m2.cache\org\eclipse\jetty\alpn\alpn-api\1.1.3.v20160715\alpn-api-1.1.3.v20160715.jar' CREATED, 'C:\Users\19866\AppData\Local\JetBrains\Amper\.m2.cache\org\fusesource\jansi\jansi\2.4.2\jansi-2.4.2.jar' CREATED, 'C:\Users\19866\AppData\Local\JetBrains\Amper\.m2.cache\org\jetbrains\annotations\23.0.0\annotations-23.0.0.jar' CREATED, 'C:\Users\19866\AppData\Local\JetBrains\Amper\.m2.cache\org\jetbrains\exposed\exposed-core\1.0.0-rc-4\exposed-core-1.0.0-rc-4.jar' CREATED, 'C:\Users\19866\AppData\Local\JetBrains\Amper\.m2.cache\org\jetbrains\exposed\exposed-dao\1.0.0-rc-4\exposed-dao-1.0.0-rc-4.jar' CREATED, 'C:\Users\19866\AppData\Local\JetBrains\Amper\.m2.cache\org\jetbrains\exposed\exposed-jdbc\1.0.0-rc-4\exposed-jdbc-1.0.0-rc-4.jar' CREATED, 'C:\Users\19866\AppData\Local\JetBrains\Amper\.m2.cache\org\jetbrains\kotlinx\kotlinx-coroutines-core-jvm\1.10.2\kotlinx-coroutines-core-jvm-1.10.2.jar' CREATED, 'C:\Users\19866\AppData\Local\JetBrains\Amper\.m2.cache\org\jetbrains\kotlinx\kotlinx-datetime-jvm\0.7.1-0.6.x-compat\kotlinx-datetime-jvm-0.7.1-0.6.x-compat.jar' CREATED, 'C:\Users\19866\AppData\Local\JetBrains\Amper\.m2.cache\org\jetbrains\kotlinx\kotlinx-io-bytestring-jvm\0.7.0\kotlinx-io-bytestring-jvm-0.7.0.jar' CREATED, 'C:\Users\19866\AppData\Local\JetBrains\Amper\.m2.cache\org\jetbrains\kotlinx\kotlinx-io-core-jvm\0.7.0\kotlinx-io-core-jvm-0.7.0.jar' CREATED, 'C:\Users\19866\AppData\Local\JetBrains\Amper\.m2.cache\org\jetbrains\kotlinx\kotlinx-serialization-core-jvm\1.8.1\kotlinx-serialization-core-jvm-1.8.1.jar' CREATED, 'C:\Users\19866\AppData\Local\JetBrains\Amper\.m2.cache\org\jetbrains\kotlin\kotlin-reflect\2.1.21\kotlin-reflect-2.1.21.jar' CREATED, 'C:\Users\19866\AppData\Local\JetBrains\Amper\.m2.cache\org\jetbrains\kotlin\kotlin-stdlib-jdk7\1.8.0\kotlin-stdlib-jdk7-1.8.0.jar' CREATED, 'C:\Users\19866\AppData\Local\JetBrains\Amper\.m2.cache\org\jetbrains\kotlin\kotlin-stdlib-jdk8\1.8.0\kotlin-stdlib-jdk8-1.8.0.jar' CREATED, 'C:\Users\19866\AppData\Local\JetBrains\Amper\.m2.cache\org\jetbrains\kotlin\kotlin-stdlib\2.2.21\kotlin-stdlib-2.2.21.jar' CREATED, 'C:\Users\19866\AppData\Local\JetBrains\Amper\.m2.cache\org\slf4j\slf4j-api\2.0.17\slf4j-api-2.0.17.jar' CREATED, 'C:\Users\19866\AppData\Local\JetBrains\Amper\.m2.cache\org\unbescape\unbescape\1.1.6.RELEASE\unbescape-1.1.6.RELEASE.jar' CREATED
00:11.559 DEBUG :server:resolveDependenciesJvm ResolveExternalDependenciesTask resolve dependencies server -- main -- io.ktor:ktor-bom:3.2.3 io.ktor:ktor-server-core:3.2.3 io.ktor:ktor-server-netty:3.2.3 io.ktor:ktor-server-pebble:3.2.3 io.ktor:ktor-server-status-pages:3.2.3 org.jetbrains.exposed:exposed-core:1.0.0-rc-4 org.jetbrains.exposed:exposed-dao:1.0.0-rc-4 org.jetbrains.exposed:exposed-jdbc:1.0.0-rc-4 org.jetbrains.kotlin:kotlin-stdlib:2.2.21 -- resolvePlatform=JVM nativeTarget=null
wasmTarget=null
https://repo1.maven.org/maven2 https://maven.google.com https://maven.pkg.jetbrains.space/public/p/compose/dev resolved to:
  .m2.cache\org\jetbrains\exposed\exposed-core\1.0.0-rc-4\exposed-core-1.0.0-rc-4.jar
  .m2.cache\org\jetbrains\exposed\exposed-jdbc\1.0.0-rc-4\exposed-jdbc-1.0.0-rc-4.jar
  .m2.cache\org\jetbrains\exposed\exposed-dao\1.0.0-rc-4\exposed-dao-1.0.0-rc-4.jar
  .m2.cache\org\jetbrains\kotlin\kotlin-stdlib\2.2.21\kotlin-stdlib-2.2.21.jar
  .m2.cache\io\ktor\ktor-server-core-jvm\3.2.3\ktor-server-core-jvm-3.2.3.jar
  .m2.cache\io\ktor\ktor-server-status-pages-jvm\3.2.3\ktor-server-status-pages-jvm-3.2.3.jar
  .m2.cache\io\ktor\ktor-server-netty-jvm\3.2.3\ktor-server-netty-jvm-3.2.3.jar
  .m2.cache\io\ktor\ktor-server-pebble-jvm\3.2.3\ktor-server-pebble-jvm-3.2.3.jar
  .m2.cache\org\jetbrains\kotlin\kotlin-reflect\2.1.21\kotlin-reflect-2.1.21.jar
  .m2.cache\org\jetbrains\kotlinx\kotlinx-datetime-jvm\0.7.1-0.6.x-compat\kotlinx-datetime-jvm-0.7.1-0.6.x-compat.jar
  .m2.cache\org\slf4j\slf4j-api\2.0.17\slf4j-api-2.0.17.jar
  .m2.cache\org\jetbrains\annotations\23.0.0\annotations-23.0.0.jar
  .m2.cache\com\typesafe\config\1.4.3\config-1.4.3.jar
  .m2.cache\io\netty\netty-codec-http2\4.2.2.Final\netty-codec-http2-4.2.2.Final.jar
  .m2.cache\org\eclipse\jetty\alpn\alpn-api\1.1.3.v20160715\alpn-api-1.1.3.v20160715.jar
  .m2.cache\io\netty\netty-transport-native-kqueue\4.2.2.Final\netty-transport-native-kqueue-4.2.2.Final.jar
  .m2.cache\io\netty\netty-transport-native-epoll\4.2.2.Final\netty-transport-native-epoll-4.2.2.Final.jar
  .m2.cache\io\pebbletemplates\pebble\3.2.4\pebble-3.2.4.jar
  .m2.cache\org\jetbrains\kotlinx\kotlinx-coroutines-core-jvm\1.10.2\kotlinx-coroutines-core-jvm-1.10.2.jar
  .m2.cache\io\ktor\ktor-utils-jvm\3.2.3\ktor-utils-jvm-3.2.3.jar
  .m2.cache\io\ktor\ktor-http-jvm\3.2.3\ktor-http-jvm-3.2.3.jar
  .m2.cache\io\ktor\ktor-serialization-jvm\3.2.3\ktor-serialization-jvm-3.2.3.jar
  .m2.cache\io\ktor\ktor-events-jvm\3.2.3\ktor-events-jvm-3.2.3.jar
  .m2.cache\io\ktor\ktor-http-cio-jvm\3.2.3\ktor-http-cio-jvm-3.2.3.jar
  .m2.cache\io\ktor\ktor-websockets-jvm\3.2.3\ktor-websockets-jvm-3.2.3.jar
  .m2.cache\io\netty\netty-common\4.2.2.Final\netty-common-4.2.2.Final.jar
  .m2.cache\io\netty\netty-buffer\4.2.2.Final\netty-buffer-4.2.2.Final.jar
  .m2.cache\io\netty\netty-transport\4.2.2.Final\netty-transport-4.2.2.Final.jar
  .m2.cache\io\netty\netty-codec-base\4.2.2.Final\netty-codec-base-4.2.2.Final.jar
  .m2.cache\io\netty\netty-handler\4.2.2.Final\netty-handler-4.2.2.Final.jar
  .m2.cache\io\netty\netty-codec-http\4.2.2.Final\netty-codec-http-4.2.2.Final.jar
  .m2.cache\io\netty\netty-transport-native-unix-common\4.2.2.Final\netty-transport-native-unix-common-4.2.2.Final.jar
  .m2.cache\io\netty\netty-transport-classes-kqueue\4.2.2.Final\netty-transport-classes-kqueue-4.2.2.Final.jar
  .m2.cache\io\netty\netty-transport-classes-epoll\4.2.2.Final\netty-transport-classes-epoll-4.2.2.Final.jar
  .m2.cache\org\unbescape\unbescape\1.1.6.RELEASE\unbescape-1.1.6.RELEASE.jar
  .m2.cache\io\netty\netty-resolver\4.2.2.Final\netty-resolver-4.2.2.Final.jar
  .m2.cache\io\netty\netty-codec-compression\4.2.2.Final\netty-codec-compression-4.2.2.Final.jar
  .m2.cache\io\ktor\ktor-io-jvm\3.2.3\ktor-io-jvm-3.2.3.jar
  .m2.cache\org\jetbrains\kotlinx\kotlinx-serialization-core-jvm\1.8.1\kotlinx-serialization-core-jvm-1.8.1.jar
  .m2.cache\io\ktor\ktor-network-jvm\3.2.3\ktor-network-jvm-3.2.3.jar
  .m2.cache\org\jetbrains\kotlinx\kotlinx-io-core-jvm\0.7.0\kotlinx-io-core-jvm-0.7.0.jar
  .m2.cache\org\jetbrains\kotlinx\kotlinx-io-bytestring-jvm\0.7.0\kotlinx-io-bytestring-jvm-0.7.0.jar
00:17.778 DEBUG :database:compileJvm      ExtractKt                 Extracting C:\Users\19866\AppData\Local\JetBrains\Amper\download.cache\5de2c13edf-amazon-corretto-21.0.1.12.1-windows-x64-jdk.zip to C:\Users\19866\AppData\Local\JetBrains\Amper\extract.cache\5de2c13edf-amazon-corretto-21.0.1.12.1-windows-x64-jdk.zip.151e89.d
00:21.992 DEBUG :database:compileJvm      StateKt                   [inc] state file is missing or empty at 'C:\Users\19866\Desktop\2850\2850-Physical-Fitness-Webapp-frontend-backend-link\build\incremental.state\_database_compileJvm-222e93d7b1' -> cache miss
00:21.992 DEBUG :database:compileJvm      IncrementalCache          [inc] building ':database:compileJvm'
00:22.003 DEBUG :database:compileJvm      StateKt                   [inc] state file is missing or empty at 'C:\Users\19866\Desktop\2850\2850-Physical-Fitness-Webapp-frontend-backend-link\build\incremental.state\resolve-org.jetbrains.kotlin-kotlin-build-tools-im-439d3d0dbf' -> cache miss
00:22.003 DEBUG :database:compileJvm      IncrementalCache          [inc] building 'resolve-org.jetbrains.kotlin-kotlin-build-tools-impl-2.2.21'
00:22.044 DEBUG :database:compileJvm      DependencyFileImpl        Not found URL: https://repo1.maven.org/maven2/org/jetbrains/kotlin/kotlin-build-tools-impl/2.2.21/kotlin-build-tools-impl-2.2.21.pom.sha512
00:22.241 DEBUG :database:compileJvm      DependencyFileImpl        Not found URL: https://repo1.maven.org/maven2/org/jetbrains/kotlin/kotlin-build-tools-impl/2.2.21/kotlin-build-tools-impl-2.2.21.pom.sha256
00:22.264 DEBUG :database:compileJvm      DependencyFileImpl        Downloaded https://repo1.maven.org/maven2/org/jetbrains/kotlin/kotlin-build-tools-impl/2.2.21/kotlin-build-tools-impl-2.2.21.pom.sha1 for the dependency org.jetbrains.kotlin:kotlin-build-tools-impl:2.2.21
00:22.289 DEBUG :database:compileJvm      DependencyFileImpl        Downloaded https://repo1.maven.org/maven2/org/jetbrains/kotlin/kotlin-build-tools-impl/2.2.21/kotlin-build-tools-impl-2.2.21.pom for the dependency org.jetbrains.kotlin:kotlin-build-tools-impl:2.2.21
00:22.326 DEBUG :database:compileJvm      DependencyFileImpl        Not found URL: https://repo1.maven.org/maven2/org/jetbrains/kotlin/kotlin-scripting-compiler-embeddable/2.2.21/kotlin-scripting-compiler-embeddable-2.2.21.pom.sha512
00:22.328 DEBUG :database:compileJvm      DependencyFileImpl        Not found URL: https://repo1.maven.org/maven2/org/jetbrains/annotations/13.0/annotations-13.0.pom.sha512
00:22.339 DEBUG :database:compileJvm      DependencyFileImpl        Not found URL: https://repo1.maven.org/maven2/org/jetbrains/kotlin/kotlin-compiler-embeddable/2.2.21/kotlin-compiler-embeddable-2.2.21.pom.sha512
00:22.342 DEBUG :database:compileJvm      DependencyFileImpl        Not found URL: https://repo1.maven.org/maven2/org/jetbrains/kotlin/kotlin-compiler-runner/2.2.21/kotlin-compiler-runner-2.2.21.pom.sha512
00:22.361 DEBUG :database:compileJvm      DependencyFileImpl        Not found URL: https://repo1.maven.org/maven2/org/jetbrains/kotlin/kotlin-compiler-embeddable/2.2.21/kotlin-compiler-embeddable-2.2.21.pom.sha256
00:22.361 DEBUG :database:compileJvm      DependencyFileImpl        Not found URL: https://repo1.maven.org/maven2/org/jetbrains/kotlin/kotlin-scripting-compiler-impl-embeddable/2.2.21/kotlin-scripting-compiler-impl-embeddable-2.2.21.pom.sha512
00:22.363 DEBUG :database:compileJvm      DependencyFileImpl        Not found URL: https://repo1.maven.org/maven2/org/jetbrains/kotlin/kotlin-compiler-runner/2.2.21/kotlin-compiler-runner-2.2.21.pom.sha256
00:22.363 DEBUG :database:compileJvm      DependencyFileImpl        Not found URL: https://repo1.maven.org/maven2/org/jetbrains/annotations/13.0/annotations-13.0.pom.sha256
00:22.364 DEBUG :database:compileJvm      DependencyFileImpl        Not found URL: https://repo1.maven.org/maven2/org/jetbrains/kotlin/kotlin-build-tools-api/2.2.21/kotlin-build-tools-api-2.2.21.pom.sha512
00:22.374 DEBUG :database:compileJvm      DependencyFileImpl        Not found URL: https://repo1.maven.org/maven2/org/jetbrains/kotlin/kotlin-scripting-compiler-embeddable/2.2.21/kotlin-scripting-compiler-embeddable-2.2.21.pom.sha256
00:22.385 DEBUG :database:compileJvm      DependencyFileImpl        Not found URL: https://repo1.maven.org/maven2/org/jetbrains/kotlin/kotlin-scripting-compiler-impl-embeddable/2.2.21/kotlin-scripting-compiler-impl-embeddable-2.2.21.pom.sha256
00:22.387 DEBUG :database:compileJvm      DependencyFileImpl        Downloaded https://repo1.maven.org/maven2/org/jetbrains/annotations/13.0/annotations-13.0.pom.sha1 for the dependency org.jetbrains:annotations:13.0
00:22.387 DEBUG :database:compileJvm      DependencyFileImpl        Downloaded https://repo1.maven.org/maven2/org/jetbrains/kotlin/kotlin-compiler-embeddable/2.2.21/kotlin-compiler-embeddable-2.2.21.pom.sha1 for the dependency org.jetbrains.kotlin:kotlin-compiler-embeddable:2.2.21
00:22.388 DEBUG :database:compileJvm      DependencyFileImpl        Downloaded https://repo1.maven.org/maven2/org/jetbrains/kotlin/kotlin-compiler-runner/2.2.21/kotlin-compiler-runner-2.2.21.pom.sha1 for the dependency org.jetbrains.kotlin:kotlin-compiler-runner:2.2.21
00:22.396 DEBUG :database:compileJvm      DependencyFileImpl        Downloaded https://repo1.maven.org/maven2/org/jetbrains/kotlin/kotlin-scripting-compiler-embeddable/2.2.21/kotlin-scripting-compiler-embeddable-2.2.21.pom.sha1 for the dependency org.jetbrains.kotlin:kotlin-scripting-compiler-embeddable:2.2.21
00:22.400 DEBUG :database:compileJvm      DependencyFileImpl        Not found URL: https://repo1.maven.org/maven2/org/jetbrains/kotlin/kotlin-build-tools-api/2.2.21/kotlin-build-tools-api-2.2.21.pom.sha256
00:22.410 DEBUG :database:compileJvm      DependencyFileImpl        Downloaded https://repo1.maven.org/maven2/org/jetbrains/kotlin/kotlin-scripting-compiler-impl-embeddable/2.2.21/kotlin-scripting-compiler-impl-embeddable-2.2.21.pom.sha1 for the dependency org.jetbrains.kotlin:kotlin-scripting-compiler-impl-embeddable:2.2.21
00:22.413 DEBUG :database:compileJvm      DependencyFileImpl        Downloaded https://repo1.maven.org/maven2/org/jetbrains/annotations/13.0/annotations-13.0.pom for the dependency org.jetbrains:annotations:13.0
00:22.414 DEBUG :database:compileJvm      DependencyFileImpl        Downloaded https://repo1.maven.org/maven2/org/jetbrains/kotlin/kotlin-compiler-runner/2.2.21/kotlin-compiler-runner-2.2.21.pom for the dependency org.jetbrains.kotlin:kotlin-compiler-runner:2.2.21
00:22.417 DEBUG :database:compileJvm      DependencyFileImpl        Downloaded https://repo1.maven.org/maven2/org/jetbrains/kotlin/kotlin-compiler-embeddable/2.2.21/kotlin-compiler-embeddable-2.2.21.pom for the dependency org.jetbrains.kotlin:kotlin-compiler-embeddable:2.2.21
00:22.418 DEBUG :database:compileJvm      DependencyFileImpl        Downloaded https://repo1.maven.org/maven2/org/jetbrains/kotlin/kotlin-scripting-compiler-embeddable/2.2.21/kotlin-scripting-compiler-embeddable-2.2.21.pom for the dependency org.jetbrains.kotlin:kotlin-scripting-compiler-embeddable:2.2.21
00:22.421 DEBUG :database:compileJvm      DependencyFileImpl        Downloaded https://repo1.maven.org/maven2/org/jetbrains/kotlin/kotlin-build-tools-api/2.2.21/kotlin-build-tools-api-2.2.21.pom.sha1 for the dependency org.jetbrains.kotlin:kotlin-build-tools-api:2.2.21
00:22.432 DEBUG :database:compileJvm      DependencyFileImpl        Downloaded https://repo1.maven.org/maven2/org/jetbrains/kotlin/kotlin-scripting-compiler-impl-embeddable/2.2.21/kotlin-scripting-compiler-impl-embeddable-2.2.21.pom for the dependency org.jetbrains.kotlin:kotlin-scripting-compiler-impl-embeddable:2.2.21
00:22.441 DEBUG :database:compileJvm      DependencyFileImpl        Downloaded https://repo1.maven.org/maven2/org/jetbrains/kotlinx/kotlinx-coroutines-core-jvm/1.8.0/kotlinx-coroutines-core-jvm-1.8.0.pom.sha512 for the dependency org.jetbrains.kotlinx:kotlinx-coroutines-core-jvm:1.8.0
00:22.443 DEBUG :database:compileJvm      DependencyFileImpl        Downloaded https://repo1.maven.org/maven2/org/jetbrains/kotlin/kotlin-build-tools-api/2.2.21/kotlin-build-tools-api-2.2.21.pom for the dependency org.jetbrains.kotlin:kotlin-build-tools-api:2.2.21
00:22.446 DEBUG :database:compileJvm      DependencyFileImpl        Not found URL: https://repo1.maven.org/maven2/org/jetbrains/kotlin/kotlin-daemon-client/2.2.21/kotlin-daemon-client-2.2.21.pom.sha512
00:22.462 DEBUG :database:compileJvm      DependencyFileImpl        Not found URL: https://repo1.maven.org/maven2/org/jetbrains/kotlin/kotlin-reflect/1.6.10/kotlin-reflect-1.6.10.pom.sha512
00:22.462 DEBUG :database:compileJvm      DependencyFileImpl        Not found URL: https://repo1.maven.org/maven2/org/jetbrains/kotlin/kotlin-scripting-jvm/2.2.21/kotlin-scripting-jvm-2.2.21.pom.sha512
00:22.462 DEBUG :database:compileJvm      DependencyFileImpl        Not found URL: https://repo1.maven.org/maven2/org/jetbrains/kotlin/kotlin-script-runtime/2.2.21/kotlin-script-runtime-2.2.21.pom.sha512
00:22.463 DEBUG :database:compileJvm      DependencyFileImpl        Not found URL: https://repo1.maven.org/maven2/org/jetbrains/kotlin/kotlin-scripting-common/2.2.21/kotlin-scripting-common-2.2.21.pom.sha512
00:22.466 DEBUG :database:compileJvm      DependencyFileImpl        Downloaded https://repo1.maven.org/maven2/org/jetbrains/kotlinx/kotlinx-coroutines-core-jvm/1.8.0/kotlinx-coroutines-core-jvm-1.8.0.pom for the dependency org.jetbrains.kotlinx:kotlinx-coroutines-core-jvm:1.8.0
00:22.467 DEBUG :database:compileJvm      DependencyFileImpl        Not found URL: https://repo1.maven.org/maven2/org/jetbrains/kotlin/kotlin-daemon-embeddable/2.2.21/kotlin-daemon-embeddable-2.2.21.pom.sha512
00:22.478 DEBUG :database:compileJvm      DependencyFileImpl        Not found URL: https://repo1.maven.org/maven2/org/jetbrains/kotlin/kotlin-daemon-client/2.2.21/kotlin-daemon-client-2.2.21.pom.sha256
00:22.481 DEBUG :database:compileJvm      DependencyFileImpl        Not found URL: https://repo1.maven.org/maven2/org/jetbrains/kotlin/kotlin-reflect/1.6.10/kotlin-reflect-1.6.10.pom.sha256
00:22.483 DEBUG :database:compileJvm      DependencyFileImpl        Not found URL: https://repo1.maven.org/maven2/org/jetbrains/kotlin/kotlin-script-runtime/2.2.21/kotlin-script-runtime-2.2.21.pom.sha256
00:22.490 DEBUG :database:compileJvm      DependencyFileImpl        Downloaded https://repo1.maven.org/maven2/org/jetbrains/kotlinx/kotlinx-coroutines-core-jvm/1.8.0/kotlinx-coroutines-core-jvm-1.8.0.module.sha512 for the dependency org.jetbrains.kotlinx:kotlinx-coroutines-core-jvm:1.8.0
00:22.493 DEBUG :database:compileJvm      DependencyFileImpl        Not found URL: https://repo1.maven.org/maven2/org/jetbrains/kotlin/kotlin-scripting-common/2.2.21/kotlin-scripting-common-2.2.21.pom.sha256
00:22.496 DEBUG :database:compileJvm      DependencyFileImpl        Not found URL: https://repo1.maven.org/maven2/org/jetbrains/kotlin/kotlin-scripting-jvm/2.2.21/kotlin-scripting-jvm-2.2.21.pom.sha256
00:22.498 DEBUG :database:compileJvm      DependencyFileImpl        Downloaded https://repo1.maven.org/maven2/org/jetbrains/kotlin/kotlin-daemon-client/2.2.21/kotlin-daemon-client-2.2.21.pom.sha1 for the dependency org.jetbrains.kotlin:kotlin-daemon-client:2.2.21
00:22.500 DEBUG :database:compileJvm      DependencyFileImpl        Not found URL: https://repo1.maven.org/maven2/org/jetbrains/kotlin/kotlin-daemon-embeddable/2.2.21/kotlin-daemon-embeddable-2.2.21.pom.sha256
00:22.503 DEBUG :database:compileJvm      DependencyFileImpl        Downloaded https://repo1.maven.org/maven2/org/jetbrains/kotlin/kotlin-script-runtime/2.2.21/kotlin-script-runtime-2.2.21.pom.sha1 for the dependency org.jetbrains.kotlin:kotlin-script-runtime:2.2.21
00:22.507 DEBUG :database:compileJvm      DependencyFileImpl        Downloaded https://repo1.maven.org/maven2/org/jetbrains/kotlin/kotlin-reflect/1.6.10/kotlin-reflect-1.6.10.pom.sha1 for the dependency org.jetbrains.kotlin:kotlin-reflect:1.6.10
00:22.512 DEBUG :database:compileJvm      DependencyFileImpl        Downloaded https://repo1.maven.org/maven2/org/jetbrains/kotlinx/kotlinx-coroutines-core-jvm/1.8.0/kotlinx-coroutines-core-jvm-1.8.0.module for the dependency org.jetbrains.kotlinx:kotlinx-coroutines-core-jvm:1.8.0
00:22.514 DEBUG :database:compileJvm      DependencyFileImpl        Downloaded https://repo1.maven.org/maven2/org/jetbrains/kotlin/kotlin-scripting-common/2.2.21/kotlin-scripting-common-2.2.21.pom.sha1 for the dependency org.jetbrains.kotlin:kotlin-scripting-common:2.2.21
00:22.516 DEBUG :database:compileJvm      DependencyFileImpl        Downloaded https://repo1.maven.org/maven2/org/jetbrains/kotlin/kotlin-scripting-jvm/2.2.21/kotlin-scripting-jvm-2.2.21.pom.sha1 for the dependency org.jetbrains.kotlin:kotlin-scripting-jvm:2.2.21
00:22.518 DEBUG :database:compileJvm      DependencyFileImpl        Downloaded https://repo1.maven.org/maven2/org/jetbrains/kotlin/kotlin-daemon-client/2.2.21/kotlin-daemon-client-2.2.21.pom for the dependency org.jetbrains.kotlin:kotlin-daemon-client:2.2.21
00:22.519 DEBUG :database:compileJvm      DependencyFileImpl        Downloaded https://repo1.maven.org/maven2/org/jetbrains/kotlin/kotlin-daemon-embeddable/2.2.21/kotlin-daemon-embeddable-2.2.21.pom.sha1 for the dependency org.jetbrains.kotlin:kotlin-daemon-embeddable:2.2.21
00:22.523 DEBUG :database:compileJvm      DependencyFileImpl        Downloaded https://repo1.maven.org/maven2/org/jetbrains/kotlin/kotlin-script-runtime/2.2.21/kotlin-script-runtime-2.2.21.pom for the dependency org.jetbrains.kotlin:kotlin-script-runtime:2.2.21
00:22.528 DEBUG :database:compileJvm      DependencyFileImpl        Downloaded https://repo1.maven.org/maven2/org/jetbrains/kotlin/kotlin-reflect/1.6.10/kotlin-reflect-1.6.10.pom for the dependency org.jetbrains.kotlin:kotlin-reflect:1.6.10
00:22.536 DEBUG :database:compileJvm      DependencyFileImpl        Downloaded https://repo1.maven.org/maven2/org/jetbrains/kotlin/kotlin-scripting-common/2.2.21/kotlin-scripting-common-2.2.21.pom for the dependency org.jetbrains.kotlin:kotlin-scripting-common:2.2.21
00:22.539 DEBUG :database:compileJvm      DependencyFileImpl        Downloaded https://repo1.maven.org/maven2/org/jetbrains/kotlinx/kotlinx-coroutines-bom/1.8.0/kotlinx-coroutines-bom-1.8.0.pom.sha512 for the dependency org.jetbrains.kotlinx:kotlinx-coroutines-bom:1.8.0
00:22.539 DEBUG :database:compileJvm      DependencyFileImpl        Downloaded https://repo1.maven.org/maven2/org/jetbrains/kotlin/kotlin-scripting-jvm/2.2.21/kotlin-scripting-jvm-2.2.21.pom for the dependency org.jetbrains.kotlin:kotlin-scripting-jvm:2.2.21
00:22.540 DEBUG :database:compileJvm      DependencyFileImpl        Downloaded https://repo1.maven.org/maven2/org/jetbrains/kotlin/kotlin-daemon-embeddable/2.2.21/kotlin-daemon-embeddable-2.2.21.pom for the dependency org.jetbrains.kotlin:kotlin-daemon-embeddable:2.2.21
00:22.561 DEBUG :database:compileJvm      DependencyFileImpl        Downloaded https://repo1.maven.org/maven2/org/jetbrains/kotlinx/kotlinx-coroutines-bom/1.8.0/kotlinx-coroutines-bom-1.8.0.pom for the dependency org.jetbrains.kotlinx:kotlinx-coroutines-bom:1.8.0
00:22.613 DEBUG :database:compileJvm      DependencyFileImpl        Not found URL: https://repo1.maven.org/maven2/org/jetbrains/kotlin/kotlin-compiler-embeddable/2.2.21/kotlin-compiler-embeddable-2.2.21.jar.sha512
00:22.620 DEBUG :database:compileJvm      DependencyFileImpl        Not found URL: https://repo1.maven.org/maven2/org/jetbrains/kotlin/kotlin-build-tools-impl/2.2.21/kotlin-build-tools-impl-2.2.21.jar.sha512
00:22.623 DEBUG :database:compileJvm      DependencyFileImpl        Not found URL: https://repo1.maven.org/maven2/org/jetbrains/kotlin/kotlin-scripting-common/2.2.21/kotlin-scripting-common-2.2.21.jar.sha512
00:22.642 DEBUG :database:compileJvm      DependencyFileImpl        Not found URL: https://repo1.maven.org/maven2/org/jetbrains/kotlin/kotlin-scripting-jvm/2.2.21/kotlin-scripting-jvm-2.2.21.jar.sha512
00:22.642 DEBUG :database:compileJvm      DependencyFileImpl        Not found URL: https://repo1.maven.org/maven2/org/jetbrains/kotlin/kotlin-script-runtime/2.2.21/kotlin-script-runtime-2.2.21.jar.sha512
00:22.642 DEBUG :database:compileJvm      DependencyFileImpl        Not found URL: https://repo1.maven.org/maven2/org/jetbrains/kotlin/kotlin-build-tools-api/2.2.21/kotlin-build-tools-api-2.2.21.jar.sha512
00:22.642 DEBUG :database:compileJvm      DependencyFileImpl        Not found URL: https://repo1.maven.org/maven2/org/jetbrains/kotlin/kotlin-compiler-runner/2.2.21/kotlin-compiler-runner-2.2.21.jar.sha512
00:22.642 DEBUG :database:compileJvm      DependencyFileImpl        Not found URL: https://repo1.maven.org/maven2/org/jetbrains/kotlin/kotlin-daemon-embeddable/2.2.21/kotlin-daemon-embeddable-2.2.21.jar.sha512
00:22.646 DEBUG :database:compileJvm      DependencyFileImpl        Not found URL: https://repo1.maven.org/maven2/org/jetbrains/kotlin/kotlin-scripting-compiler-embeddable/2.2.21/kotlin-scripting-compiler-embeddable-2.2.21.jar.sha512
00:22.657 DEBUG :database:compileJvm      DependencyFileImpl        Not found URL: https://repo1.maven.org/maven2/org/jetbrains/kotlin/kotlin-daemon-client/2.2.21/kotlin-daemon-client-2.2.21.jar.sha512
00:22.657 DEBUG :database:compileJvm      DependencyFileImpl        Downloaded https://repo1.maven.org/maven2/org/jetbrains/kotlinx/kotlinx-coroutines-core-jvm/1.8.0/kotlinx-coroutines-core-jvm-1.8.0.jar for the dependency org.jetbrains.kotlinx:kotlinx-coroutines-core-jvm:1.8.0
00:22.661 DEBUG :database:compileJvm      DependencyFileImpl        Not found URL: https://repo1.maven.org/maven2/org/jetbrains/kotlin/kotlin-reflect/1.6.10/kotlin-reflect-1.6.10.jar.sha512
00:22.668 DEBUG :database:compileJvm      DependencyFileImpl        Not found URL: https://repo1.maven.org/maven2/org/jetbrains/kotlin/kotlin-build-tools-impl/2.2.21/kotlin-build-tools-impl-2.2.21.jar.sha256
00:22.674 DEBUG :database:compileJvm      DependencyFileImpl        Not found URL: https://repo1.maven.org/maven2/org/jetbrains/kotlin/kotlin-scripting-compiler-impl-embeddable/2.2.21/kotlin-scripting-compiler-impl-embeddable-2.2.21.jar.sha512
00:22.678 DEBUG :database:compileJvm      DependencyFileImpl        Not found URL: https://repo1.maven.org/maven2/org/jetbrains/kotlin/kotlin-daemon-embeddable/2.2.21/kotlin-daemon-embeddable-2.2.21.jar.sha256
00:22.678 DEBUG :database:compileJvm      DependencyFileImpl        Not found URL: https://repo1.maven.org/maven2/org/jetbrains/kotlin/kotlin-build-tools-api/2.2.21/kotlin-build-tools-api-2.2.21.jar.sha256
00:22.680 DEBUG :database:compileJvm      DependencyFileImpl        Not found URL: https://repo1.maven.org/maven2/org/jetbrains/kotlin/kotlin-compiler-embeddable/2.2.21/kotlin-compiler-embeddable-2.2.21.jar.sha256
00:22.680 DEBUG :database:compileJvm      DependencyFileImpl        Not found URL: https://repo1.maven.org/maven2/org/jetbrains/kotlin/kotlin-scripting-common/2.2.21/kotlin-scripting-common-2.2.21.jar.sha256
00:22.681 DEBUG :database:compileJvm      DependencyFileImpl        Not found URL: https://repo1.maven.org/maven2/org/jetbrains/kotlin/kotlin-scripting-jvm/2.2.21/kotlin-scripting-jvm-2.2.21.jar.sha256
00:22.682 DEBUG :database:compileJvm      DependencyFileImpl        Not found URL: https://repo1.maven.org/maven2/org/jetbrains/kotlin/kotlin-compiler-runner/2.2.21/kotlin-compiler-runner-2.2.21.jar.sha256
00:22.693 DEBUG :database:compileJvm      DependencyFileImpl        Not found URL: https://repo1.maven.org/maven2/org/jetbrains/kotlin/kotlin-script-runtime/2.2.21/kotlin-script-runtime-2.2.21.jar.sha256
00:22.701 DEBUG :database:compileJvm      DependencyFileImpl        Not found URL: https://repo1.maven.org/maven2/org/jetbrains/kotlin/kotlin-daemon-client/2.2.21/kotlin-daemon-client-2.2.21.jar.sha256
00:22.701 DEBUG :database:compileJvm      DependencyFileImpl        Downloaded https://repo1.maven.org/maven2/org/jetbrains/kotlin/kotlin-daemon-embeddable/2.2.21/kotlin-daemon-embeddable-2.2.21.jar.sha1 for the dependency org.jetbrains.kotlin:kotlin-daemon-embeddable:2.2.21
00:22.702 DEBUG :database:compileJvm      DependencyFileImpl        Downloaded https://repo1.maven.org/maven2/org/jetbrains/kotlin/kotlin-build-tools-impl/2.2.21/kotlin-build-tools-impl-2.2.21.jar.sha1 for the dependency org.jetbrains.kotlin:kotlin-build-tools-impl:2.2.21
00:22.703 DEBUG :database:compileJvm      DependencyFileImpl        Not found URL: https://repo1.maven.org/maven2/org/jetbrains/kotlin/kotlin-scripting-compiler-embeddable/2.2.21/kotlin-scripting-compiler-embeddable-2.2.21.jar.sha256
00:22.705 DEBUG :database:compileJvm      DependencyFileImpl        Not found URL: https://repo1.maven.org/maven2/org/jetbrains/kotlin/kotlin-reflect/1.6.10/kotlin-reflect-1.6.10.jar.sha256
00:22.705 DEBUG :database:compileJvm      DependencyFileImpl        Downloaded https://repo1.maven.org/maven2/org/jetbrains/kotlin/kotlin-build-tools-api/2.2.21/kotlin-build-tools-api-2.2.21.jar.sha1 for the dependency org.jetbrains.kotlin:kotlin-build-tools-api:2.2.21
00:22.705 DEBUG :database:compileJvm      DependencyFileImpl        Downloaded https://repo1.maven.org/maven2/org/jetbrains/kotlin/kotlin-compiler-embeddable/2.2.21/kotlin-compiler-embeddable-2.2.21.jar.sha1 for the dependency org.jetbrains.kotlin:kotlin-compiler-embeddable:2.2.21
00:22.709 DEBUG :database:compileJvm      DependencyFileImpl        Downloaded https://repo1.maven.org/maven2/org/jetbrains/kotlin/kotlin-scripting-common/2.2.21/kotlin-scripting-common-2.2.21.jar.sha1 for the dependency org.jetbrains.kotlin:kotlin-scripting-common:2.2.21
00:22.711 DEBUG :database:compileJvm      DependencyFileImpl        Not found URL: https://repo1.maven.org/maven2/org/jetbrains/kotlin/kotlin-scripting-compiler-impl-embeddable/2.2.21/kotlin-scripting-compiler-impl-embeddable-2.2.21.jar.sha256
00:22.713 DEBUG :database:compileJvm      DependencyFileImpl        Downloaded https://repo1.maven.org/maven2/org/jetbrains/kotlin/kotlin-scripting-jvm/2.2.21/kotlin-scripting-jvm-2.2.21.jar.sha1 for the dependency org.jetbrains.kotlin:kotlin-scripting-jvm:2.2.21
00:22.721 DEBUG :database:compileJvm      DependencyFileImpl        Downloaded https://repo1.maven.org/maven2/org/jetbrains/kotlin/kotlin-compiler-runner/2.2.21/kotlin-compiler-runner-2.2.21.jar.sha1 for the dependency org.jetbrains.kotlin:kotlin-compiler-runner:2.2.21
00:22.722 DEBUG :database:compileJvm      DependencyFileImpl        Downloaded https://repo1.maven.org/maven2/org/jetbrains/kotlin/kotlin-script-runtime/2.2.21/kotlin-script-runtime-2.2.21.jar.sha1 for the dependency org.jetbrains.kotlin:kotlin-script-runtime:2.2.21
00:22.723 DEBUG :database:compileJvm      DependencyFileImpl        Downloaded https://repo1.maven.org/maven2/org/jetbrains/kotlin/kotlin-daemon-client/2.2.21/kotlin-daemon-client-2.2.21.jar.sha1 for the dependency org.jetbrains.kotlin:kotlin-daemon-client:2.2.21
00:22.727 DEBUG :database:compileJvm      DependencyFileImpl        Downloaded https://repo1.maven.org/maven2/org/jetbrains/kotlin/kotlin-build-tools-impl/2.2.21/kotlin-build-tools-impl-2.2.21.jar for the dependency org.jetbrains.kotlin:kotlin-build-tools-impl:2.2.21
00:22.740 DEBUG :database:compileJvm      DependencyFileImpl        Downloaded https://repo1.maven.org/maven2/org/jetbrains/kotlin/kotlin-reflect/1.6.10/kotlin-reflect-1.6.10.jar.sha1 for the dependency org.jetbrains.kotlin:kotlin-reflect:1.6.10
00:22.740 DEBUG :database:compileJvm      DependencyFileImpl        Downloaded https://repo1.maven.org/maven2/org/jetbrains/kotlin/kotlin-scripting-compiler-embeddable/2.2.21/kotlin-scripting-compiler-embeddable-2.2.21.jar.sha1 for the dependency org.jetbrains.kotlin:kotlin-scripting-compiler-embeddable:2.2.21
00:22.740 DEBUG :database:compileJvm      DependencyFileImpl        Downloaded https://repo1.maven.org/maven2/org/jetbrains/kotlin/kotlin-daemon-embeddable/2.2.21/kotlin-daemon-embeddable-2.2.21.jar for the dependency org.jetbrains.kotlin:kotlin-daemon-embeddable:2.2.21
00:22.742 DEBUG :database:compileJvm      DependencyFileImpl        Downloaded https://repo1.maven.org/maven2/org/jetbrains/kotlin/kotlin-build-tools-api/2.2.21/kotlin-build-tools-api-2.2.21.jar for the dependency org.jetbrains.kotlin:kotlin-build-tools-api:2.2.21
00:22.759 DEBUG :database:compileJvm      DependencyFileImpl        Downloaded https://repo1.maven.org/maven2/org/jetbrains/kotlin/kotlin-scripting-common/2.2.21/kotlin-scripting-common-2.2.21.jar for the dependency org.jetbrains.kotlin:kotlin-scripting-common:2.2.21
00:22.784 DEBUG :database:compileJvm      DependencyFileImpl        Downloaded https://repo1.maven.org/maven2/org/jetbrains/kotlin/kotlin-scripting-compiler-impl-embeddable/2.2.21/kotlin-scripting-compiler-impl-embeddable-2.2.21.jar.sha1 for the dependency org.jetbrains.kotlin:kotlin-scripting-compiler-impl-embeddable:2.2.21
00:22.796 DEBUG :database:compileJvm      DependencyFileImpl        Downloaded https://repo1.maven.org/maven2/org/jetbrains/kotlin/kotlin-scripting-jvm/2.2.21/kotlin-scripting-jvm-2.2.21.jar for the dependency org.jetbrains.kotlin:kotlin-scripting-jvm:2.2.21
00:22.796 DEBUG :database:compileJvm      DependencyFileImpl        Downloaded https://repo1.maven.org/maven2/org/jetbrains/kotlin/kotlin-script-runtime/2.2.21/kotlin-script-runtime-2.2.21.jar for the dependency org.jetbrains.kotlin:kotlin-script-runtime:2.2.21
00:22.796 DEBUG :database:compileJvm      DependencyFileImpl        Downloaded https://repo1.maven.org/maven2/org/jetbrains/kotlin/kotlin-compiler-runner/2.2.21/kotlin-compiler-runner-2.2.21.jar for the dependency org.jetbrains.kotlin:kotlin-compiler-runner:2.2.21
00:22.834 DEBUG :database:compileJvm      DependencyFileImpl        Downloaded https://repo1.maven.org/maven2/org/jetbrains/kotlin/kotlin-daemon-client/2.2.21/kotlin-daemon-client-2.2.21.jar for the dependency org.jetbrains.kotlin:kotlin-daemon-client:2.2.21
00:22.890 DEBUG :database:compileJvm      DependencyFileImpl        Downloaded https://repo1.maven.org/maven2/org/jetbrains/kotlin/kotlin-scripting-compiler-impl-embeddable/2.2.21/kotlin-scripting-compiler-impl-embeddable-2.2.21.jar for the dependency org.jetbrains.kotlin:kotlin-scripting-compiler-impl-embeddable:2.2.21
00:22.890 DEBUG :database:compileJvm      DependencyFileImpl        Downloaded https://repo1.maven.org/maven2/org/jetbrains/kotlin/kotlin-scripting-compiler-embeddable/2.2.21/kotlin-scripting-compiler-embeddable-2.2.21.jar for the dependency org.jetbrains.kotlin:kotlin-scripting-compiler-embeddable:2.2.21
00:23.105 DEBUG :database:compileJvm      DependencyFileImpl        Downloaded https://repo1.maven.org/maven2/org/jetbrains/kotlin/kotlin-reflect/1.6.10/kotlin-reflect-1.6.10.jar for the dependency org.jetbrains.kotlin:kotlin-reflect:1.6.10
00:25.329 DEBUG :database:compileJvm      DependencyFileImpl        Downloaded https://repo1.maven.org/maven2/org/jetbrains/kotlin/kotlin-compiler-embeddable/2.2.21/kotlin-compiler-embeddable-2.2.21.jar for the dependency org.jetbrains.kotlin:kotlin-compiler-embeddable:2.2.21
00:25.338 DEBUG :database:compileJvm      IncrementalCache          [inc] finished 'resolve-org.jetbrains.kotlin-kotlin-build-tools-impl-2.2.21' in 3.334782500s
00:25.341 DEBUG :database:compileJvm      IncrementalCache          [inc] 'resolve-org.jetbrains.kotlin-kotlin-build-tools-impl-2.2.21' changes: 'C:\Users\19866\AppData\Local\JetBrains\Amper\.m2.cache\org\jetbrains\kotlin\kotlin-build-tools-impl\2.2.21\kotlin-build-tools-impl-2.2.21.jar' CREATED, 'C:\Users\19866\AppData\Local\JetBrains\Amper\.m2.cache\org\jetbrains\kotlin\kotlin-build-tools-api\2.2.21\kotlin-build-tools-api-2.2.21.jar' CREATED, 'C:\Users\19866\AppData\Local\JetBrains\Amper\.m2.cache\org\jetbrains\kotlin\kotlin-stdlib\2.2.21\kotlin-stdlib-2.2.21.jar' CREATED, 'C:\Users\19866\AppData\Local\JetBrains\Amper\.m2.cache\org\jetbrains\kotlin\kotlin-compiler-embeddable\2.2.21\kotlin-compiler-embeddable-2.2.21.jar' CREATED, 'C:\Users\19866\AppData\Local\JetBrains\Amper\.m2.cache\org\jetbrains\kotlin\kotlin-compiler-runner\2.2.21\kotlin-compiler-runner-2.2.21.jar' CREATED, 'C:\Users\19866\AppData\Local\JetBrains\Amper\.m2.cache\org\jetbrains\kotlin\kotlin-scripting-compiler-embeddable\2.2.21\kotlin-scripting-compiler-embeddable-2.2.21.jar' CREATED, 'C:\Users\19866\AppData\Local\JetBrains\Amper\.m2.cache\org\jetbrains\kotlin\kotlin-scripting-compiler-impl-embeddable\2.2.21\kotlin-scripting-compiler-impl-embeddable-2.2.21.jar' CREATED, 'C:\Users\19866\AppData\Local\JetBrains\Amper\.m2.cache\org\jetbrains\annotations\23.0.0\annotations-23.0.0.jar' CREATED, 'C:\Users\19866\AppData\Local\JetBrains\Amper\.m2.cache\org\jetbrains\kotlin\kotlin-script-runtime\2.2.21\kotlin-script-runtime-2.2.21.jar' CREATED, 'C:\Users\19866\AppData\Local\JetBrains\Amper\.m2.cache\org\jetbrains\kotlin\kotlin-reflect\1.6.10\kotlin-reflect-1.6.10.jar' CREATED, 'C:\Users\19866\AppData\Local\JetBrains\Amper\.m2.cache\org\jetbrains\kotlin\kotlin-daemon-embeddable\2.2.21\kotlin-daemon-embeddable-2.2.21.jar' CREATED, 'C:\Users\19866\AppData\Local\JetBrains\Amper\.m2.cache\org\jetbrains\kotlinx\kotlinx-coroutines-core-jvm\1.8.0\kotlinx-coroutines-core-jvm-1.8.0.jar' CREATED, 'C:\Users\19866\AppData\Local\JetBrains\Amper\.m2.cache\org\jetbrains\kotlin\kotlin-daemon-client\2.2.21\kotlin-daemon-client-2.2.21.jar' CREATED, 'C:\Users\19866\AppData\Local\JetBrains\Amper\.m2.cache\org\jetbrains\kotlin\kotlin-scripting-common\2.2.21\kotlin-scripting-common-2.2.21.jar' CREATED, 'C:\Users\19866\AppData\Local\JetBrains\Amper\.m2.cache\org\jetbrains\kotlin\kotlin-scripting-jvm\2.2.21\kotlin-scripting-jvm-2.2.21.jar' CREATED
00:25.380 INFO  :database:compileJvm      JvmCompileTask            Compiling module 'database' for platform 'jvm'...
00:25.383 DEBUG :database:compileJvm      KotlinBuildToolsApiKt     Compiling using the in-process strategy
00:25.497 DEBUG :database:compileJvm      KotlinBuildToolsApiKt     Using Kotlin home directory <no_path>
00:25.501 DEBUG :database:compileJvm      KotlinBuildToolsApiKt     Configuring the compilation environment
00:25.554 DEBUG :database:compileJvm      KotlinBuildToolsApiKt     Using JDK home directory C:\Users\19866\AppData\Local\JetBrains\Amper\extract.cache\5de2c13edf-amazon-corretto-21.0.1.12.1-windows-x64-jdk.zip.151e89.d
00:25.983 DEBUG :database:compileJvm      KotlinBuildToolsApiKt     Loading modules: [java.se, jdk.accessibility, jdk.attach, jdk.compiler, jdk.dynalink, jdk.httpserver, jdk.incubator.vector, jdk.jartool, jdk.javadoc, jdk.jconsole, jdk.jdi, jdk.jfr, jdk.jshell, jdk.jsobject, jdk.management, jdk.management.jfr, jdk.net, jdk.nio.mapmode, jdk.sctp, jdk.security.auth, jdk.security.jgss, jdk.unsupported, jdk.unsupported.desktop, jdk.xml.dom, java.base, java.compiler, java.datatransfer, java.desktop, java.xml, java.instrument, java.logging, java.management, java.management.rmi, java.rmi, java.naming, java.net.http, java.prefs, java.scripting, java.security.jgss, java.security.sasl, java.sql, java.transaction.xa, java.sql.rowset, java.xml.crypto, jdk.internal.jvmstat, jdk.internal.opt, jdk.zipfs, jdk.management.agent, jdk.jdwp.agent, jdk.internal.ed, jdk.internal.le]
00:28.920 DEBUG :database:compileJvm      JvmCompileTask            Kotlin compiler finalization...
00:28.921 DEBUG :database:compileJvm      IncrementalCache          [inc] finished ':database:compileJvm' in 6.929368800s
00:28.930 DEBUG :database:compileJvm      IncrementalCache          [inc] ':database:compileJvm' changes: 'C:\Users\19866\Desktop\2850\2850-Physical-Fitness-Webapp-frontend-backend-link\build\artifacts\CompiledJvmClassesArtifact\databasejvm\java-output' CREATED, 'C:\Users\19866\Desktop\2850\2850-Physical-Fitness-Webapp-frontend-backend-link\build\artifacts\CompiledJvmClassesArtifact\databasejvm\kotlin-output\com\physicalfitness\Biometrics$Companion.class' CREATED, 'C:\Users\19866\Desktop\2850\2850-Physical-Fitness-Webapp-frontend-backend-link\build\artifacts\CompiledJvmClassesArtifact\databasejvm\kotlin-output\com\physicalfitness\Biometrics.class' CREATED, 'C:\Users\19866\Desktop\2850\2850-Physical-Fitness-Webapp-frontend-backend-link\build\artifacts\CompiledJvmClassesArtifact\databasejvm\kotlin-output\com\physicalfitness\BiometricsTable.class' CREATED, 'C:\Users\19866\Desktop\2850\2850-Physical-Fitness-Webapp-frontend-backend-link\build\artifacts\CompiledJvmClassesArtifact\databasejvm\kotlin-output\com\physicalfitness\Distances$Companion.class' CREATED, 'C:\Users\19866\Desktop\2850\2850-Physical-Fitness-Webapp-frontend-backend-link\build\artifacts\CompiledJvmClassesArtifact\databasejvm\kotlin-output\com\physicalfitness\Distances.class' CREATED, 'C:\Users\19866\Desktop\2850\2850-Physical-Fitness-Webapp-frontend-backend-link\build\artifacts\CompiledJvmClassesArtifact\databasejvm\kotlin-output\com\physicalfitness\DistancesTable.class' CREATED, 'C:\Users\19866\Desktop\2850\2850-Physical-Fitness-Webapp-frontend-backend-link\build\artifacts\CompiledJvmClassesArtifact\databasejvm\kotlin-output\com\physicalfitness\Gymwork$Companion.class' CREATED, 'C:\Users\19866\Desktop\2850\2850-Physical-Fitness-Webapp-frontend-backend-link\build\artifacts\CompiledJvmClassesArtifact\databasejvm\kotlin-output\com\physicalfitness\Gymwork.class' CREATED, 'C:\Users\19866\Desktop\2850\2850-Physical-Fitness-Webapp-frontend-backend-link\build\artifacts\CompiledJvmClassesArtifact\databasejvm\kotlin-output\com\physicalfitness\GymworkTable.class' CREATED, 'C:\Users\19866\Desktop\2850\2850-Physical-Fitness-Webapp-frontend-backend-link\build\artifacts\CompiledJvmClassesArtifact\databasejvm\kotlin-output\com\physicalfitness\Login$Companion.class' CREATED, 'C:\Users\19866\Desktop\2850\2850-Physical-Fitness-Webapp-frontend-backend-link\build\artifacts\CompiledJvmClassesArtifact\databasejvm\kotlin-output\com\physicalfitness\Login.class' CREATED, 'C:\Users\19866\Desktop\2850\2850-Physical-Fitness-Webapp-frontend-backend-link\build\artifacts\CompiledJvmClassesArtifact\databasejvm\kotlin-output\com\physicalfitness\LoginTable.class' CREATED, 'C:\Users\19866\Desktop\2850\2850-Physical-Fitness-Webapp-frontend-backend-link\build\artifacts\CompiledJvmClassesArtifact\databasejvm\kotlin-output\com\physicalfitness\PasswordHash.class' CREATED, 'C:\Users\19866\Desktop\2850\2850-Physical-Fitness-Webapp-frontend-backend-link\build\artifacts\CompiledJvmClassesArtifact\databasejvm\kotlin-output\com\physicalfitness\PhysicalFitDatabase.class' CREATED, 'C:\Users\19866\Desktop\2850\2850-Physical-Fitness-Webapp-frontend-backend-link\build\artifacts\CompiledJvmClassesArtifact\databasejvm\kotlin-output\com\physicalfitness\Recommendations$Companion.class' CREATED, 'C:\Users\19866\Desktop\2850\2850-Physical-Fitness-Webapp-frontend-backend-link\build\artifacts\CompiledJvmClassesArtifact\databasejvm\kotlin-output\com\physicalfitness\Recommendations.class' CREATED, 'C:\Users\19866\Desktop\2850\2850-Physical-Fitness-Webapp-frontend-backend-link\build\artifacts\CompiledJvmClassesArtifact\databasejvm\kotlin-output\com\physicalfitness\RecommendationsTable.class' CREATED, 'C:\Users\19866\Desktop\2850\2850-Physical-Fitness-Webapp-frontend-backend-link\build\artifacts\CompiledJvmClassesArtifact\databasejvm\kotlin-output\com\physicalfitness\Sports$Companion.class' CREATED, 'C:\Users\19866\Desktop\2850\2850-Physical-Fitness-Webapp-frontend-backend-link\build\artifacts\CompiledJvmClassesArtifact\databasejvm\kotlin-output\com\physicalfitness\Sports.class' CREATED, 'C:\Users\19866\Desktop\2850\2850-Physical-Fitness-Webapp-frontend-backend-link\build\artifacts\CompiledJvmClassesArtifact\databasejvm\kotlin-output\com\physicalfitness\SportsTable.class' CREATED, 'C:\Users\19866\Desktop\2850\2850-Physical-Fitness-Webapp-frontend-backend-link\build\artifacts\CompiledJvmClassesArtifact\databasejvm\kotlin-output\com\physicalfitness\User$Companion.class' CREATED, 'C:\Users\19866\Desktop\2850\2850-Physical-Fitness-Webapp-frontend-backend-link\build\artifacts\CompiledJvmClassesArtifact\databasejvm\kotlin-output\com\physicalfitness\User.class' CREATED, 'C:\Users\19866\Desktop\2850\2850-Physical-Fitness-Webapp-frontend-backend-link\build\artifacts\CompiledJvmClassesArtifact\databasejvm\kotlin-output\com\physicalfitness\UserTable.class' CREATED, 'C:\Users\19866\Desktop\2850\2850-Physical-Fitness-Webapp-frontend-backend-link\build\artifacts\CompiledJvmClassesArtifact\databasejvm\kotlin-output\com\physicalfitness\UserTableKt.class' CREATED, 'C:\Users\19866\Desktop\2850\2850-Physical-Fitness-Webapp-frontend-backend-link\build\artifacts\CompiledJvmClassesArtifact\databasejvm\kotlin-output\com\physicalfitness\Waterwork$Companion.class' CREATED, 'C:\Users\19866\Desktop\2850\2850-Physical-Fitness-Webapp-frontend-backend-link\build\artifacts\CompiledJvmClassesArtifact\databasejvm\kotlin-output\com\physicalfitness\Waterwork.class' CREATED, 'C:\Users\19866\Desktop\2850\2850-Physical-Fitness-Webapp-frontend-backend-link\build\artifacts\CompiledJvmClassesArtifact\databasejvm\kotlin-output\com\physicalfitness\WaterworkTable.class' CREATED, 'C:\Users\19866\Desktop\2850\2850-Physical-Fitness-Webapp-frontend-backend-link\build\artifacts\CompiledJvmClassesArtifact\databasejvm\kotlin-output\META-INF\main.kotlin_module' CREATED, 'C:\Users\19866\Desktop\2850\2850-Physical-Fitness-Webapp-frontend-backend-link\build\generated\database\jvm\src\apt\java' CREATED
00:28.931 DEBUG :server:compileJvm        JvmCompileTask            compile server -- main
00:28.933 DEBUG :server:compileJvm        ExtractKt                 Skipping extract to C:\Users\19866\AppData\Local\JetBrains\Amper\extract.cache\5de2c13edf-amazon-corretto-21.0.1.12.1-windows-x64-jdk.zip.151e89.d since flag file C:\Users\19866\AppData\Local\JetBrains\Amper\extract.cache\5de2c13edf-amazon-corretto-21.0.1.12.1-windows-x64-jdk.zip.151e89.d.flag is correct
00:28.934 DEBUG :database:jarJvm          StateKt                   [inc] state file is missing or empty at 'C:\Users\19866\Desktop\2850\2850-Physical-Fitness-Webapp-frontend-backend-link\build\incremental.state\_database_jarJvm-240945cbdb' -> cache miss
00:28.934 DEBUG :database:jarJvm          IncrementalCache          [inc] building ':database:jarJvm'
00:28.935 DEBUG :server:compileJvm        StateKt                   [inc] state file is missing or empty at 'C:\Users\19866\Desktop\2850\2850-Physical-Fitness-Webapp-frontend-backend-link\build\incremental.state\_server_compileJvm-49f71830a8' -> cache miss
00:28.935 DEBUG :server:compileJvm        IncrementalCache          [inc] building ':server:compileJvm'
00:28.940 INFO  :server:compileJvm        JvmCompileTask            Compiling module 'server' for platform 'jvm'...
00:28.941 DEBUG :server:compileJvm        KotlinBuildToolsApiKt     Compiling using the in-process strategy
00:28.942 DEBUG :server:compileJvm        KotlinBuildToolsApiKt     Using Kotlin home directory <no_path>
00:28.942 DEBUG :server:compileJvm        KotlinBuildToolsApiKt     Configuring the compilation environment
00:28.942 DEBUG :server:compileJvm        KotlinBuildToolsApiKt     Using JDK home directory C:\Users\19866\AppData\Local\JetBrains\Amper\extract.cache\5de2c13edf-amazon-corretto-21.0.1.12.1-windows-x64-jdk.zip.151e89.d
00:28.986 DEBUG :database:jarJvm          IncrementalCache          [inc] finished ':database:jarJvm' in 51.961600ms
00:28.991 DEBUG :database:jarJvm          IncrementalCache          [inc] ':database:jarJvm' changes: 'C:\Users\19866\Desktop\2850\2850-Physical-Fitness-Webapp-frontend-backend-link\build\tasks\_database_jarJvm\database-jvm.jar' CREATED
00:29.059 DEBUG :server:compileJvm        KotlinBuildToolsApiKt     Loading modules: [java.se, jdk.accessibility, jdk.attach, jdk.compiler, jdk.dynalink, jdk.httpserver, jdk.incubator.vector, jdk.jartool, jdk.javadoc, jdk.jconsole, jdk.jdi, jdk.jfr, jdk.jshell, jdk.jsobject, jdk.management, jdk.management.jfr, jdk.net, jdk.nio.mapmode, jdk.sctp, jdk.security.auth, jdk.security.jgss, jdk.unsupported, jdk.unsupported.desktop, jdk.xml.dom, java.base, java.compiler, java.datatransfer, java.desktop, java.xml, java.instrument, java.logging, java.management, java.management.rmi, java.rmi, java.naming, java.net.http, java.prefs, java.scripting, java.security.jgss, java.security.sasl, java.sql, java.transaction.xa, java.sql.rowset, java.xml.crypto, jdk.internal.jvmstat, jdk.internal.opt, jdk.zipfs, jdk.management.agent, jdk.jdwp.agent, jdk.internal.ed, jdk.internal.le]
00:29.367 ERROR :server:compileJvm        KotlinBuildToolsApiKt     file:///C:/Users/19866/Desktop/2850/2850-Physical-Fitness-Webapp-frontend-backend-link/server/src/Application.kt:10:6 Function invocation 'configureTemplates()' expected.
00:29.377 ERROR :server:compileJvm        KotlinBuildToolsApiKt     file:///C:/Users/19866/Desktop/2850/2850-Physical-Fitness-Webapp-frontend-backend-link/server/src/Templates.kt:7:5 Cannot infer type for type parameter 'B'. Specify it explicitly.
00:29.378 ERROR :server:compileJvm        KotlinBuildToolsApiKt     file:///C:/Users/19866/Desktop/2850/2850-Physical-Fitness-Webapp-frontend-backend-link/server/src/Templates.kt:7:5 Cannot infer type for type parameter 'F'. Specify it explicitly.
00:29.378 ERROR :server:compileJvm        KotlinBuildToolsApiKt     file:///C:/Users/19866/Desktop/2850/2850-Physical-Fitness-Webapp-frontend-backend-link/server/src/Templates.kt:7:13 Argument type mismatch: actual type is 'String', but 'Plugin<Application, uninferred B (of fun <P : Pipeline<*, PipelineCall>, B : Any, F : Any> P.install), uninferred F (of fun <P : Pipeline<*, PipelineCall>, B : Any, F : Any> P.install)>' was expected.
00:29.379 ERROR :server:compileJvm        KotlinBuildToolsApiKt     file:///C:/Users/19866/Desktop/2850/2850-Physical-Fitness-Webapp-frontend-backend-link/server/src/Templates.kt:7:28 Cannot infer type for type parameter 'B'. Specify it explicitly.
00:29.381 DEBUG :server:compileJvm        JvmCompileTask            Kotlin compiler finalization...
